episode,year,cap,auction_volume,tnac,clearing_price,secondary_price,msr_reserve,bank_start_A1,alloc_A1,emissions_A1,trade_qty_A1,trade_cost_A1,green_frac_A1,delta_green_A1,shortfall_A1,penalty_A1,reward_A1,holdings_A1,invest_cost_A1,bid_price_A1,queue_size_A1,emission_shock_A1,cf_shock_A1,cancellation_A1,holding_cost_A1,auction_cost_A1,secondary_net_A1,compliance_surplus_A1,bank_end_A1,mac_reduction_A1,mac_cost_A1,bank_start_A2,alloc_A2,emissions_A2,trade_qty_A2,trade_cost_A2,green_frac_A2,delta_green_A2,shortfall_A2,penalty_A2,reward_A2,holdings_A2,invest_cost_A2,bid_price_A2,queue_size_A2,emission_shock_A2,cf_shock_A2,cancellation_A2,holding_cost_A2,auction_cost_A2,secondary_net_A2,compliance_surplus_A2,bank_end_A2,mac_reduction_A2,mac_cost_A2,bank_start_A3,alloc_A3,emissions_A3,trade_qty_A3,trade_cost_A3,green_frac_A3,delta_green_A3,shortfall_A3,penalty_A3,reward_A3,holdings_A3,invest_cost_A3,bid_price_A3,queue_size_A3,emission_shock_A3,cf_shock_A3,cancellation_A3,holding_cost_A3,auction_cost_A3,secondary_net_A3,compliance_surplus_A3,bank_end_A3,mac_reduction_A3,mac_cost_A3,bank_start_A4,alloc_A4,emissions_A4,trade_qty_A4,trade_cost_A4,green_frac_A4,delta_green_A4,shortfall_A4,penalty_A4,reward_A4,holdings_A4,invest_cost_A4,bid_price_A4,queue_size_A4,emission_shock_A4,cf_shock_A4,cancellation_A4,holding_cost_A4,auction_cost_A4,secondary_net_A4,compliance_surplus_A4,bank_end_A4,mac_reduction_A4,mac_cost_A4,bank_start_A5,alloc_A5,emissions_A5,trade_qty_A5,trade_cost_A5,green_frac_A5,delta_green_A5,shortfall_A5,penalty_A5,reward_A5,holdings_A5,invest_cost_A5,bid_price_A5,queue_size_A5,emission_shock_A5,cf_shock_A5,cancellation_A5,holding_cost_A5,auction_cost_A5,secondary_net_A5,compliance_surplus_A5,bank_end_A5,mac_reduction_A5,mac_cost_A5,bank_start_A6,alloc_A6,emissions_A6,trade_qty_A6,trade_cost_A6,green_frac_A6,delta_green_A6,shortfall_A6,penalty_A6,reward_A6,holdings_A6,invest_cost_A6,bid_price_A6,queue_size_A6,emission_shock_A6,cf_shock_A6,cancellation_A6,holding_cost_A6,auction_cost_A6,secondary_net_A6,compliance_surplus_A6,bank_end_A6,mac_reduction_A6,mac_cost_A6,bank_start_A7,alloc_A7,emissions_A7,trade_qty_A7,trade_cost_A7,green_frac_A7,delta_green_A7,shortfall_A7,penalty_A7,reward_A7,holdings_A7,invest_cost_A7,bid_price_A7,queue_size_A7,emission_shock_A7,cf_shock_A7,cancellation_A7,holding_cost_A7,auction_cost_A7,secondary_net_A7,compliance_surplus_A7,bank_end_A7,mac_reduction_A7,mac_cost_A7,bank_start_A8,alloc_A8,emissions_A8,trade_qty_A8,trade_cost_A8,green_frac_A8,delta_green_A8,shortfall_A8,penalty_A8,reward_A8,holdings_A8,invest_cost_A8,bid_price_A8,queue_size_A8,emission_shock_A8,cf_shock_A8,cancellation_A8,holding_cost_A8,auction_cost_A8,secondary_net_A8,compliance_surplus_A8,bank_end_A8,mac_reduction_A8,mac_cost_A8
0,0,23.5,20.621501124563526,21.59374531431864,60.0,68.44715395420187,2.878498875436473,5.448877456540751,5.1553752811408815,4.904799105176329,-0.8716174364089966,-62.88535734090692,0.24873068585798846,0.048730685857988454,0.0,0.0,-0.20611964435612073,4.8278361960963085,11.927127517974547,103.18531036376953,5,0.0,0.0,0,0.0,309.3225,62.8854,4.8278,4.8278,0.0,0.0,6.408796573098734,5.1553752811408815,5.029766390870136,-2.7046780586242676,-176.69797411850413,0.23107017318554646,0.031070173185546446,0.0,0.0,-0.6458156931536039,3.8297274047452126,482.4723477652808,60.0,4,0.0,0.0,0,0.0,309.3225,176.698,3.8297,3.8297,0.0,0.0,1.797339654071429,3.7647504988624227,3.3363529930643008,2.001619338989258,132.76841468014027,0.42274120242694885,0.022741202426948826,0.0,0.0,-0.35329579715523773,4.227356498858809,134.09469605686456,60.0,3,0.0,0.0,0,0.0614837780244537,225.885,-132.7684,4.2274,4.2274,0.0,0.0,2.8905414414594257,2.684000015258789,3.195688277450368,0.0,0.0,0.43973701340293714,0.039737013402937116,0.0,0.0,-0.19445790478269198,2.378853179267847,230.52478747646234,82.41819763183594,4,0.0,0.0,0,0.0,161.04,-0.0,2.3789,2.3789,0.0,0.0,2.1106876383947455,2.374000072479248,1.7695000000000003,2.153543472290039,153.71823537390765,0.7000000000000001,0.0,0.0,0.0,-0.29578872015069096,4.868731183164032,165.48423142075117,65.13529968261719,6,0.0,0.0,0,3.59194010766843,142.44,-153.7182,4.8687,4.8687,0.0,0.0,1.896075589366589,0.703499972820282,1.7695000000000003,-0.5788673162460327,-42.74815578335756,0.7000000000000001,0.0,0.0,0.0,0.06859543304918865,0.251208245940838,101.38841546534312,102.13636016845703,2,0.0,0.0,0,0.0,42.21,42.7482,0.2512,0.2512,0.0,0.0,0.5504283573270992,0.3215000033378601,0.5799077915624307,0.0,0.0,0.9237765177460566,0.023776517746056713,0.0,0.0,0.18685109442208267,0.2920205691025286,72.82556591883777,103.18531036376953,3,0.0,0.0,0,0.0,19.29,-0.0,0.292,0.292,0.0,0.0,0.49099860405986323,0.46299999952316284,0.6208811130798292,0.0,0.0,0.914506535502301,0.014506535502301077,0.0,0.0,0.2397299620314942,0.33311749050319694,0.0,82.79174041748047,3,0.0,0.0,0,0.0,27.78,-0.0,0.3331,0.3331,0.0,0.0
0,1,22.4895,19.751375815757093,21.008850767678773,60.0,77.03815460205078,5.6166230596793785,4.8278361960963085,2.876499891281128,4.904799105176329,0.0,0.0,0.24873068585798846,0.0,0.0,0.0,-0.9478949690074447,2.799536982201108,677.79300213451,100.5154800415039,6,0.0,0.0,0,0.0,172.59,-0.0,2.7995,2.7995,0.0,0.0,3.8297274047452126,4.937843953939273,5.029766390870136,0.0,0.0,0.23107017318554646,0.0,0.0,0.0,-0.7122045006489642,3.7378049678143492,286.33478891094046,60.0,5,0.0,0.0,0,0.0,296.2706,-0.0,3.7378,3.7378,0.0,0.0,4.227356498858809,2.8345000743865967,3.1923756872505638,0.0211637020111084,1.640994398489056,0.44139111250644836,0.01864991007949951,0.0,0.0,-0.4713229595977472,3.89064458800595,454.05586997829414,104.9106674194336,3,0.0,0.0,0,0.03571542006913366,170.07,-1.641,3.8906,3.8906,0.0,0.0,2.378853179267847,2.9570000171661377,2.957753910524235,-0.0211637020111084,-1.6198306964779476,0.4697760833172082,0.030039069914271077,0.0,0.0,-0.32163616751473345,2.3569355838986414,360.78204146565923,60.0,3,0.0,0.0,0,0.0,177.42,1.6198,2.3569,2.3569,0.0,0.0,4.868731183164032,0.6974999904632568,1.6394397859014829,0.0,0.0,0.7163261166180108,0.016326116618010755,0.0,0.0,-0.27376183082434297,3.926791387725806,439.9029432612024,94.16062927246094,5,0.0,0.0,0,1.8847732870105784,41.85,-0.0,3.9268,3.9268,0.0,0.0,0.251208245940838,1.1959999799728394,1.7695000000000003,0.0,0.0,0.7000000000000001,0.0,0.3222917740863229,32.229177408632296,-0.2869620275755414,0.0,134.7350254860339,83.20915985107422,2,0.0,0.0,0,0.0,71.76,-0.0,-0.3223,0.0,0.0,0.0,0.2920205691025286,0.49950000643730164,0.5799077915624307,0.0,0.0,0.9237765177460566,0.0,0.0,0.0,0.12510363486211962,0.21161278397739958,113.32656906226201,104.51290130615234,4,0.0,0.0,0,0.0,29.97,-0.0,0.2116,0.2116,0.0,0.0,0.33311749050319694,0.5669999718666077,0.5799962804742509,0.0,0.0,0.9230419911610859,0.008535455658784885,0.0,0.0,-0.4151989442284562,0.3201211818955537,625.7434631172844,92.91697692871094,3,0.0,0.0,0,0.0,34.02,-0.0,0.3201,0.3201,0.0,0.0
0,2,21.5224515,19.688024105875485,17.243447475518806,60.0,66.71550020547858,10.636582384047847,2.799536982201108,2.8515121798956358,4.5572481145790515,-0.865938663482666,-57.29415693852843,0.2924272146615972,0.04369652880360875,0.0,0.0,-0.3616662563777775,0.227862384035026,332.0810432473057,60.0,4,0.0,0.0,0,0.0,171.0907,57.2942,0.2279,0.2279,0.0,0.0,3.7378049678143492,4.922006026468871,4.911210369937742,1.1740937940776348,78.91730165707638,0.24573567568297677,0.014665502497430316,0.0,0.0,-0.5242770580699553,4.922694418423112,75.07988960431733,85.14092254638672,4,0.0,0.0,0,6.492691110013055e-07,295.3204,-78.9173,4.9227,4.9227,0.0,0.0,3.89064458800595,4.922006026468871,3.1923756872505638,0.0,0.0,0.44139111250644836,0.0,0.0,0.0,-0.1928122478532377,5.620274927224257,0.0,89.79236602783203,3,0.0,0.0,0,0.805147892182328,295.3204,-0.0,5.6203,5.6203,0.0,0.0,2.3569355838986414,2.6059999465942383,2.3140953264783244,0.0,0.0,0.5539669152347307,0.08419083191752252,0.0,0.0,-0.2892591174510402,2.6488402040145553,535.7793407358074,103.86486053466797,2,0.0,0.0,0,0.009208374769528281,156.36,-0.0,2.6488,2.6488,0.0,0.0,3.926791387725806,1.6820000410079956,1.5869363961977239,0.0,0.0,0.7231270738335237,0.006800957215512882,0.0,0.0,-0.45668626118414996,4.021855032536077,553.46019543376,65.3185043334961,5,0.0,0.0,0,2.3138854619777116,100.92,-0.0,4.0219,4.0219,0.0,0.0,0.0,2.1559998989105225,1.4700597581260546,-0.27403080463409424,-18.134164950823106,0.7387875960976613,0.03878759609766125,0.0,0.0,0.1440637413721768,0.0896175620640507,2.4372565991308024,82.4993667602539,1,0.0,0.0,0,0.0,129.36,18.1342,0.4119,0.0896,0.0,0.0,0.21161278397739958,0.36649999022483826,0.5180842347729199,-0.03412432596087456,-2.3148859736472076,0.9377637477889323,0.01398723004287572,0.0,0.0,-0.03018108163935384,0.025904213468443404,286.7275943314492,70.44808197021484,4,0.0,0.0,0,0.0,21.99,2.3149,0.0259,0.0259,0.0,0.0,0.3201211818955537,0.18199999630451202,0.5211389061223688,0.0,0.0,0.9363581392044978,0.013316148043411968,0.01901772792230305,1.9017727922303052,0.22331073337226498,0.0,0.0,80.56402587890625,2,0.0,0.0,0,0.0,10.92,-0.0,-0.019,0.0,0.0,0.0
0,3,20.5969860855,18.687294387476275,17.55704874176552,60.0,68.33652997583864,12.546274082071571,0.227862384035026,4.671823596869069,4.393645710797012,-0.20020294189453125,-12.653054430847988,0.3126500087014043,0.02022279403980709,0.0,0.0,-0.2774934986477057,0.3058373282125517,53.314360850740094,69.28260803222656,3,0.0,0.0,0,0.0,280.3094,12.6531,0.3058,0.3058,0.0,0.0,4.922694418423112,2.2179999351501465,4.7952449115347076,-0.3785775303840637,-25.807469251473094,0.26007009575751744,0.014334420074540666,0.0,0.0,-0.2976662350496332,1.9668719116544873,131.9046293329357,99.17169952392578,2,0.0,0.0,0,0.0,133.08,25.8075,1.9669,1.9669,0.0,0.0,5.620274927224257,4.671823596869069,3.1923756872505638,-2.1138315200805664,-144.19693045065378,0.44139111250644836,0.0,0.0,0.0,-0.5900041599584741,4.985891316762196,553.0924728237435,60.0,4,0.0,0.0,0,0.37762603324776545,280.3094,144.1969,4.9859,4.9859,0.0,0.0,2.6488402040145553,3.1594998836517334,2.3140953264783244,0.0,0.0,0.5539669152347307,0.0,0.0,0.0,-0.4057514492128188,3.4942447611879643,464.91355931333385,60.0,2,0.0,0.0,0,0.21490209199502416,189.57,-0.0,3.4942,3.4942,0.0,0.0,4.021855032536077,1.5214999914169312,1.3026430119622123,2.3843865394592285,164.8333670505143,0.7639648040811521,0.04083773024762838,0.0,0.0,-0.2951251909137562,6.625098551450025,299.07682650046297,111.64193725585938,4,0.0,0.0,0,21.979205471482487,91.29,-164.8334,6.6251,6.6251,0.0,0.0,0.0896175620640507,1.0525000095367432,1.4700597581260546,0.0,0.0,0.7387875960976613,0.0,0.32794218652526075,32.79421865252608,-0.5629309691810059,0.0,424.57646184768424,78.55319213867188,2,0.0,0.0,0,0.0,63.15,-0.0,-0.3279,0.0,0.0,0.0,0.025904213468443404,0.14900000393390656,0.45947258668190505,0.30822545289993286,20.516699074819712,0.9500000000000001,0.012236252211067722,0.0,0.0,-0.15188674150585832,0.023657083620377772,405.67956809788086,105.02130126953125,4,0.0,0.0,0,0.0,8.94,-20.5167,0.0237,0.0237,0.0,0.0,0.0,0.23800000548362732,0.5211389061223688,0.0,0.0,0.9363581392044978,0.0,0.3021566285610445,30.21566285610445,-0.703616087930564,0.0,336.9199182547957,111.64193725585938,3,0.0,0.0,0,0.0,14.28,-0.0,-0.2831,0.0,0.0,0.0
1,0,23.5,19.924442453350565,24.49815644437264,60.0,60.0,3.5755575466494336,3.1834875619815937,4.981110613337641,5.281,0.0,0.0,0.2,0.0,0.0,0.0,-0.46652299085236,2.883598175319235,0.0,86.55838012695312,4,0.0,0.0,0,0.0,298.8666,-0.0,2.8836,2.8836,0.0,0.0,8.853246729889532,4.981110613337641,5.281,0.0,0.0,0.2,0.0,0.0,0.0,-0.7763567333115862,8.553357343227173,309.03566037789386,111.39543151855469,4,0.0,0.0,0,0.7980820813321997,298.8666,-0.0,8.5534,8.5534,0.0,0.0,3.6025046022685108,4.981110613337641,3.3111480292958797,0.0,0.0,0.42544523741707285,0.02544523741707283,0.0,0.0,-0.292413883660668,5.272467186310272,145.14328566981462,120.93843841552734,7,0.0,0.0,0,0.4470671758817093,298.8666,-0.0,5.2725,5.2725,0.0,0.0,3.6068225903129423,1.2986106085692697,3.209896559865127,0.0,0.0,0.43888968240876725,0.03888968240876722,0.0,0.0,-0.26758428772346005,1.6955366390170856,385.9160319853324,60.0,5,0.0,0.0,0,0.0,77.9166,-0.0,1.6955,1.6955,0.0,0.0,1.23007906301233,1.6019999980926514,1.5864689002701677,0.0,0.0,0.7226243633782241,0.022624363378224044,0.0,0.0,-0.07748470472321882,1.2456101608348136,213.30611256215508,120.93843841552734,4,0.0,0.0,0,0.0,96.12,-0.0,1.2456,1.2456,0.0,0.0,1.7148936694047863,1.465499997138977,1.6470996190745468,0.0,0.0,0.7151298369499942,0.015129836949994147,0.0,0.0,-0.007351464105050769,1.5332940474692165,131.98526006225617,86.27410125732422,6,0.0,0.0,0,0.0,87.93,-0.0,1.5333,1.5333,0.0,0.0,1.1833016891814343,0.24549999833106995,0.685,0.0,0.0,0.8999999999999999,0.0,0.0,0.0,0.03297156312726311,0.7438016875125042,203.12914834914642,111.21160888671875,5,0.0,0.0,0,0.000739449673627999,14.73,-0.0,0.7438,0.7438,0.0,0.0,1.1238205383215094,0.3695000112056732,0.6430595901277701,0.0,0.0,0.9087558266956639,0.008755826695663993,0.0,0.0,-0.2953869890815026,0.8502609593994125,532.6606603054445,60.0,4,0.0,0.0,0,0.01894849528382833,22.17,-0.0,0.8503,0.8503,0.0,0.0
1,1,22.4895,19.326797712218468,22.777926199089713,60.0,62.92642449468701,6.7382598344309645,2.883598175319235,3.7019999027252197,5.072984462343243,0.3706412613391876,23.43061545329209,0.22615325266262015,0.02615325266262014,0.0,0.0,-0.6131441290168113,1.8832548770403994,315.15875418393426,60.0,3,0.0,0.0,0,0.0,222.12,-23.4306,1.8833,1.8833,0.0,0.0,8.553357343227173,4.831699428054617,5.281,0.0,0.0,0.2,0.0,0.0,0.0,-0.505414800138137,8.10405677128179,41.14558161773325,106.32333374023438,5,0.0,0.0,0,0.5516895817377763,289.902,-0.0,8.1041,8.1041,0.0,0.0,5.272467186310272,1.2834999561309814,2.959785925225354,0.0,0.0,0.46941939858855236,0.04397416117147951,0.0,0.0,0.16740051790006197,3.596181217215899,0.0,106.27787780761719,4,0.0,0.0,0,0.03172465797525727,77.01,-0.0,3.5962,3.5962,0.0,0.0,1.6955366390170856,1.9509999752044678,2.8886302031797904,0.0,0.0,0.47971278190909805,0.040823099500330806,0.0,0.0,-0.01008805033807221,0.757906411041763,141.36046440097817,60.34666061401367,3,0.0,0.0,0,0.0,117.06,-0.0,0.7579,0.7579,0.0,0.0,1.2456101608348136,1.1579999923706055,1.5864689002701677,1.0578863620758057,67.17578399181366,0.7226243633782241,0.0,0.0,0.0,-0.1561160654684321,1.875027615011057,220.12949966331485,82.92259979248047,5,0.0,0.0,0,0.011192011486085373,69.48,-67.1758,1.875,1.875,0.0,0.0,1.5332940474692165,2.74399995803833,1.6068912149546504,0.0,0.0,0.7203381794525716,0.005208342502577401,0.0,0.0,-0.4854306263635928,2.670402790552896,523.627677293781,60.0,5,0.0,0.0,0,0.28631614818927953,164.64,-0.0,2.6704,2.6704,0.0,0.0,0.7438016875125042,0.6019999980926514,0.5793175353179466,-0.26147928833961487,-16.648911972232497,0.9220631450275685,0.022063145027568565,0.0,0.0,-0.10744347081177326,0.5050048619475941,360.79485361761095,71.01834869384766,4,0.0,0.0,0,0.0,36.12,16.6489,0.505,0.505,0.0,0.0,0.8502609593994125,0.9919999837875366,0.6430595901277701,-1.1670483350753784,-72.52895984945826,0.9087558266956639,0.0,0.0,0.0,-0.09814179484970323,0.032153017983800436,364.26489556968124,60.0,5,0.0,0.0,0,0.0,59.52,72.529,0.0322,0.0322,0.0,0.0
1,2,21.5224515,19.16469448510195,19.4239875620752,60.0,66.51034733739807,11.158615367143073,1.8832548770403994,2.882499933242798,4.855233243249166,0.0,0.0,0.2543593691255833,0.02820611646296317,0.08947843296596858,8.947843296596858,-0.4165504032182938,0.0,191.27397650848727,60.11168670654297,2,0.0,0.0,0,0.0,172.95,-0.0,-0.0895,0.0,0.0,0.0,8.10405677128179,4.791173621275488,5.0090815751272615,-0.7591769099235535,-50.12013882918609,0.23361167180132714,0.033611671801327125,0.0,0.0,-0.4611271366527567,7.126971907506462,193.5741469327254,60.0,3,0.0,0.0,0,0.2911330548818757,287.4704,50.1201,7.127,7.127,0.0,0.0,3.596181217215899,2.135499954223633,2.4774272396944057,0.0,0.0,0.5309450547151523,0.06152565612659994,0.0,0.0,-0.3222993261274594,3.2542539317451262,539.2545846596162,103.125,2,0.0,0.0,0,0.06819915455891176,128.13,-0.0,3.2543,3.2543,0.0,0.0,0.757906411041763,1.8650000095367432,2.739924883323168,0.0,0.0,0.49809415642784,0.018381374518741944,0.11701846274466199,11.701846274466199,-0.41566639049385573,0.0,455.3933618624784,103.125,3,0.0,0.0,0,0.0,111.9,-0.0,-0.117,0.0,0.0,0.0,1.875027615011057,1.8125,1.2625441825647428,0.0,0.0,0.7754716748835553,0.052847311505331174,0.0,0.0,-0.1253294226433485,2.4249834324463144,321.36579601500176,79.9641342163086,3,0.0,0.0,0,0.5134826696435251,108.75,-0.0,2.425,2.425,0.0,0.0,2.670402790552896,2.3375000953674316,1.3862029115854864,0.0,0.0,0.7482044987787124,0.02786631932614081,0.0,0.0,-0.6517233092580287,3.6216999743348417,760.5536472849873,60.0,4,0.0,0.0,0,2.2891015172393,140.25,-0.0,3.6217,3.6217,0.0,0.0,0.5050048619475941,0.17599999904632568,0.4939580075679198,0.7681540763005614,51.474271461538805,0.9398835057269479,0.017820360699379423,0.0,0.0,0.214387013133585,0.9552009297265616,0.0,90.3458251953125,2,0.0,0.0,0,0.20809385050109433,10.56,-51.4743,0.9552,0.9552,0.0,0.0,0.032153017983800436,0.6035000085830688,0.5968341527502472,-0.008977166377007961,-0.585978556052158,0.9192140704462347,0.010458243750570806,0.0,0.0,0.16292739853265278,0.029841707439614118,57.504103512837276,103.125,5,0.0,0.0,0,0.0,36.21,0.586,0.0298,0.0298,0.0,0.0
1,3,20.5969860855,18.72187763353226,17.41295188319892,60.0,60.98950711265242,15.594744682937277,0.0,4.051499843597412,4.855233243249166,0.0,0.0,0.2543593691255833,0.0,0.8932118326177223,89.32118326177223,-0.7119032579604898,0.0,5.710603332163188,101.7893295288086,3,0.0,0.0,0,0.0,243.09,-0.0,-0.8037,0.0,0.0,0.0,7.126971907506462,4.680469408383065,4.941467163976702,-1.221413254737854,-70.33956990882461,0.24196944821054356,0.008357776409216422,0.0,0.0,-0.308965678244347,5.644560897174971,0.0,84.858154296875,1,0.0,0.0,0,0.018867710376765684,280.8282,70.3396,5.6446,5.6446,0.0,0.0,3.2542539317451262,1.9819999933242798,2.268893926167606,1.0533576011657715,60.501757082836775,0.5613525691382842,0.030407514423131943,0.0,0.0,-0.3486975702631486,4.020717600067571,464.97903729699476,67.60352325439453,1,0.0,0.0,0,0.5942575295531412,118.92,-60.5018,4.0207,4.0207,0.0,0.0,0.0,4.680469408383065,2.739924883323168,0.0,0.0,0.49809415642784,0.0,0.0,0.0,-0.5772616457938957,1.8235260623152345,473.5774053938177,105.46652221679688,3,0.0,0.0,0,0.0,280.8282,-0.0,1.9405,1.8235,0.0,0.0,2.4249834324463144,0.6629999876022339,1.2625441825647428,-1.7623120546340942,-110.14450341463089,0.7754716748835553,0.0,0.0,0.0,-0.07046910465867831,0.0631271828497113,394.9780892444736,104.69462585449219,4,0.0,0.0,0,0.0,39.78,110.1445,0.0631,0.0631,0.0,0.0,3.6216999743348417,1.4609389598172768,1.2428562035262662,1.9303677082061768,122.96604154999068,0.7768937584924849,0.028689259713772453,0.0,0.0,-0.48059508066988826,5.7701504388320295,534.4880303845041,60.0,3,0.0,0.0,0,15.73749046017636,87.6563,-122.966,5.7702,5.7702,0.0,0.0,0.9552009297265616,0.6660000085830688,0.44550000000000006,0.0,0.0,0.95,0.010116494273052057,0.0,0.0,-0.1660054776834125,1.1757009383096304,405.7081092264009,111.31303405761719,2,0.0,0.0,0,0.7661334219271363,39.96,-0.0,1.1757,1.1757,0.0,0.0,0.029841707439614118,0.5375000238418579,0.44936955018771124,0.0,0.0,0.9500000000000001,0.030785929553765357,0.0,0.0,0.06386863233734087,0.11797218109376079,188.70419946637494,82.84281921386719,4,0.0,0.0,0,0.0,32.25,-0.0,0.118,0.118,0.0,0.0
2,0,23.5,17.17958751155243,35.93505203519821,60.0,52.149314880371094,6.3204124884475705,9.734636704484156,1.9922938785617834,5.166698910883523,0.0,0.0,0.21480584055912913,0.014805840559129119,0.0,0.0,-1.0488213128973403,6.560231672162417,833.8995928136547,60.0,3,0.0,0.0,0,0.0975985199315925,119.5376,-0.0,6.5602,6.5602,0.0,0.0,8.150217080821903,4.294896877888108,5.281,0.0,0.0,0.2,0.0,0.0,0.0,-0.43143711405375285,7.16411395871001,8.635708562678012,91.14260864257812,4,0.0,0.0,0,0.20048748119096263,257.6938,-0.0,7.1641,7.1641,0.0,0.0,5.251908497920674,4.294896877888108,3.452418056067423,0.0,0.0,0.40836553677883125,0.008365536778831228,0.0,0.0,-0.4558442987703489,6.094387319741358,287.3408614555042,90.65116882324219,1,0.0,0.0,0,0.884309595197515,257.6938,-0.0,6.0944,6.0944,0.0,0.0,6.8882835112506955,2.1059999465942383,3.4230536219945007,-2.351914644241333,-121.47478003217657,0.41161265488325083,0.011612654883250806,0.0,0.0,-0.3351579268610252,3.219315191609099,432.6623482388264,73.45117950439453,9,0.0,0.0,0,0.0,126.36,121.4748,3.2193,3.2193,0.0,0.0,1.0590634058301112,1.184499979019165,1.7695000000000003,0.0,0.0,0.7000000000000001,0.0,0.0,0.0,-0.1472954410787366,0.4740633848492757,251.05004431806242,97.24324798583984,6,0.0,0.0,0,0.0,71.07,-0.0,0.4741,0.4741,0.0,0.0,2.9636073404536485,2.4054999351501465,1.6402102289387357,0.0,0.0,0.7159814302918746,0.015981430291874488,0.0,0.0,0.0717067945607533,3.7288970466650597,0.0,73.27893829345703,2,0.0,0.0,0,1.5007351161714988,144.33,-0.0,3.7289,3.7289,0.0,0.0,0.6606742588476825,0.24549999833106995,0.685,0.0,0.0,0.8999999999999999,0.0,0.0,0.0,0.23885069964158717,0.2211742571787524,0.0,101.41498565673828,4,0.0,0.0,0,0.0,14.73,-0.0,0.2212,0.2212,0.0,0.0,1.2266612355893414,0.656000018119812,0.685,2.351914644241333,123.8266946764179,0.8999999999999999,0.0,0.0,0.0,0.07814544527356186,3.549575897950487,0.0,60.0,1,0.0,0.0,0,12.24855850428286,39.36,-123.8267,3.5496,3.5496,0.0,0.0
2,1,22.4895,17.35067790507205,31.01175872886646,60.0,69.98591414021101,11.45923458337552,6.560231672162417,4.337669476268013,4.85105437526402,1.7572054862976074,124.72039090191072,0.25469302714611375,0.03988718658698462,0.0,0.0,-0.3581340298841976,7.804052259464017,0.0,60.0,1,0.0,0.0,0,0.7012512200598092,260.2602,-124.7204,7.8041,7.8041,0.0,0.0,7.16411395871001,2.930000066757202,5.026896422922089,-1.6161071062088013,-113.57543411518554,0.23208059339852813,0.03208059339852812,0.0,0.0,-0.8748232107090558,3.451110496336323,784.5520465897666,60.0,3,0.0,0.0,0,0.0,175.8,113.5754,3.4511,3.4511,0.0,0.0,6.094387319741358,4.0304999351501465,3.0465128017332117,0.030475318431854248,2.1719252717950894,0.46094393759932495,0.0525784008204937,0.0,0.0,-0.05744626209031754,7.1088497715901475,64.7238840720867,86.95873260498047,1,0.0,0.0,0,3.1275578835296214,241.83,-2.1719,7.1088,7.1088,0.0,0.0,3.219315191609099,2.0340084266582714,3.1991530635679073,0.0,0.0,0.43989183480374444,0.028279179920493613,0.0,0.0,-0.005827438607202445,2.0541705546994633,54.64427768031709,60.0,8,0.0,0.0,0,0.0,122.0405,-0.0,2.0542,2.0542,0.0,0.0,0.4740633848492757,1.5049999952316284,1.2415054382030393,-0.6754826903343201,-45.657777731993406,0.7785660722134112,0.07856607221341116,0.0,0.0,0.15857987726711237,0.06207525154354476,135.11887218479558,71.99605560302734,2,0.0,0.0,0,0.0,90.3,45.6578,0.0621,0.0621,0.0,0.0,3.7288970466650597,2.177500009536743,1.6402102289387357,0.5039089918136597,34.63248547001626,0.7159814302918746,0.0,0.0,0.0,-0.6279972929058104,4.770095819076726,646.5433672615075,83.58296966552734,3,0.0,0.0,0,4.125170344103253,130.65,-34.6325,4.7701,4.7701,0.0,0.0,0.2211742571787524,0.0,0.5832806976855172,0.0,0.0,0.9212357624873659,0.021235762487366028,0.36210644050676477,36.21064405067648,-0.6096319602559984,0.0,185.8060173048025,60.0,4,0.0,0.0,0,0.0,0.0,-0.0,-0.3621,0.0,0.0,0.0,3.549575897950487,0.335999995470047,0.6242183901724425,0.0,0.0,0.9126892713627468,0.01268927136274689,0.0,0.0,0.2272965596531716,3.2613575032480915,0.0,105.24320983886719,0,0.0,0.0,0,11.449796438151502,20.16,-0.0,3.2614,3.2614,0.0,0.0
2,2,21.5224515,16.983640702570003,28.511711655958315,60.0,59.52574708895505,15.998045380805515,7.804052259464017,4.245910175642501,4.85105437526402,0.0,0.0,0.25469302714611375,0.0,0.0,0.0,-0.7076362908400472,7.198908059842498,357.2173142214446,101.28726196289062,2,0.0,0.0,0,0.395269552583652,254.7546,-0.0,7.1989,7.1989,0.0,0.0,3.451110496336323,0.0,4.960627010003477,0.0,0.0,0.24027211539094,0.008191521992411882,1.5095165136671538,150.95165136671537,-0.8332961944943357,0.0,134.08171661076662,60.0,3,0.0,0.0,0,0.0,0.0,-0.0,-1.5095,0.0,0.0,0.0,7.1088497715901475,4.245910175642501,3.0465128017332117,0.0,0.0,0.46094393759932495,0.0,0.0,0.0,-0.4381736280895975,8.308247145499436,314.57965194786306,86.4481430053711,2,0.0,0.0,0,5.971559816699982,254.7546,-0.0,8.3082,8.3082,0.0,0.0,2.0541705546994633,3.0478204051676023,2.82644837286214,0.7627897262573242,41.59560519255865,0.48767921101910616,0.04778737621536172,0.0,0.0,-0.26763865972185896,3.03833231326225,319.0608499230527,60.0,6,0.0,0.0,0,0.0021744705033500183,182.8692,-41.5956,3.0383,3.0383,0.0,0.0,0.06207525154354476,1.5985000133514404,1.1935206403465972,3.0,184.2686592646819,0.7894223613212036,0.01085628910779235,0.0,0.0,-0.86784987272974,3.467054624548388,814.9675844095318,60.0,2,0.0,0.0,0,2.9886752644801278,95.91,-184.2687,3.4671,3.4671,0.0,0.0,4.770095819076726,2.609499931335449,1.5371606216352072,-2.6623222827911377,-156.74666598201702,0.7293298250203107,0.013348394728436186,0.0,0.0,-0.35031540420088514,3.18011284598583,569.0164837176993,103.125,3,0.0,0.0,0,0.9077232628886767,156.57,156.7467,3.1801,3.1801,0.0,0.0,0.0,0.8460000157356262,0.5226085101185025,0.0,0.0,0.9341592269968542,0.012923464509488225,0.01964428077392233,1.964428077392233,-0.017617592589375057,0.0,214.99264756961185,92.74909973144531,2,0.0,0.0,0,0.0,50.76,-0.0,0.3234,0.0,0.0,0.0,3.2613575032480915,0.38999998569488525,0.6242183901724425,-1.1004674434661865,-65.3548087489662,0.9126892713627468,0.0,0.0,0.0,-0.09567771212701381,1.9266716553043477,386.2403801724748,89.8617172241211,1,0.0,0.0,0,1.9627750890009015,23.4,65.3548,1.9267,1.9267,0.0,0.0
2,3,20.5969860855,16.392347690833738,27.11932664444275,60.0,60.0,20.202683775471776,7.198908059842498,4.098086922708434,4.85105437526402,0.0,0.0,0.25469302714611375,0.0,0.0,0.0,-0.47508202617958284,6.4459406072869125,129.79976751306518,66.85630798339844,3,0.0,0.0,0,0.15032806344271565,245.8852,-0.0,6.4459,6.4459,0.0,0.0,0.0,4.098086922708434,4.960627010003477,0.0,0.0,0.24027211539094,0.0,2.372056600962196,237.20566009621962,-1.2981787970690761,0.0,89.38393379738056,91.75518798828125,3,0.0,0.0,0,0.0,245.8852,-0.0,-0.8625,0.0,0.0,0.0,8.308247145499436,3.1070001125335693,3.0465128017332117,0.0,0.0,0.46094393759932495,0.0,0.0,0.0,-0.06470539498330964,8.368734456299794,5.295303305685636,61.278900146484375,3,0.0,0.0,0,6.1446604260255,186.42,-0.0,8.3687,8.3687,0.0,0.0,3.03833231326225,2.315500020980835,2.3871868416571185,0.0,0.0,0.541998071099821,0.05431886008071485,0.0,0.0,0.04507061350367608,2.966645492585967,158.6818104261874,60.0,2,0.0,0.0,0,0.0346494634463239,138.93,-0.0,2.9666,2.9666,0.0,0.0,3.467054624548388,0.4194999933242798,1.1935206403465972,0.0,0.0,0.7894223613212036,0.0,0.0,0.0,-0.23252967692068632,2.6930339775260705,477.91145786802934,60.0,3,0.0,0.0,0,1.0558468670287937,25.17,-0.0,2.693,2.693,0.0,0.0,3.18011284598583,0.9559999704360962,1.3892045956119614,0.0,0.0,0.7476185797821459,0.018288754761835113,0.0,0.0,-0.044352178056571705,2.746908220809965,233.9039517731429,67.82621765136719,3,0.0,0.0,0,0.6558932045550017,57.36,-0.0,2.7469,2.7469,0.0,0.0,0.0,0.3995000123977661,0.44688961516346476,0.0,0.0,0.95,0.01584077300314579,0.06703388353962098,6.703388353962097,-0.3057298630553436,0.0,405.71357573675823,114.0300521850586,1,0.0,0.0,0,0.0,23.97,-0.0,-0.0474,0.0,0.0,0.0,1.9266716553043477,0.38999998569488525,0.6242183901724425,0.0,0.0,0.9126892713627468,0.0,0.0,0.0,-0.1687422189321851,1.6924532508267902,390.73950761584564,60.0,2,0.0,0.0,0,1.1957269887354085,23.4,-0.0,1.6925,1.6925,0.0,0.0
3,0,23.5,19.85592669447634,24.783638773015248,60.0,59.5466356335509,3.6440733055236594,5.015058228857762,4.963981673619085,5.281,-1.4326989650726318,-83.64797364226888,0.2,0.0,0.0,0.0,-0.6141321848540706,3.2653409374042157,227.63619693834585,69.9640884399414,5,0.0,0.0,0,0.0,297.8389,83.648,3.2653,3.2653,0.0,0.0,6.371643249301617,3.7095000743865967,4.981168040250853,-0.7854815721511841,-46.485254902183215,0.23883833675507077,0.03883833675507076,0.0,0.0,-0.16949615676495206,4.314493711286176,0.0,60.0,1,0.0,0.0,0,0.0,222.57,46.4853,4.3145,4.3145,0.0,0.0,2.098532599245822,3.6530001163482666,3.5169999999999995,-1.9146103858947754,-113.78178445082756,0.4,0.0,0.0,0.0,-0.4172291494649851,0.3199223296993132,361.6478170135804,105.83070373535156,7,0.0,0.0,0,0.0,219.18,113.7818,0.3199,0.3199,0.0,0.0,4.827615507842557,1.7015000581741333,2.730886851942318,0.0,0.0,0.5018281279867464,0.10182812798674634,0.0,0.0,0.07384800967241692,3.7982287140743725,235.66101120658925,72.18224334716797,4,0.0,0.0,0,0.13039871224775204,102.09,-0.0,3.7982,3.7982,0.0,0.0,2.455198276394592,1.8595000505447388,1.5088638995570114,1.8208830952644348,107.51602913984254,0.7337611529071228,0.03376115290712278,0.0,0.0,-0.8205802265751585,4.626717522646754,817.8689193518996,60.0,3,0.0,0.0,0,4.630567375908443,111.57,-107.516,4.6267,4.6267,0.0,0.0,2.364208680518178,0.703499972820282,1.7695000000000003,0.12587079405784607,8.287510278636319,0.7000000000000001,0.0,0.0,0.0,-0.42700872438312876,1.4240794473963057,543.9378619115001,105.83070373535156,5,0.0,0.0,0,0.0,42.21,-8.2875,1.4241,1.4241,0.0,0.0,0.9872765025637252,0.8224999904632568,0.542022226385498,2.4727232456207275,149.57119379425342,0.9314571348690561,0.031457134869056214,0.0,0.0,0.060507371958380234,3.7404775122622116,0.0,60.0,2,0.0,0.0,0,22.92424651279596,49.35,-149.5712,3.7405,3.7405,0.0,0.0,0.6641057282909969,0.1889999955892563,0.5394471657066453,-0.2866862118244171,-17.04024308250962,0.9303868130048757,0.03038681300487578,0.0,0.0,0.2896416132553155,0.026972346349190768,0.0,105.83070373535156,1,0.0,0.0,0,0.0,11.34,17.0402,0.027,0.027,0.0,0.0
3,1,22.4895,19.62960419493155,21.51623252111854,60.0,70.48190307617188,8.757413873122836,3.2653409374042157,4.907401048732887,5.052122953278549,0.2860722541809082,20.30595301905123,0.22940212436484397,0.029402124364843962,0.0,0.0,-0.6890796445332199,3.406691287039462,333.8837062544829,60.0,4,0.0,0.0,0,0.0,294.4441,-20.306,3.4067,3.4067,0.0,0.0,4.314493711286176,4.907401048732887,4.981168040250853,0.0,0.0,0.23883833675507077,0.0,0.0,0.0,-0.6723172323395195,4.240726719768211,263.2470987792584,60.0,2,0.0,0.0,0,0.0,294.4441,-0.0,4.2407,4.2407,0.0,0.0,0.3199223296993132,3.6589999198913574,3.5169999999999995,-0.2860722541809082,-20.019880764870322,0.4,0.0,0.0,0.0,-0.15266887577367041,0.17584999540976298,0.0,60.0,6,0.0,0.0,0,0.0,219.54,20.0199,0.1758,0.1758,0.0,0.0,3.7982287140743725,1.3255000114440918,2.660801578426561,0.0,0.0,0.510491326196358,0.008663198209611589,0.0,0.0,-0.24399019085564616,2.4629271470919036,400.58691151224815,60.0,4,0.0,0.0,0,0.0,79.53,-0.0,2.4629,2.4629,0.0,0.0,4.626717522646754,2.365999937057495,1.4022776513168937,0.0,0.0,0.746936214494282,0.013175061587159198,0.0,0.0,-0.03513254764902221,5.590439808387355,133.1226763372238,99.81536865234375,3,0.0,0.0,0,10.808805608311443,141.96,-0.0,5.5904,5.5904,0.0,0.0,1.4240794473963057,1.0049999952316284,1.7695000000000003,0.0,0.0,0.7000000000000001,0.0,0.0,0.0,0.05207088735663336,0.6595794426279338,52.09010768197061,60.989501953125,6,0.0,0.0,0,0.0,60.3,-0.0,0.6596,0.6596,0.0,0.0,3.7404775122622116,0.19449999928474426,0.4532955575756564,0.0,0.0,0.95,0.01854286513094383,0.0,0.0,0.02091459355284283,3.4816819539712993,230.79619992453112,97.96732330322266,1,0.0,0.0,0,26.147250443284367,11.67,-0.0,3.4817,3.4817,0.0,0.0,0.026972346349190768,0.8195000290870667,0.5394471657066453,0.0,0.0,0.9303868130048757,0.0,0.0,0.0,-0.042995505651460396,0.3070252097296121,266.3399308070975,104.42969512939453,2,0.0,0.0,0,0.0,49.17,-0.0,0.307,0.307,0.0,0.0
3,2,21.5224515,18.94847032463387,20.324921564025537,60.0,54.08341707769108,11.776697253958357,3.406691287039462,4.737117581158468,5.052122953278549,0.683807909488678,33.16468361020088,0.22940212436484397,0.0,0.0,0.0,-0.7957360927404611,3.7754938244080583,338.77459861298263,106.36126708984375,5,0.0,0.0,0,0.0,284.2271,-33.1647,3.7755,3.7755,0.0,0.0,4.240726719768211,3.5309998989105225,4.899635388386578,2.6867382526397705,157.70477307834972,0.24939956108982142,0.010561224334750652,0.0,0.0,-0.6429255783268517,5.558829482931927,198.42350442776245,87.9117202758789,1,0.0,0.0,0,0.01626513342907597,211.86,-157.7048,5.5588,5.5588,0.0,0.0,0.17584999540976298,1.4900000095367432,3.1652870418716836,0.0,0.0,0.4440288178108721,0.04402881781087209,1.4994370369251775,149.94370369251774,-0.6587736692103432,0.0,0.0,60.0,2,0.0,0.0,0,0.0,89.4,-0.0,-1.4994,0.0,0.0,0.0,2.4629271470919036,2.869999885559082,2.5272083951954,-2.6793582439422607,-154.59222689888247,0.5270046986600367,0.016513372463678788,0.0,0.0,0.06872731803216008,0.12636039351332506,180.95101620423216,97.1009521484375,4,0.0,0.0,0,0.0,172.2,154.5922,0.1264,0.1264,0.0,0.0,5.590439808387355,2.365999937057495,1.4022776513168937,0.3048524260520935,16.26851651437846,0.746936214494282,0.0,0.0,0.0,-0.3930516894424581,6.85901452018005,442.8069996525706,76.12789154052734,4,0.0,0.0,0,20.943608720733028,141.96,-16.2685,6.859,6.859,0.0,0.0,0.6595794426279338,1.5815000534057617,1.1434276608594593,0.0,0.0,0.7988886510201008,0.09888865102010069,0.0,0.0,0.26543910636003604,1.0976518351742361,0.0,60.0,1,0.0,0.0,0,0.0,94.89,-0.0,1.0977,1.0977,0.0,0.0,3.4816819539712993,0.24650000035762787,0.4532955575756564,-3.0,-149.7271946198989,0.95,0.0,0.0,0.0,0.148282458692222,0.27488639675327076,263.9792317445542,60.0,2,0.0,0.0,0,0.0,14.79,149.7272,0.2749,0.2749,0.0,0.0,0.3070252097296121,0.45899999141693115,0.3165291292010654,2.0039596557617188,102.86080655979458,0.9808207579156404,0.050433944910764694,0.0,0.0,0.17484351025528286,2.4534557277071967,0.0,80.87776184082031,1,0.0,0.0,0,18.742326182665103,27.54,-102.8608,2.4535,2.4535,0.0,0.0
3,3,20.5969860855,18.066019962139663,20.145692180668064,60.0,61.13540428739191,15.975016344549932,3.7754938244080583,4.516504990534916,4.709543940995113,-0.2710653245449066,-16.941582784056664,0.2718005169741802,0.0423983926093362,0.0,0.0,-0.4614551225096562,3.3113895494029553,236.25944451236958,83.66580963134766,4,0.0,0.0,0,0.0,270.9903,16.9416,3.3114,3.3114,0.0,0.0,5.558829482931927,3.305010018203525,4.899635388386578,0.47806262969970703,25.524967959920843,0.24939956108982142,0.0,0.0,0.0,-0.8927540810771694,4.442266742448581,554.8457492899483,60.0,1,0.0,0.0,0,0.0,198.3006,-25.525,4.4423,4.4423,0.0,0.0,0.0,4.516504990534916,2.9857731381619512,0.0,0.0,0.4662184227193682,0.022189604908496086,0.0,0.0,-0.16636857264466945,0.03129481544778656,75.7109609558466,106.66856384277344,2,0.0,0.0,0,0.0,270.9903,-0.0,1.5307,0.0313,0.0,0.0,0.12636039351332506,3.6064999103546143,2.1598947316964567,-0.21624580025672913,-11.793422097854034,0.587869975478861,0.060865276818824254,0.0,0.0,-0.21614290494329097,1.3567197719147535,372.2433377871453,106.66856384277344,3,0.0,0.0,0,0.0,216.39,11.7934,1.3567,1.3567,0.0,0.0,6.85901452018005,0.0,1.3622927387076829,1.6558012962341309,105.99659780929255,0.753173045483915,0.006236830989632902,0.0,0.0,-0.3603703828010961,7.1525230777064985,464.40421958637137,60.0,4,0.0,0.0,0,25.369034738891983,0.0,-105.9966,7.1525,7.1525,0.0,0.0,1.0976518351742361,1.749500036239624,1.1434276608594593,-1.6465528011322021,-100.65269696136886,0.7988886510201008,0.0,0.0,0.0,0.26900860183151465,0.05717140942219889,0.0,106.66856384277344,1,0.0,0.0,0,0.0,104.97,100.6527,0.0572,0.0572,0.0,0.0,0.27488639675327076,0.2535000145435333,0.23229555757565643,0.0,0.0,1.0,0.050000000000000044,0.0,0.0,0.3141084412652975,0.29609085372114763,0.0,82.3727798461914,1,0.0,0.0,0,0.004590714581924383,15.21,-0.0,0.2961,0.2961,0.0,0.0,2.4534557277071967,0.1185000017285347,0.22480687162926982,0.0,0.0,1.0,0.019179242084359616,0.0,0.0,0.28501998858998184,2.3471488578064617,0.0,106.66856384277344,0,0.0,0.0,0,30.78180237746623,7.11,-0.0,2.3471,2.3471,0.0,0.0
4,0,23.5,19.507242793437584,26.236488360676738,60.0,64.64643635765078,3.9927572065624166,5.107148784526988,4.876810698359396,5.281,1.4776763916015625,100.28676626055267,0.2,0.0,0.0,0.0,-0.8221023449389588,6.180635874487947,263.4618712775447,60.0,2,0.0,0.0,0,0.031627339932446846,292.6086,-100.2868,6.1806,6.1806,0.0,0.0,7.905761884642559,4.7204999923706055,5.14818209449711,-2.8562872409820557,-178.51795256137848,0.21643785959194184,0.016437859591941828,0.0,0.0,-0.4260999462689279,4.621792541533998,227.50156935817932,77.02523803710938,4,0.0,0.0,0,0.0,283.23,178.518,4.6218,4.6218,0.0,0.0,3.7568645554556874,2.0171214315279045,3.439652822394799,3.0,191.41789381507397,0.4100190644566322,0.010019064456632198,0.0,0.0,-0.6235334473974401,5.334333164588792,406.398119936737,60.0,5,0.0,0.0,0,0.3872914975668846,121.0273,-191.4179,5.3343,5.3343,0.0,0.0,4.9769984110190135,4.876810698359396,3.5169999999999995,-0.9983788728713989,-66.3722117774164,0.4,0.0,0.0,0.0,-0.637962559820055,5.338430236507012,467.7952185535423,60.0,2,0.0,0.0,0,0.3394242025122667,292.6086,66.3722,5.3384,5.3384,0.0,0.0,1.7870221688929127,0.6230000257492065,1.5835172758194525,-0.45155221223831177,-30.600089088752043,0.7240910264482576,0.024091026448257558,0.0,0.0,-0.5464176688829577,0.37495270658435476,777.7185250795942,71.27454376220703,4,0.0,0.0,0,0.0,37.38,30.6001,0.375,0.375,0.0,0.0,1.3026401905740288,1.0499999523162842,1.7695000000000003,0.0,0.0,0.7000000000000001,0.0,0.0,0.0,0.02444083593792583,0.5831401428903127,86.57743608080494,100.06181335449219,3,0.0,0.0,0,0.0,63.0,-0.0,0.5831,0.5831,0.0,0.0,0.49445624099036045,0.8560000061988831,0.5678747420476314,0.0,0.0,0.9244520371508076,0.02445203715080768,0.0,0.0,-0.40930276223702594,0.7825815051416122,614.235011433102,60.0,3,0.0,0.0,0,0.02495775326845414,51.36,-0.0,0.7826,0.7826,0.0,0.0,0.9055961245751897,0.4869999885559082,0.661765079330529,-0.17145806550979614,-11.736730256478154,0.9052567693822332,0.005256769382233295,0.0,0.0,0.18279943353178865,0.5593729682907729,59.682910518475886,103.125,2,0.0,0.0,0,0.0,29.22,11.7367,0.5594,0.5594,0.0,0.0
4,1,22.4895,19.08744260639405,23.775239140024798,60.0,58.33309808908034,7.394814600168369,6.180635874487947,0.0,4.865042675043552,0.9181032776832581,57.29731943711363,0.25388048250731204,0.05388048250731203,0.0,0.0,-0.4754107343232408,2.233696477127653,490.53345498205874,60.0,1,0.0,0.0,0,0.0,0.0,-57.2973,2.2337,2.2337,0.0,0.0,4.621792541533998,4.771860651598512,4.826346313906337,0.0,0.0,0.2581264322073269,0.041688572615385056,0.0,0.0,-0.24971656783669788,4.567306879226174,0.0,103.77275085449219,3,0.0,0.0,0,0.0,286.3116,-0.0,4.5673,4.5673,0.0,0.0,5.334333164588792,4.771860651598512,3.188742594272806,0.0,0.0,0.4415559010199776,0.03153683656334538,0.0,0.0,-0.6636756409910413,6.917451221914497,553.2006644352,103.77275085449219,4,0.0,0.0,0,2.357419811223863,286.3116,-0.0,6.9175,6.9175,0.0,0.0,5.338430236507012,4.771860651598512,3.5169999999999995,-3.0,-170.21683502197266,0.4,0.0,0.0,0.0,-0.8404887845160423,3.5932908881055248,773.9983292480631,82.14570617675781,3,0.0,0.0,0,0.00012186896653564132,286.3116,170.2168,3.5933,3.5933,0.0,0.0,0.37495270658435476,1.0228607579331985,1.5835172758194525,3.0,173.21683502197266,0.7240910264482576,0.0,0.0,0.0,-0.3373445250765502,2.8142961886981013,307.16584494604814,60.0,5,0.0,0.0,0,0.42168282496164267,61.3716,-173.2168,2.8143,2.8143,0.0,0.0,0.5831401428903127,2.803999900817871,1.6459012513309723,0.0,0.0,0.7160102006047965,0.01601020060479641,0.0,0.0,-0.29645098969344386,1.7412387923772115,338.61083500962036,65.06849670410156,3,0.0,0.0,0,0.000664544712953541,168.24,-0.0,1.7412,1.7412,0.0,0.0,0.7825815051416122,0.7089999914169312,0.5461697601823272,-0.9181032776832581,-56.37921615943037,0.9293626665320981,0.004910629381290499,0.0,0.0,-0.2111327506245446,0.02730845869295795,499.03350482241825,97.99348449707031,3,0.0,0.0,0,0.0,42.54,56.3792,0.0273,0.0273,0.0,0.0,0.5593729682907729,0.23600000143051147,0.661765079330529,0.0,0.0,0.9052567693822332,0.0,0.0,0.0,-0.2683676711083911,0.13360789039075538,505.0095951090048,60.0,3,0.0,0.0,0,0.0,14.16,-0.0,0.1336,0.1336,0.0,0.0
4,2,21.5224515,18.539684268832108,22.028196796532875,60.0,61.54385720733277,10.377581831336258,2.233696477127653,4.634921067208027,4.180212498511283,0.0,0.0,0.34258905459698413,0.08870857208967209,0.0,0.0,-0.5091234182859069,2.688405045824397,502.8103689131753,106.69247436523438,1,0.0,0.0,0,0.0,278.0953,-0.0,2.6884,2.6884,0.0,0.0,4.567306879226174,3.3289999961853027,4.451015214879422,-1.8592877388000488,-110.73320061343293,0.3054049651790896,0.04727853297176271,0.0,0.0,-0.016267707127666287,1.586003921732006,33.01167748538167,91.45423889160156,1,0.0,0.0,0,0.0,199.74,110.7332,1.586,1.586,0.0,0.0,6.917451221914497,4.634921067208027,3.0187334153147036,3.0,193.52024357386472,0.46293550313341086,0.02137960211343326,0.0,0.0,-0.3166774607082988,11.53363887380782,0.0,93.62945556640625,1,0.0,0.0,0,20.16891041570298,278.0953,-193.5202,11.5336,11.5336,0.0,0.0,3.5932908881055248,3.2763421848415835,3.5169999999999995,0.0,0.0,0.4,0.0,0.0,0.0,-0.21205188829837496,3.3526330729471088,53.45598603538921,60.0,4,0.0,0.0,0,0.0,196.5805,-0.0,3.3526,3.3526,0.0,0.0,2.8142961886981013,1.5334999561309814,1.4803791212409765,-1.8987798690795898,-118.67374181747437,0.7368398712663632,0.012748844818105565,0.0,0.0,0.11774861878846048,0.9686371545085164,135.13640595935476,106.69247436523438,4,0.0,0.0,0,0.0,92.01,118.6737,0.9686,0.9686,0.0,0.0,1.7412387923772115,0.7475000023841858,1.4623589838205282,0.0,0.0,0.7397851057227294,0.0237749051179329,0.0,0.0,0.12138037516409357,1.026379810940869,76.23333433817933,91.86509704589844,3,0.0,0.0,0,0.0,44.85,-0.0,1.0264,1.0264,0.0,0.0,0.02730845869295795,0.1914999932050705,0.5461697601823272,0.7580676078796387,39.64476646492221,0.9293626665320981,0.0,0.0,0.0,-0.3781094292140922,0.4307062995953399,574.0787863310445,84.0727767944336,4,0.0,0.0,0,0.0,11.49,-39.6448,0.4307,0.4307,0.0,0.0,0.13360789039075538,0.19200000166893005,0.24197564803401866,0.0,0.0,1.0,0.0947432306177668,0.0,0.0,0.33897847828960004,0.08363224402566677,0.0,106.69247436523438,1,0.0,0.0,0,0.0,11.52,-0.0,0.0836,0.0836,0.0,0.0
4,3,20.5969860855,17.700177343888384,21.670036423381724,60.0,73.41653771820735,13.274390572947873,2.688405045824397,4.425044335972096,4.180212498511283,-0.6214616298675537,-45.65987722146019,0.34258905459698413,0.0,0.0,0.0,-0.7375589494151296,2.3117752534176566,553.5205917769299,107.47145080566406,1,0.0,0.0,0,0.0,265.5027,45.6599,2.3118,2.3118,0.0,0.0,1.586003921732006,2.4445887367940458,4.451015214879422,0.0,0.0,0.3054049651790896,0.0,0.4204225563533699,42.042255635336986,-0.44895323107521634,0.0,95.42515363293043,60.0,2,0.0,0.0,0,0.0,146.6753,-0.0,-0.4204,0.0,0.0,0.0,11.53363887380782,3.6710000038146973,3.0187334153147036,-1.6810863018035889,-123.24163063908051,0.46293550313341086,0.0,0.0,0.0,-0.19282149951147642,10.504819160504226,207.65795117029273,102.32269287109375,1,0.0,0.0,0,14.617390666304594,220.26,123.2416,10.5048,10.5048,0.0,0.0,3.3526330729471088,4.425044335972096,3.3651176067062383,0.0,0.0,0.41877409064199766,0.018774090641997643,0.0,0.0,-0.1578188795040953,4.412559802212966,0.0,60.0,2,0.0,0.0,0,0.09094834424845351,265.5027,-0.0,4.4126,4.4126,0.0,0.0,0.9686371545085164,0.5304999947547913,1.3651667820576376,2.0005924701690674,149.44060336890422,0.7518454141811789,0.015005542914815706,0.0,0.0,-0.1690165201723945,2.1345628373747374,231.78394008320504,84.97660827636719,3,0.0,0.0,0,0.1627669870218095,31.83,-149.4406,2.1346,2.1346,0.0,0.0,1.026379810940869,1.7869999408721924,1.377126105308776,-1.3673973083496094,-98.7691621416161,0.7505641281906708,0.01077902246794138,0.0,0.0,0.23030850002574332,0.06885633815467607,0.0,60.0,2,0.0,0.0,0,0.0,107.22,98.7692,0.0689,0.0689,0.0,0.0,0.4307062995953399,0.23999999463558197,0.4475233062057566,1.675910584628582,122.3137733521508,0.9500000000000002,0.020637333467902086,0.0,0.0,-0.1270686550449295,1.8990935726537472,264.0003392905843,60.0,4,0.0,0.0,0,4.23976394414506,14.4,-122.3138,1.8991,1.8991,0.0,0.0,0.08363224402566677,0.1770000010728836,0.24197564803401866,-0.00655781477689743,-0.40720366410056386,1.0,0.0,0.0,0.0,0.3186311914761174,0.01209878228763428,0.0,101.53150177001953,0,0.0,0.0,0,0.0,10.62,0.4072,0.0121,0.0121,0.0,0.0
5,0,23.5,17.523145904572296,34.503558730948775,60.0,62.2546947019687,5.976854095427705,10.545930273545295,4.380786476143074,5.281,1.4620335102081299,85.4497527364274,0.2,0.0,0.0,0.0,-1.0477288208718558,11.107750259896498,527.3244201235742,60.0,5,0.0,0.0,0,3.3764612012713786,262.8472,-85.4498,11.1078,11.1078,0.0,0.0,6.807030573353717,1.683859430574989,5.281,-2.050839900970459,-131.51303848807493,0.2,0.0,0.0,0.0,-0.6208204022018312,1.159050102958246,482.5708766134086,60.0,3,0.0,0.0,0,0.0,101.0316,131.513,1.1591,1.1591,0.0,0.0,5.42888405963066,3.4649999141693115,3.5169999999999995,0.0,0.0,0.4,0.0,0.0,0.0,-0.15486666539997263,5.376883973799972,0.0,113.36648559570312,5,0.0,0.0,0,0.3576235273279962,207.9,-0.0,5.3769,5.3769,0.0,0.0,4.754427447100195,2.183000087738037,3.314980113114689,0.0,0.0,0.42616837913022154,0.02616837913022152,0.0,0.0,-0.014739724412761238,3.622447421723543,38.072269843916104,60.0,3,0.0,0.0,0,0.004342561513311725,130.98,-0.0,3.6224,3.6224,0.0,0.0,2.7175690914214474,2.8940000534057617,1.6871156113684542,-2.6091208457946777,-156.2614147515642,0.7101960877019241,0.01019608770192404,0.0,0.0,0.17803748363476568,1.3153326876640772,0.0,60.0,5,0.0,0.0,0,0.0,173.64,156.2614,1.3153,1.3153,0.0,0.0,2.504519548967921,1.7244999408721924,1.3087731412478314,3.0,195.84100311755446,0.7628000836072458,0.06280008360724576,0.0,0.0,0.0036565234663690632,5.920246348592282,1.8801487628944589,61.996761322021484,4,0.0,0.0,0,15.250099173747214,103.47,-195.841,5.9202,5.9202,0.0,0.0,0.971285221519009,0.48249998688697815,0.5892514291876895,0.0,0.0,0.920893907426276,0.02089390742627606,0.0,0.0,-0.15494145248225885,0.8645337792182975,402.7517938414769,112.5516357421875,3,0.0,0.0,0,0.04395061487589784,28.95,-0.0,0.8645,0.8645,0.0,0.0,0.7739125154105271,0.7095000147819519,0.48644503873204836,0.19792723655700684,11.143658132422388,0.9414519752125159,0.04145197521251598,0.0,0.0,0.10071682589636383,1.1948947280174376,144.37724177742476,95.48087310791016,3,0.0,0.0,0,0.622575279432314,42.57,-11.1437,1.1949,1.1949,0.0,0.0
5,1,22.4895,17.458826567551114,30.56113930187035,60.0,64.9610424041748,11.00752752787659,11.107750259896498,4.3647066418877785,5.186444783240526,0.0,0.0,0.2122480850724708,0.012248085072470799,0.0,0.0,-0.38311168866818707,10.286012118543752,0.0,93.40731811523438,3,0.0,0.0,0,2.4859860828225973,261.8824,-0.0,10.286,10.286,0.0,0.0,1.159050102958246,4.3647066418877785,5.281,0.0,0.0,0.2,0.0,0.0,0.0,-0.49306591492966034,0.24275674484602483,54.72146572416952,74.72295379638672,4,0.0,0.0,0,0.0,261.8824,-0.0,0.2428,0.2428,0.0,0.0,5.376883973799972,4.3647066418877785,2.8546705688070713,0.5890076756477356,38.55705643196086,0.48378254813046073,0.08378254813046071,0.0,0.0,-0.4173662029725566,7.475927722528414,454.651595872539,75.92928314208984,2,0.0,0.0,0,4.759226210144002,261.8824,-38.5571,7.4759,7.4759,0.0,0.0,3.622447421723543,1.675706631397361,3.0890019716159185,0.0,0.0,0.45544015911710894,0.029271779986887403,0.0,0.0,-0.2048892270048751,2.209152081504985,300.33545321925664,60.0,2,0.0,0.0,0,0.0,100.5424,-0.0,2.2092,2.2092,0.0,0.0,1.3153326876640772,0.8985000252723694,1.5474524425213412,-0.5890076756477356,-37.968048756313124,0.7282871717494774,0.01809108404755333,0.0,0.0,0.0718944920055234,0.07737259476737002,135.939994769202,106.55595397949219,5,0.0,0.0,0,0.0,53.91,37.968,0.0774,0.0774,0.0,0.0,5.920246348592282,1.278499960899353,1.3087731412478314,0.0,0.0,0.7628000836072458,0.0,0.0,0.0,-0.08661462386355995,5.889973168243803,247.68559911731782,85.72577667236328,5,0.0,0.0,0,15.001047290565255,76.71,-0.0,5.89,5.89,0.0,0.0,0.8645337792182975,0.0,0.5453030377728001,0.0,0.0,0.9300689369492174,0.009175029522941469,0.0,0.0,0.27387444665633676,0.31923074144549746,0.0,60.0,2,0.0,0.0,0,0.0,0.0,-0.0,0.3192,0.3192,0.0,0.0,1.1948947280174376,0.5120000243186951,0.3644106467409096,0.0,0.0,0.9690615661607374,0.027609590948221463,0.0,0.0,0.28194963540695134,1.342484105595223,0.0,91.76578521728516,1,0.0,0.0,0,2.1503646094237374,30.72,-0.0,1.3425,1.3425,0.0,0.0
5,2,21.5224515,17.144153273405983,27.842909277475073,63.242576599121094,78.2470934857143,15.385825754470607,10.286012118543752,3.890000104904175,4.761509146951717,-0.0013704299926757812,-0.11010412027462735,0.2663599251286768,0.05411184005620598,0.0,0.0,-0.5191882174775658,9.413132646503534,355.9098584432625,74.38265228271484,1,0.0,0.0,0,2.2457657779871787,246.0136,0.1101,9.4131,9.4131,0.0,0.0,0.24275674484602483,4.286038318351496,4.9594683446280845,0.0,0.0,0.24073618916030456,0.04073618916030455,0.4306732814305638,43.067328143056386,-1.2739394783897708,0.0,833.7891983008295,98.10322570800781,2,0.0,0.0,0,0.0,271.0601,-0.0,-0.4307,0.0,0.0,0.0,7.475927722528414,1.4524999856948853,2.689706211169767,0.0,0.0,0.50515098823892,0.021368440108459286,0.0,0.0,-0.14685645988775806,6.2387214970535325,296.85723547071376,74.52888488769531,2,0.0,0.0,0,2.689567264914561,91.8598,-0.0,6.2387,6.2387,0.0,0.0,2.209152081504985,3.084114787207808,3.0890019716159185,-1.6483350992202759,-129.19850638950493,0.45544015911710894,0.0,0.0,0.0,-0.5306204834499577,0.5559297978765989,596.402825946014,63.242576599121094,3,0.0,0.0,0,0.0,195.0474,129.1985,0.5559,0.5559,0.0,0.0,0.07737259476737002,2.190500020980835,1.4326818633968703,-0.7635566592216492,-57.25584706516088,0.7431538270764815,0.014866655327004041,0.0,0.0,-0.005384620441837637,0.0716340931296855,166.1127568014042,102.56861114501953,5,0.0,0.0,0,0.0,138.5329,57.2558,0.0716,0.0716,0.0,0.0,5.889973168243803,1.815000057220459,1.2463292298884026,-0.41407525539398193,-33.836303298730854,0.7769276653627728,0.014127581755526974,0.0,0.0,-0.3547432209209114,6.0445687401818775,534.4353845912115,92.73416137695312,4,0.0,0.0,0,18.12281427873035,114.7853,33.8363,6.0446,6.0446,0.0,0.0,0.31923074144549746,0.4259999990463257,0.5453030377728001,-0.17266255617141724,-12.840519583471632,0.9300689369492174,0.0,0.0,0.0,-0.11413539392526686,0.027265146547605812,370.7460654087899,104.6590805053711,3,0.0,0.0,0,0.0,26.9413,12.8405,0.0273,0.0273,0.0,0.0,1.342484105595223,0.0,0.3242216802624413,3.0,236.24128045714292,0.9774692997336387,0.008407733572901366,0.0,0.0,-0.14339643197811366,4.018262425332781,152.07885570158098,60.0,1,0.0,0.0,0,71.03315906551224,0.0,-236.2413,4.0183,4.0183,0.0,0.0
5,3,20.5969860855,16.57230264230985,26.369514346625618,60.0,66.70197307466465,19.410509197660758,9.413132646503534,3.560499906539917,4.261116872691195,0.0,0.0,0.3311775772349619,0.0648176521062851,0.0,0.0,-0.358471782160732,8.712515680352256,325.91917457592405,85.02090454101562,1,0.0,0.0,0,2.376435864877507,213.63,-0.0,8.7125,8.7125,0.0,0.0,0.0,3.5794999599456787,4.150468344628085,3.0,198.80585861206055,0.34073618916030457,0.1,0.0,0.0,-0.28879485384124826,1.9983583338870297,155.5090423795562,95.28985595703125,2,0.0,0.0,0,0.0,214.77,-198.8059,2.429,1.9984,0.0,0.0,6.2387214970535325,4.143075660577463,2.689706211169767,0.0,0.0,0.50515098823892,0.0,0.0,0.0,-0.6134445174647386,7.692090946461228,543.5306282041842,70.9130859375,2,0.0,0.0,0,6.343887337108437,248.5845,-0.0,7.6921,7.6921,0.0,0.0,0.5559297978765989,1.0832271001072122,3.0890019716159185,0.0,0.0,0.45544015911710894,0.0,1.4498450736321074,144.98450736321072,-1.1149385135582182,0.0,405.01091226612573,60.0,4,0.0,0.0,0,0.0,64.9936,-0.0,-1.4498,0.0,0.0,0.0,0.0716340931296855,1.9270000457763672,1.2112306074330816,-0.49257704615592957,-35.4096329587461,0.784705601235144,0.04155177415866251,0.0,0.0,-0.2605467293434732,0.2948264853170415,464.34854338817826,96.00992584228516,3,0.0,0.0,0,0.0,115.62,35.4096,0.2948,0.2948,0.0,0.0,6.0445687401818775,2.069499969482422,1.244368694168412,-3.0,-195.80585861206055,0.7773369630078648,0.0004092976450920105,0.0,0.0,0.06253083600562385,3.8697000154958863,254.7606139302326,60.0,3,0.0,0.0,0,4.022598517630316,124.17,195.8059,3.8697,3.8697,0.0,0.0,0.027265146547605812,0.0,0.23435558112111335,0.0,0.0,1.0,0.06993106305078256,0.20709043457350754,20.709043457350752,-0.5917070781323567,0.0,0.0,60.0,1,0.0,0.0,0,0.0,0.0,-0.0,-0.2071,0.0,0.0,0.0,4.018262425332781,0.2094999998807907,0.3242216802624413,0.49257704615592957,35.90221000490203,0.9774692997336387,0.0,0.0,0.0,0.05423440804880649,4.39611779110706,103.71495936677488,108.25482177734375,2,0.0,0.0,0,90.61469825819947,12.57,-35.9022,4.3961,4.3961,0.0,0.0
6,0,23.5,18.992865707211312,28.379726219952868,60.0,65.59844328276642,4.507134292788689,5.902876375173754,4.748216426802828,5.098321429018821,-0.48067599534988403,-33.36808847866109,0.2228824274435326,0.022882427443532583,0.0,0.0,-0.5425906257682712,5.0720953776078765,223.89145482898536,67.953369140625,4,0.0,0.0,0,0.0,284.893,33.3681,5.0721,5.0721,0.0,0.0,9.153252142489418,4.748216426802828,5.281,0.0,0.0,0.2,0.0,0.0,0.0,-0.6585774543691897,8.620468569292246,204.26986364366127,61.40272521972656,4,0.0,0.0,0,0.8396323321369961,284.893,-0.0,8.6205,8.6205,0.0,0.0,4.302532955303108,4.748216426802828,3.322350530700491,0.0,0.0,0.4240902808538998,0.024090280853899804,0.0,0.0,-0.14683180653476618,5.728398851405445,0.0,65.80398559570312,3,0.0,0.0,0,0.7414172557188687,284.893,-0.0,5.7284,5.7284,0.0,0.0,3.1956385368180205,1.2522165541183519,3.466967305013483,-0.8075394034385681,-50.49272859535529,0.40648091903970435,0.006480919039704325,0.0,0.0,-0.146299148178802,0.17334838248432094,200.71177638394406,60.0,4,0.0,0.0,0,0.0,75.133,50.4927,0.1733,0.1733,0.0,0.0,2.3510689708865957,0.0,1.6018586491965079,0.0,0.0,0.7217152008812815,0.021715200881281427,0.0,0.0,-0.26471351593930953,0.7492103216900878,493.94978344899306,60.0,3,0.0,0.0,0,0.0,0.0,-0.0,0.7492,0.7492,0.0,0.0,2.3370603839779,2.570499897003174,1.6391755130020955,0.0,0.0,0.7168814102328893,0.01688141023288925,0.0,0.0,0.03795811967197121,3.2683847679789775,23.63890305500465,88.62074279785156,3,0.0,0.0,0,0.8071866844346868,154.23,-0.0,3.2684,3.2684,0.0,0.0,0.42726777229887464,0.0,0.47796096716293246,0.0,0.0,0.9432231801329996,0.04322318013299964,0.05069319486405782,5.0693194864057824,0.003439260155158233,0.0,181.76333305704443,60.0,2,0.0,0.0,0,0.0,0.0,-0.0,-0.0507,0.0,0.0,0.0,0.7100290830052,0.9254999756813049,0.6039351823524421,1.2882153987884521,85.14903247280483,0.9183404564813478,0.018340456481347855,0.0,0.0,-0.3352919917766639,2.3198092751225152,455.3293885887452,105.05029296875,4,0.0,0.0,0,4.1086396375288095,55.53,-85.149,2.3198,2.3198,0.0,0.0
6,1,22.4895,18.56988826906045,25.93171554558147,60.0,71.69186019897461,8.426746023728242,5.0720953776078765,4.642472067265112,4.976094007763036,0.0,0.0,0.23871499496371204,0.015832567520179447,0.0,0.0,-0.8697985429901423,4.738473437109953,519.7133258550357,62.83039855957031,4,0.0,0.0,0,0.0,278.5483,-0.0,4.7385,4.7385,0.0,0.0,8.620468569292246,4.642472067265112,4.543890710718745,0.0,0.0,0.2954804778861728,0.09548047788617281,0.0,0.0,-0.5051979684260092,8.719049925838613,468.22905426443833,96.94107055664062,1,0.0,0.0,0,1.8386996449650392,278.5483,-0.0,8.719,8.719,0.0,0.0,5.728398851405445,4.182000160217285,3.322350530700491,0.0,0.0,0.4240902808538998,0.0,0.0,0.0,-0.1753716167600032,6.588048480922239,0.0,80.50381469726562,3,0.0,0.0,0,1.59126262042212,250.92,-0.0,6.588,6.588,0.0,0.0,0.17334838248432094,0.16094400244633178,3.466967305013483,0.0,0.0,0.40648091903970435,0.0,3.13267492008283,313.267492008283,-2.315137051516298,0.0,832.8666241030991,60.0,5,0.0,0.0,0,0.0,9.6566,-0.0,-3.1327,0.0,0.0,0.0,0.7492103216900878,2.7339999675750732,1.6018586491965079,0.0,0.0,0.7217152008812815,0.0,0.0,0.0,-0.49846268530031357,1.881351640068653,533.3090951627083,107.99627685546875,4,0.0,0.0,0,0.010184999718366181,164.04,-0.0,1.8814,1.8814,0.0,0.0,3.2683847679789775,1.430999994277954,1.5603006804112534,-2.392791271209717,-170.3472616652889,0.7268384436237907,0.00995703339090137,0.0,0.0,0.08796018402838572,0.7462928106359614,212.4853694315805,107.99627685546875,2,0.0,0.0,0,0.0,85.86,170.3473,0.7463,0.7463,0.0,0.0,0.0,0.0,0.47796096716293246,0.0,0.0,0.9432231801329996,0.0,0.5286541620269902,52.86541620269902,-1.0910938470870968,0.0,270.7816844333855,60.0,3,0.0,0.0,0,0.0,0.0,-0.0,-0.478,0.0,0.0,0.0,2.3198092751225152,0.7770000100135803,0.5142078366826579,2.392791271209717,172.7400529364986,0.9372570992730772,0.018916642791729443,0.0,0.0,-0.332705107747999,4.975392719663154,337.9846792200611,107.99627685546875,3,0.0,0.0,0,57.00166249473295,46.62,-172.7401,4.9754,4.9754,0.0,0.0
6,2,21.5224515,17.190785336582742,27.648609014238573,60.0,72.0027566849871,12.758412187145499,4.738473437109953,4.2976963341456855,3.9645104043236867,-1.6896954774856567,-119.0048179117905,0.36974914048694385,0.1310341455232318,0.0,0.0,-0.10693579668293085,3.3819638894462947,368.5273968121754,73.5776596069336,2,0.0,0.0,0,0.0,257.8618,119.0048,3.382,3.382,0.0,0.0,8.719049925838613,3.823892617269795,4.543890710718745,0.0,0.0,0.2954804778861728,0.0,0.0,0.0,-0.3900672342606719,7.999051832389663,119.09011864174593,60.0,2,0.0,0.0,0,1.1455101698415273,229.4336,-0.0,7.9991,7.9991,0.0,0.0,6.588048480922239,2.7925000190734863,2.8611751304993644,-0.8565822243690491,-65.9333764302005,0.483828026993942,0.05973774614004218,0.0,0.0,-0.25790062259573676,5.662791145127312,433.9397473106546,66.96012878417969,1,0.0,0.0,0,1.3572969409375129,167.55,65.9334,5.6628,5.6628,0.0,0.0,0.0,4.2976963341456855,3.2843814888321043,0.0,0.0,0.43013193149843215,0.023651012458727805,1.5446497184185013,154.46497184185012,-1.0819917115491764,0.0,384.4077491351313,65.14075469970703,4,0.0,0.0,0,0.0,257.8618,-0.0,1.0133,0.0,0.0,0.0,1.881351640068653,0.8809999823570251,1.3883832764857853,0.6986161470413208,47.62873608107384,0.7484011827661652,0.02668598188488369,0.0,0.0,-0.6785930409837614,2.072584492981213,815.4984287062965,65.82814025878906,3,0.0,0.0,0,0.1183492605128058,52.86,-47.6287,2.0726,2.0726,0.0,0.0,0.7462928106359614,1.0980000495910645,1.224737277480714,-0.5583187341690063,-37.049009228090654,0.783993555016796,0.05715511139300533,0.0,0.0,-0.0733441438402469,0.0612368485773056,353.57971778619765,88.2306900024414,1,0.0,0.0,0,0.0,65.88,37.049,0.0612,0.0612,0.0,0.0,0.0,0.0,0.22489200830397285,1.837836503982544,133.16340554962994,1.0,0.05677681986700045,0.0,0.0,0.19685954873998732,1.3365579598594217,0.0,60.0,1,0.0,0.0,0,6.108642798641741,0.0,-133.1634,1.6129,1.3366,0.0,0.0,4.975392719663154,0.0,0.5142078366826579,0.5681437849998474,44.29965837540158,0.9372570992730772,0.0,0.0,0.0,-0.1697157002292145,5.0293286679803435,332.1132936421484,60.0,4,0.0,0.0,0,58.74019860178256,0.0,-44.2997,5.0293,5.0293,0.0,0.0
6,3,20.5969860855,16.770542524773226,25.543514836361553,74.92185974121094,93.95991439931058,16.584855747872272,3.3819638894462947,2.744499921798706,2.9077185139719464,0.0,0.0,0.43693557803415073,0.06718643754720688,0.0,0.0,-0.2690014947328365,3.218745297273055,371.3930637607663,77.83397674560547,1,0.0,0.0,0,0.005440463912120397,205.623,-0.0,3.2187,3.2187,0.5381125924873026,34.97731851167467,7.999051832389663,1.9900000095367432,3.714308739550228,-1.4051342010498047,-133.8271652522235,0.31744705446240573,0.02196657657623291,0.0,0.0,-0.3831622592004095,4.869608901326373,395.4260817588416,78.51390075683594,2,0.0,0.0,0,0.10020516083644963,149.0945,133.8272,4.8696,4.8696,0.6599999999999999,42.89999999999999,5.662791145127312,4.192635631193307,2.642807619579373,1.568656325340271,149.27392912053756,0.483828026993942,0.0,0.0,0.0,-0.4233547771492298,8.781275482081519,107.23134923868412,110.50450134277344,2,0.0,0.0,0,10.864797720817545,314.1201,-149.2739,8.7813,8.7813,0.21836751091999163,14.193888209799455,0.0,4.192635631193307,2.8288695979674334,0.0,0.0,0.4426470180974921,0.012515086599059921,0.18088368519262765,18.088368519262765,-0.5547701892312928,0.0,283.55966028259473,110.50450134277344,2,0.0,0.0,0,0.0,314.1201,-0.0,1.3638,0.0,0.3542648402782764,23.027214618087967,2.072584492981213,1.4255000352859497,1.3831071796141303,0.15848314762115479,13.871517651069098,0.7484011827661652,0.0,0.0,0.0,-0.44722624877804734,2.273460496274187,561.7007085072514,110.50450134277344,4,0.0,0.0,0,0.22992818061771284,106.8011,-13.8715,2.2735,2.2735,0.005276096871654997,0.3429462966575748,0.0612368485773056,0.40799999237060547,0.9300701344040557,0.0,0.0,0.8506603294685287,0.06666677445173264,0.46083329345614465,46.083329345614466,-0.7234984618915662,0.0,487.3795016924587,110.50450134277344,1,0.0,0.0,0,0.0,30.5681,-0.0,-0.4608,0.0,0.0,0.0,1.3365579598594217,0.26499998569488525,0.22489200830397285,0.0,0.0,1.0,0.0,0.0,0.0,0.31490331377303854,1.376665937250334,0.0,110.50450134277344,1,0.0,0.0,0,6.674628211140706,19.8543,-0.0,1.3767,1.3767,0.0,0.0,5.0293286679803435,0.13199999928474426,0.23528768691302057,-0.3220052719116211,-27.591142046421737,1.0,0.06274290072692279,0.0,0.0,0.20085118454630396,4.604035708440446,0.0,74.92185974121094,2,0.0,0.0,0,174.76871577423236,9.8897,27.5911,4.604,4.604,0.0,0.0
7,0,23.5,17.580548578425976,34.264380923225104,60.0,63.576665768437955,5.919451421574024,9.746220449999363,3.1879115506445856,5.120601037794739,0.9730930328369141,62.58699717988998,0.22077706764316862,0.020777067643168612,0.0,0.0,-0.5416799461469527,8.786623995686124,219.2084155440589,60.0,4,0.0,0.0,0,1.1103925654357352,191.2747,-62.587,8.7866,8.7866,0.0,0.0,6.640335548027713,4.395137144606494,5.281,0.0,0.0,0.2,0.0,0.0,0.0,-0.5262922408848377,5.7544726926342085,97.87570784597317,60.0,4,0.0,0.0,0,0.006355256651020179,263.7082,-0.0,5.7545,5.7545,0.0,0.0,5.415945066469817,3.7165000438690186,3.5169999999999995,0.0,0.0,0.4,0.0,0.0,0.0,-0.7196613370413336,5.615445110338836,553.607770825093,92.42909240722656,2,0.0,0.0,0,0.4835656977877867,222.99,-0.0,5.6154,5.6154,0.0,0.0,6.997333863179622,0.0,3.5169999999999995,0.9353206157684326,63.72265955054445,0.4,0.0,0.0,0.0,-0.1284554755642055,4.415654478948055,122.094782683549,60.0,4,0.0,0.0,0,0.05803544380028938,0.0,-63.7227,4.4157,4.4157,0.0,0.0,1.3943492337942023,2.362499952316284,1.7695000000000003,-1.8988741636276245,-123.78180318013983,0.7000000000000001,0.0,0.0,0.0,-0.4848268626836511,0.08847502248286165,641.8884269360631,87.59176635742188,4,0.0,0.0,0,0.0,141.75,123.7818,0.0885,0.0885,0.0,0.0,2.441324315921704,2.510999917984009,1.7695000000000003,1.5224287509918213,93.52728501273896,0.7000000000000001,0.0,0.0,0.0,-0.19458915301347823,4.705252984897534,122.29478705668363,60.0,7,0.0,0.0,0,3.1368440762642678,150.66,-93.5273,4.7053,4.7053,0.0,0.0,1.188218260467489,1.062999963760376,0.685,-1.5319682359695435,-92.62429616343638,0.8999999999999999,0.0,0.0,0.0,0.05780562286023101,0.03424998825832137,224.82453124980765,76.89692687988281,4,0.0,0.0,0,0.0,63.78,92.6243,0.0342,0.0342,0.0,0.0,0.44065418536519496,0.34450000524520874,0.47747248521834124,0.0,0.0,0.9437936686745533,0.043793668674553365,0.0,0.0,0.1414913345423567,0.30768170539206247,138.0848077055502,92.08859252929688,2,0.0,0.0,0,0.0,20.67,-0.0,0.3077,0.3077,0.0,0.0
7,1,22.4895,17.663614565126878,29.707855978638005,60.0,62.28569511115745,10.745336856447146,8.786623995686124,4.415903641281719,4.937448754575533,-2.7821521759033203,-169.45717000373543,0.243416410439115,0.02263934279594637,0.0,0.0,-0.1341144986818701,5.482926706488991,0.0,60.0,3,0.0,0.0,0,0.010015187989828122,264.9542,169.4572,5.4829,5.4829,0.0,0.0,5.7544726926342085,4.415903641281719,5.281,1.2454004287719727,79.26976057038155,0.2,0.0,0.0,0.0,-0.5186032984309356,6.134776762687902,0.0,78.7624740600586,3,0.0,0.0,0,0.027749590530070315,264.9542,-79.2698,6.1348,6.1348,0.0,0.0,5.615445110338836,1.1785000562667847,2.7449999999999997,0.0,0.0,0.5,0.09999999999999998,0.0,0.0,-0.14010033009494,4.0489451666056215,473.09359536019775,64.8945083618164,2,0.0,0.0,0,0.2134542485412935,70.71,-0.0,4.0489,4.0489,0.0,0.0,4.415654478948055,3.683000087738037,3.2076462498271554,3.0,186.4334064369623,0.4392691152821686,0.03926911528216859,0.0,0.0,-0.6073489578514096,7.891008316858938,392.55293877259044,92.52485656738281,3,0.0,0.0,0,4.131280083119563,220.98,-186.4334,7.891,7.891,0.0,0.0,0.08847502248286165,0.7394999861717224,1.6835126824227122,0.0,0.0,0.7111382535721875,0.011138253572187451,0.8555376737681282,85.55376737681281,-0.8239575449324101,0.0,295.93572744812826,60.0,4,0.0,0.0,0,0.0,44.37,-0.0,-0.8555,0.0,0.0,0.0,4.705252984897534,2.0344998836517334,1.5117232364198807,-2.0816961526870728,-131.05907989346338,0.7328963674820552,0.032896367482055155,0.0,0.0,0.2379669754043831,3.1463334794423137,21.740084902913786,60.0,6,0.0,0.0,0,0.9189610653252086,122.07,131.0591,3.1463,3.1463,0.0,0.0,0.03424998825832137,0.24549999833106995,0.685,0.6184478998184204,39.67693121844536,0.8999999999999999,0.0,0.0,0.0,-0.23245917859400078,0.21319788640781168,422.18848256061926,60.0,4,0.0,0.0,0,0.0,14.73,-39.6769,0.2132,0.2132,0.0,0.0,0.30768170539206247,0.6919999718666077,0.47747248521834124,0.0,0.0,0.9437936686745533,0.0,0.0,0.0,-0.05792471269736514,0.5222091920403289,297.1546689387535,90.71541595458984,3,0.0,0.0,0,0.0006415160227405726,41.52,-0.0,0.5222,0.5222,0.0,0.0
7,2,21.5224515,17.24099609747234,27.439397510531904,60.0,62.43308255259459,15.285599557512286,5.482926706488991,4.310249024368085,4.712839154718381,0.0,0.0,0.27118816297905,0.027771752539935024,0.0,0.0,-0.8097656569781533,5.080336576138695,554.8274411935577,91.11560821533203,2,0.0,0.0,0,0.004001122221497252,258.6149,-0.0,5.0803,5.0803,0.0,0.0,6.134776762687902,4.310249024368085,5.036041952558904,-1.607861042022705,-100.15760655538998,0.2310565525678328,0.031056552567832796,0.0,0.0,-0.8920839988653546,3.801122792474377,692.0332814960175,101.28137969970703,2,0.0,0.0,0,0.0,258.6149,100.1576,3.8011,3.8011,0.0,0.0,4.0489451666056215,2.058500051498413,2.7449999999999997,0.0,0.0,0.5,0.0,0.0,0.0,-0.18735520173109582,3.362445218104035,256.8203089605337,60.0,3,0.0,0.0,0,0.0329346126470286,123.51,-0.0,3.3624,3.3624,0.0,0.0,7.891008316858938,2.185499906539917,2.972639189967074,-1.392138957977295,-85.6416411023938,0.46855749318370116,0.029288377901532547,0.0,0.0,-0.5168293982064014,5.711730075454486,675.2866737241607,75.76820373535156,2,0.0,0.0,0,1.2113588392927135,131.13,85.6416,5.7117,5.7117,0.0,0.0,0.0,0.75,1.374389303488049,0.0,0.0,0.7500220966168288,0.03888384304464132,1.4799269772561772,147.99269772561772,-0.7338106392048023,0.0,0.0,69.23290252685547,2,0.0,0.0,0,0.0,45.0,-0.0,-0.6244,0.0,0.0,0.0,3.1463334794423137,1.346500039100647,1.1936923831720063,3.0,188.79924765778378,0.7901924672810156,0.05729609979896033,0.0,0.0,-0.07878563028387663,6.299141135370954,106.17995199762177,108.75161743164062,3,0.0,0.0,0,22.579596315076685,80.79,-188.7992,6.2991,6.2991,0.0,0.0,0.21319788640781168,0.3499999940395355,0.44550000000000006,0.0,0.0,0.95,0.050000000000000044,0.0,0.0,0.27043487455791027,0.11769788044734714,0.0,60.0,1,0.0,0.0,0,0.0,21.0,-0.0,0.1177,0.1177,0.0,0.0,0.5222091920403289,0.12099999934434891,0.23058843158981937,0.0,0.0,1.0,0.05620633132544672,0.0,0.0,0.3301401155976426,0.41262075979485846,0.0,79.4425048828125,1,0.0,0.0,0,0.06383884790848175,7.26,-0.0,0.4126,0.4126,0.0,0.0
7,3,20.5969860855,16.95256342043166,24.785094437784753,60.0,60.887094497680664,20.739020280793937,5.080336576138695,4.238140855107915,4.342337373575133,0.0,0.0,0.3169856637384132,0.045797500759363174,0.0,0.0,-0.31506426147857414,4.9761400576714765,176.19326953815406,60.0,1,0.0,0.0,0,0.017671354764076327,254.2885,-0.0,4.9761,4.9761,0.0,0.0,3.801122792474377,4.238140855107915,4.980450804933379,0.0,0.0,0.23793664509574425,0.006880092527911441,0.0,0.0,-1.1985005878615684,3.058812842648913,833.7902847303616,60.0,2,0.0,0.0,0,0.0,254.2885,-0.0,3.0588,3.0588,0.0,0.0,3.362445218104035,1.1785000562667847,2.7449999999999997,-1.1421003341674805,-68.96812080520431,0.5,0.0,0.0,0.0,0.1719800758869087,0.6538449402033399,16.50885054517802,103.125,4,0.0,0.0,0,0.0,70.71,68.9681,0.6538,0.6538,0.0,0.0,5.711730075454486,2.805500030517578,2.972639189967074,0.0,0.0,0.46855749318370116,0.0,0.0,0.0,-0.46874038920576144,5.54459091600499,439.49484662102026,60.0,3,0.0,0.0,0,1.034936581345174,168.33,-0.0,5.5446,5.5446,0.0,0.0,0.0,3.2054998874664307,1.374389303488049,0.0,0.0,0.7500220966168288,0.0,0.0,0.0,0.036853237411839046,1.0092421033174936,0.0,75.74295806884766,2,0.0,0.0,0,0.0,192.33,-0.0,1.8311,1.0092,0.0,0.0,6.299141135370954,0.75,1.1569126570907262,0.0,0.0,0.7978709069639551,0.007678439682939575,0.0,0.0,0.10491665258531861,5.892228478280228,112.78983609450681,60.0,3,0.0,0.0,0,19.606113815388206,45.0,-0.0,5.8922,5.8922,0.0,0.0,0.11769788044734714,0.1535000056028366,0.44550000000000006,1.1421003341674805,70.11022113937179,0.95,0.0,0.0,0.0,-0.010194550961068874,0.9677982202176643,209.20045915116464,60.0,2,0.0,0.0,0,0.33150860554444656,9.21,-70.1102,0.9678,0.9678,0.0,0.0,0.41262075979485846,0.2485000044107437,0.23058843158981937,0.0,0.0,1.0,0.0,0.0,0.0,0.308454731393297,0.43053233261578283,0.0,94.32711791992188,1,0.0,0.0,0,0.08072055408083291,14.91,-0.0,0.4305,0.4305,0.0,0.0
8,0,23.5,18.4542244980786,30.624064591339177,60.0,58.20998001098633,5.045775501921402,7.02156655266052,4.61355612451965,5.1903024668923115,1.3349913358688354,78.37731464369926,0.21121106713321242,0.011211067133212405,0.0,0.0,-0.468534161178212,7.779811546156695,0.0,89.49119567871094,2,0.0,0.0,0,0.45627281981361417,276.8134,-78.3773,7.7798,7.7798,0.0,0.0,6.347010563426529,4.61355612451965,5.091347989510865,0.0,0.0,0.22456632260221965,0.024566322602219637,0.0,0.0,-0.6432178578424508,5.869218698435313,315.4522623919804,92.9537353515625,3,0.0,0.0,0,0.023226799839187108,276.8134,-0.0,5.8692,5.8692,0.0,0.0,6.212378792881574,1.559999942779541,3.5169999999999995,0.0,0.0,0.4,0.0,0.0,0.0,-0.03700019080705297,4.2553787356611155,0.0,95.42790222167969,2,0.0,0.0,0,0.03551480255730114,93.6,-0.0,4.2554,4.2554,0.0,0.0,4.456414483094753,4.61355612451965,3.5169999999999995,0.0,0.0,0.4,0.0,0.0,0.0,-0.5523669191751994,5.552970607614403,331.7404984823131,100.9219970703125,2,0.0,0.0,0,0.4483737839841686,276.8134,-0.0,5.553,5.553,0.0,0.0,1.8472061150731671,1.093000054359436,1.7695000000000003,0.0,0.0,0.7000000000000001,0.0,0.0,0.0,-0.1701924995774861,1.1707061694326026,278.8575729757577,68.4875259399414,2,0.0,0.0,0,0.0,65.58,-0.0,1.1707,1.1707,0.0,0.0,2.5824615774603257,1.1785000562667847,1.6922219239256486,-1.3349913358688354,-77.04232330783043,0.7100101134811337,0.010010113481133676,0.0,0.0,0.13936436089068507,0.7337483739326263,68.45478836784183,100.7984390258789,4,0.0,0.0,0,0.0,70.71,77.0423,0.7337,0.7337,0.0,0.0,1.0399706163767566,0.7820560711138889,0.6606237131090638,0.0,0.0,0.9055149970341484,0.005514997034148483,0.0,0.0,-0.29270510779834374,1.1614029743815817,503.60350305587826,60.0,3,0.0,0.0,0,0.16525499840686542,46.9234,-0.0,1.1614,1.1614,0.0,0.0,1.1170558903655516,0.0,0.5682971710065925,0.0,0.0,0.9243638473890203,0.02436384738902042,0.0,0.0,-0.34430866101674634,0.5487587193589591,614.9563401404062,60.0,2,0.0,0.0,0,0.0,0.0,-0.0,0.5488,0.5488,0.0,0.0
8,1,22.4895,18.29622100200641,27.0719958249733,60.0,71.52714442648998,9.239054499914992,7.779811546156695,3.986999988555908,5.1903024668923115,0.0,0.0,0.21121106713321242,0.0,0.0,0.0,-0.7924541141627548,6.57650906782029,399.014316930861,107.30894470214844,3,0.0,0.0,0,0.09566452288469643,239.22,-0.0,6.5765,6.5765,0.0,0.0,5.869218698435313,4.574055250501602,4.970450741301588,-0.4906415641307831,-37.6554448659067,0.23951035822759376,0.014944035625374108,0.0,0.0,-0.6724297841307563,4.982181643504545,371.0723558276063,78.7761001586914,3,0.0,0.0,0,6.725194957065272e-07,274.4433,37.6554,4.9822,4.9822,0.0,0.0,4.2553787356611155,1.4884999990463257,3.373963084043048,-0.13592025637626648,-9.328623432222514,0.4176807065459768,0.017680706545976754,0.0,0.0,-0.241607715360738,2.2339953942881268,280.74857609252655,90.62106323242188,2,0.0,0.0,0,0.0,89.31,9.3286,2.234,2.234,0.0,0.0,5.552970607614403,4.128499984741211,3.407729645163463,2.210628032684326,159.22522458340137,0.41415419104100215,0.014154191041002129,0.0,0.0,-0.9880478524261411,8.484368979876479,682.5381906607008,60.0,1,0.0,0.0,0,4.615439705498261,247.71,-159.2252,8.4844,8.4844,0.0,0.0,1.1707061694326026,1.1946657181262061,1.7695000000000003,0.0,0.0,0.7000000000000001,0.0,0.0,0.0,-0.6796156178401282,0.5958718875588085,774.9571031787004,60.0,3,0.0,0.0,0,0.0,71.6799,-0.0,0.5959,0.5959,0.0,0.0,0.7337483739326263,1.905500054359436,1.5944159797287683,0.0,0.0,0.7226792772372062,0.01266916375607241,0.0,0.0,0.10351735724213426,1.0448324485632943,0.0,107.30894470214844,3,0.0,0.0,0,0.0,114.33,-0.0,1.0448,1.0448,0.0,0.0,1.1614029743815817,0.296999990940094,0.24300000000000002,-0.8178391456604004,-62.141336595283065,1.0,0.0944850029658516,0.0,0.0,0.40921848256279103,0.3975638196612753,0.0,107.30894470214844,2,0.0,0.0,0,0.03920398354384336,17.82,62.1413,0.3976,0.3976,0.0,0.0,0.5487587193589591,0.7210000157356262,0.4795539421625736,-0.7662270665168762,-47.889191657304764,0.9428906175025942,0.018526770113573843,0.0,0.0,0.03354313836801085,0.02397772641513557,263.80800368671646,107.30894470214844,2,0.0,0.0,0,0.0,43.26,47.8892,0.024,0.024,0.0,0.0
8,2,21.5224515,17.98501926775489,24.339300967687954,60.0,61.67234742338989,12.776486732160102,6.57650906782029,2.3965001106262207,5.123588812038329,-0.03291812539100647,-2.244022896859292,0.2194575016021843,0.008246434468971886,0.0,0.0,-0.7425737171373511,3.816502241017175,482.4974418156369,90.99234008789062,3,0.0,0.0,0,0.0,143.79,2.244,3.8165,3.8165,0.0,0.0,4.982181643504545,4.496254816938722,4.897644262169825,0.0,0.0,0.2489412493068377,0.009430891079243942,0.0,0.0,-0.355156249148271,4.580792198273443,15.586590979267372,85.01604461669922,2,0.0,0.0,0,0.0,269.7753,-0.0,4.5808,4.5808,0.0,0.0,2.2339953942881268,1.4884999990463257,3.373963084043048,0.3629988729953766,22.568492046167535,0.4176807065459768,0.0,0.0,0.0,-0.3081511524409477,0.7115311822867811,271.38735255588233,77.7073974609375,3,0.0,0.0,0,0.0,89.31,-22.5685,0.7115,0.7115,0.0,0.0,8.484368979876479,4.186999797821045,3.407729645163463,0.0,0.0,0.41415419104100215,0.0,0.0,0.0,-0.6352542969473279,9.26363913253406,447.48667872021815,66.85641479492188,2,0.0,0.0,0,6.595658999494997,251.22,-0.0,9.2636,9.2636,0.0,0.0,0.5958718875588085,1.3730000257492065,1.710200080944244,0.0,0.0,0.7076813366652535,0.007681336665253391,0.0,0.0,0.10415225016471455,0.2586718323637711,0.0,69.74198913574219,2,0.0,0.0,0,0.0,82.38,-0.0,0.2587,0.2587,0.0,0.0,1.0448324485632943,1.0464999675750732,1.322205660796554,0.0,0.0,0.7638674975573408,0.041188220320134694,0.0,0.0,0.012850843329314028,0.7691267553418137,220.60766607010032,60.0,2,0.0,0.0,0,0.0,62.79,-0.0,0.7691,0.7691,0.0,0.0,0.3975638196612753,0.18799999356269836,0.243317211310468,-0.3300807476043701,-19.961470276312866,1.0,0.0,0.0,0.0,0.35565236943638756,0.012165854309135554,0.0,102.10936737060547,0,0.0,0.0,0,0.0,11.28,19.9615,0.0122,0.0122,0.0,0.0,0.02397772641513557,0.3889999985694885,0.4795539421625736,0.0,0.0,0.9428906175025942,0.0,0.06657621717794948,6.657621717794948,0.11018075453099327,0.0,0.0,71.19662475585938,2,0.0,0.0,0,0.0,23.34,-0.0,-0.0666,0.0,0.0,0.0
8,3,20.5969860855,18.242003078429715,19.41242919612618,60.0,61.60180120207964,17.551734297096495,3.816502241017175,2.1524999141693115,4.9489949035064065,-0.5232217311859131,-33.48096644256066,0.2410389488867233,0.021581447284539007,0.0,0.0,-0.14347560075214405,0.4967855204941669,0.0,112.56991577148438,2,0.0,0.0,0,0.0,129.15,33.481,0.4968,0.4968,0.0,0.0,4.580792198273443,4.560500769607429,4.897644262169825,0.9028609991073608,57.33167344331741,0.2489412493068377,0.0,0.0,0.0,-0.8419594195093703,5.146509704818408,410.6601341236189,72.08928680419922,3,0.0,0.0,0,0.0014252814592914727,273.63,-57.3317,5.1465,5.1465,0.0,0.0,0.7115311822867811,3.3524999618530273,3.205514228093505,2.6203607320785522,161.46674209763705,0.4385283372328015,0.020847630686824714,0.0,0.0,-0.8777810965802638,3.478877648124856,660.6423532956654,107.02589416503906,2,0.0,0.0,0,0.0034038815519573593,201.15,-161.4667,3.4789,3.4789,0.0,0.0,9.26363913253406,3.268002469218384,3.407729645163463,-3.0,-181.7942273672079,0.41415419104100215,0.0,0.0,0.0,-0.10921210917062783,6.123911956588981,161.79863057467153,60.0,2,0.0,0.0,0,0.9664282074609839,196.0801,181.7942,6.1239,6.1239,0.0,0.0,0.2586718323637711,2.8324999809265137,1.710200080944244,0.0,0.0,0.7076813366652535,0.0,0.0,0.0,-0.6660785920257185,1.380971732346041,670.4499946948073,79.93184661865234,3,0.0,0.0,0,0.0,169.95,-0.0,1.381,1.381,0.0,0.0,0.7691267553418137,1.996999979019165,1.2970553845699992,0.0,0.0,0.7691180771453482,0.0052505795880073425,0.0,0.0,-0.13886852123354948,1.4690713497909798,284.0915904249086,69.61732482910156,2,0.0,0.0,0,0.004153881611383873,119.82,-0.0,1.4691,1.4691,0.0,0.0,0.012165854309135554,0.07900000363588333,0.243317211310468,0.0,0.0,1.0,0.0,0.1521513533654491,15.215135336544911,-0.31572949531101413,0.0,0.0,78.01203918457031,0,0.0,0.0,0,0.0,4.74,-0.0,-0.1522,0.0,0.0,0.0,0.0,0.0,0.4795539421625736,0.0,0.0,0.9428906175025942,0.0,0.546130159340523,54.6130159340523,-0.8257697273382025,0.0,0.0,60.0,2,0.0,0.0,0,0.0,0.0,-0.0,-0.4796,0.0,0.0,0.0
9,0,23.5,19.39071174970026,26.72203437624892,62.802154541015625,73.3928451538086,4.10928825029974,4.196354288451174,2.3021778973707434,4.9009472158500875,0.0,0.0,0.2481023610477996,0.04810236104779958,0.0,0.0,-0.16246211008287462,1.5975849699718303,70.21141121826881,62.802154541015625,6,0.0,0.0,0,0.0,144.5817,-0.0,1.5976,1.5976,0.0,0.0,10.073875599136814,4.847677937425065,5.022661880505278,1.1806111335754395,87.23871568015238,0.23346348698118166,0.03346348698118165,0.0,0.0,-0.7381143208193379,11.079502789632041,330.41045645480494,66.33193969726562,6,0.0,0.0,0,4.01037058454173,304.4446,-87.2387,11.0795,11.0795,0.0,0.0,4.26126781088281,4.847677937425065,3.462554799804236,0.0,0.0,0.4070524870719901,0.007052487071990077,0.0,0.0,-1.0471533383544147,5.6463909485036385,825.1568598626758,104.17288970947266,4,0.0,0.0,0,0.5469216904552273,304.4446,-0.0,5.6464,5.6464,0.0,0.0,1.926791213088328,4.847677937425065,3.3416034476622993,0.0,0.0,0.4227197606655052,0.022719760665505184,0.0,0.0,-0.6086002142187621,3.4328657028510934,447.3499828102454,72.60784912109375,5,0.0,0.0,0,0.00020595181800391635,304.4446,-0.0,3.4329,3.4329,0.0,0.0,3.2944019088001477,2.5455000400543213,1.7695000000000003,-1.1806111335754395,-86.05810454657694,0.7000000000000001,0.0,0.0,0.0,0.09877864004970045,2.8897908152790293,0.0,91.26520538330078,4,0.0,0.0,0,0.2821766624751649,159.8629,86.0581,2.8898,2.8898,0.0,0.0,2.1393320699810388,0.0,1.2417887053935228,0.0,0.0,0.7757662595566549,0.07576625955665484,0.0,0.0,0.3361965606465778,0.8975433645875159,0.0,60.0,0,0.0,0.0,0,0.0,0.0,-0.0,0.8975,0.8975,0.0,0.0,0.416969096309921,0.0,0.48948743129371713,0.0,0.0,0.9408632421835061,0.04086324218350623,0.07251833498379612,7.251833498379612,-0.3488678502359319,0.0,480.20056888699287,60.0,2,0.0,0.0,0,0.0,0.0,-0.0,-0.0725,0.0,0.0,0.0,0.4130423895986891,0.0,0.5762016666894227,0.0,0.0,0.9246150075363296,0.024615007536329725,0.16315927709073363,16.315927709073364,-0.6580034988703432,0.0,612.859770010946,60.0,2,0.0,0.0,0,0.0,0.0,-0.0,-0.1632,0.0,0.0,0.0
9,1,22.4895,18.663017138201965,25.54367859082515,60.0,66.26681655293831,7.935771112097775,1.5975849699718303,4.665754284550491,4.638481031491927,1.5209548473358154,96.58063280582428,0.281031724955078,0.03292936390727841,0.0,0.0,-0.6665105295257041,3.14581307036621,332.6071121430145,86.86282348632812,4,0.0,0.0,0,0.0,279.9453,-96.5806,3.1458,3.1458,0.0,0.0,11.079502789632041,2.303999900817871,4.9561749479789885,0.5805017948150635,40.554411564181464,0.24207578394054546,0.008612296959363802,0.0,0.0,-0.2659484287400688,9.007829537285987,0.0,95.81541442871094,5,0.0,0.0,0,1.4973767892793324,138.24,-40.5544,9.0078,9.0078,0.0,0.0,5.6463909485036385,3.813499927520752,3.305476906446375,-2.0197341442108154,-125.97773070260882,0.42739936444995147,0.02034687737796137,0.0,0.0,-0.3852102983753368,4.134679825367201,416.3672202225752,104.17581176757812,4,0.0,0.0,0,0.052091980445483355,228.81,125.9777,4.1347,4.1347,0.0,0.0,3.4328657028510934,4.665754284550491,3.03256813663367,-1.2239972352981567,-83.40254052699538,0.46162853524698966,0.03890877458148445,0.0,0.0,-0.5234891120468286,3.842054615469757,550.9841578820107,75.65058898925781,3,0.0,0.0,0,0.05581849857193762,279.9453,83.4025,3.8421,3.8421,0.0,0.0,2.8897908152790293,1.13100004196167,1.7695000000000003,-0.8542253971099854,-60.12930034016517,0.7000000000000001,0.0,0.0,0.0,-0.16104810690182508,1.397065460130714,315.5827947530264,89.39191436767578,5,0.0,0.0,0,0.0,67.86,60.1293,1.3971,1.3971,0.0,0.0,0.8975433645875159,0.47699999809265137,1.2417887053935228,1.9965001344680786,136.4724839763826,0.7757662595566549,0.0,0.0,0.0,0.0922783723288409,2.129254791754723,0.0,90.95025634765625,0,0.0,0.0,0,0.2680883001197543,28.62,-136.4725,2.1293,2.1293,0.0,0.0,0.0,0.5759999752044678,0.48948743129371713,0.0,0.0,0.9408632421835061,0.0,0.0,0.0,0.11816101092479551,0.013994208926954466,121.00066578471646,79.61986541748047,3,0.0,0.0,0,0.0,34.56,-0.0,0.0865,0.014,0.0,0.0,0.0,0.27649998664855957,0.5762016666894227,0.0,0.0,0.9246150075363296,0.0,0.4628609571315968,46.28609571315968,-0.5358383111191033,0.0,66.01403944123868,60.0,3,0.0,0.0,0,0.0,16.59,-0.0,-0.2997,0.0,0.0,0.0
9,2,21.5224515,18.145485537767627,23.670691509301548,60.0,65.65772166958236,12.066245813185159,3.14581307036621,2.6480000019073486,4.127103388628563,0.7668276429176331,51.79521377514129,0.34727235226898523,0.06624062731390723,0.0,0.0,-0.4623021216226524,2.4335373265626288,458.354233288342,83.98799133300781,3,0.0,0.0,0,0.0,158.88,-51.7952,2.4335,2.4335,0.0,0.0,9.007829537285987,2.679500102996826,4.389680538113824,0.0,0.0,0.3148854728083461,0.07280968886780065,0.0,0.0,-0.16974872051481912,7.2976491021689895,191.77856365991656,60.0,2,0.0,0.0,0,0.7839617970713828,160.77,-0.0,7.2976,7.2976,0.0,0.0,4.134679825367201,4.3520002365112305,2.567433350791627,0.0,0.0,0.5230008612964214,0.09560149684646996,0.0,0.0,0.011025787601010112,5.919246711086804,126.90346758658906,60.0,2,0.0,0.0,0,2.499889463571627,261.12,-0.0,5.9192,5.9192,0.0,0.0,3.842054615469757,2.627500057220459,2.21230494602578,-1.134216547012329,-73.90296608326412,0.5812297472205094,0.1196012119735197,0.0,0.0,0.02275360302658941,3.123033179652107,355.11881929030864,60.0,2,0.0,0.0,0,0.12027476580850514,157.65,73.903,3.123,3.123,0.0,0.0,1.397065460130714,1.524999976158142,1.5783316235964993,0.36738890409469604,23.241968855135156,0.7244844511616627,0.024484451161662646,0.0,0.0,-0.1816096819540549,1.7111227167870529,276.6268454276557,82.93376922607422,4,0.0,0.0,0,0.0016202983233500926,91.5,-23.242,1.7111,1.7111,0.0,0.0,2.129254791754723,0.862500011920929,1.2417887053935228,0.0,0.0,0.7757662595566549,0.0,0.0,0.0,0.09901635701101916,1.7499660982821292,89.23092253950806,77.02989959716797,1,0.0,0.0,0,0.06651763478132096,51.75,-0.0,1.75,1.75,0.0,0.0,0.013994208926954466,0.18400000035762787,0.3876435082986863,0.0,0.0,0.9639048537208434,0.023041611537337303,0.189649299014104,18.9649299014104,-0.3050376526820622,0.0,50.37499950368011,60.0,3,0.0,0.0,0,0.0,11.04,-0.0,-0.1896,0.0,0.0,0.0,0.0,0.6570000052452087,0.5762016666894227,0.0,0.0,0.9246150075363296,0.0,0.25723610352591475,25.723610352591475,-0.524529104113079,0.0,400.0858128099305,60.0,4,0.0,0.0,0,0.0,39.42,-0.0,0.0808,0.0,0.0,0.0
9,3,20.5969860855,17.564692853210467,22.23455513453971,60.0,60.59845801082216,17.708524190924543,2.4335373265626288,4.391173213302617,3.9742657165824657,-2.651731491088867,-164.85839761775242,0.3661879057400369,0.01891555347105167,0.0,0.0,-0.5510053674371769,0.19871333219391252,553.5974728089261,95.84124755859375,2,0.0,0.0,0,0.0,263.4704,164.8584,0.1987,0.1987,0.0,0.0,7.2976491021689895,2.884000062942505,4.389680538113824,0.0,0.0,0.3148854728083461,0.0,0.0,0.0,-0.5154661608540486,5.7919686269976705,322.45334706446283,60.0,3,0.0,0.0,0,0.12659418120742177,173.04,-0.0,5.792,5.792,0.0,0.0,5.919246711086804,3.937999963760376,2.567433350791627,1.08388090133667,61.661456841895415,0.5230008612964214,0.0,0.0,0.0,-0.5496534893028365,8.37369422539222,457.0824361264829,111.51434326171875,3,0.0,0.0,0,9.873306033256526,236.28,-61.6615,8.3737,8.3737,0.0,0.0,3.123033179652107,1.9850000143051147,2.21230494602578,2.124993324279785,137.9422777657328,0.5812297472205094,0.0,0.0,0.0,-0.16352289795407318,5.020721572211227,161.972081562867,60.0,3,0.0,0.0,0,2.008428417031582,119.1,-137.9423,5.0207,5.0207,0.0,0.0,1.7111227167870529,1.8765000104904175,1.4597481517315904,-1.4484272003173828,-81.55481733543365,0.7391424822945318,0.01465803113286912,0.0,0.0,0.10808891343906461,0.6794473752284971,77.5730883590527,66.0907211303711,4,0.0,0.0,0,0.0,112.59,81.5548,0.6794,0.6794,0.0,0.0,1.7499660982821292,1.5850000381469727,1.2417887053935228,0.0,0.0,0.7757662595566549,0.0,0.0,0.0,-0.06059741431854277,2.093177431035579,201.42141776785326,94.87814331054688,1,0.0,0.0,0,0.24166746316783141,95.1,-0.0,2.0932,2.0932,0.0,0.0,0.0,0.6054999828338623,0.3439698059358459,0.8912844657897949,50.90963903696411,0.9730416115373373,0.009136757816493812,0.0,0.0,0.07078062347157955,0.9631653436737073,124.15345715222404,111.51434326171875,3,0.0,0.0,0,0.7477545547060208,36.33,-50.9096,1.1528,0.9632,0.0,0.0,0.0,0.15549999475479126,0.2416090630853422,0.0,0.0,1.0,0.07538499246367036,0.3433451718564657,34.33451718564657,-0.43173991217477625,0.0,0.0,100.308837890625,2,0.0,0.0,0,0.0,9.33,-0.0,-0.0861,0.0,0.0,0.0
10,0,23.5,18.679496010911045,29.68543328787064,60.0,55.476246126305654,4.820503989088954,8.530341610071192,4.669874002727761,5.281,2.6470394134521484,168.08700275421143,0.2,0.0,0.0,0.0,-1.4515472663975213,10.566255026251103,834.0189525482825,109.9619140625,6,0.0,0.0,0,2.6458219973470145,280.1924,-168.087,10.5663,10.5663,0.0,0.0,4.926834817656103,3.5910000801086426,5.112857844215597,-3.0,-182.5012622070426,0.22178007199279842,0.02178007199279841,0.0,0.0,-0.17657887095304373,0.4049770535491497,78.82460923731455,108.0678939819336,4,0.0,0.0,0,0.0,215.46,182.5013,0.405,0.405,0.0,0.0,4.563874963844045,4.669874002727761,3.4747026877408813,3.0,148.01306533813477,0.4052283451494584,0.005228345149458358,0.0,0.0,-0.5024910965062181,8.759046278830924,145.32166426820353,97.83097839355469,3,0.0,0.0,0,4.955313652694086,280.1924,-148.0131,8.759,8.759,0.0,0.0,5.517215639375905,1.559999942779541,3.5169999999999995,-2.6470394134521484,-127.95176647185144,0.4,0.0,0.0,0.0,-0.28399336498536415,0.9131761687032984,373.86403717594067,61.431251525878906,3,0.0,0.0,0,0.0,93.6,127.9518,0.9132,0.9132,0.0,0.0,1.5314054116205154,0.9054999947547913,1.319007885361575,0.0,0.0,0.7626824464114988,0.06268244641149878,0.0,0.0,-0.08587902984949095,1.1178975210137316,354.22948800754546,72.3739242553711,4,0.0,0.0,0,0.0,54.33,-0.0,1.1179,1.1179,0.0,0.0,2.701394853117326,0.8529999852180481,1.7695000000000003,0.0,0.0,0.7000000000000001,0.0,0.0,0.0,-0.29980059725500424,1.784894838335374,421.74925027854823,60.0,5,0.0,0.0,0,6.246431553578717e-06,51.18,-0.0,1.7849,1.7849,0.0,0.0,1.0408943370686843,0.4505000114440918,0.685,0.0,0.0,0.8999999999999999,0.0,0.0,0.0,-0.312507074898021,0.806394348512776,533.6725074162314,67.68838500976562,4,0.0,0.0,0,0.0045282491983987755,27.03,-0.0,0.8064,0.8064,0.0,0.0,0.873471655116868,1.0225000381469727,0.6611551343299025,0.0,0.0,0.9053947659887098,0.005394765988709915,0.0,0.0,-0.20954062606996704,1.2348165589339382,407.22060557704526,78.0675048828125,3,0.0,0.0,0,0.23182168582212137,61.35,-0.0,1.2348,1.2348,0.0,0.0
10,1,22.4895,18.65251012940873,25.587457794130295,60.0,50.1645940289043,9.61474181268366,10.566255026251103,2.8364999294281006,5.158724487749316,0.0,0.0,0.21583879692366376,0.015838796923663745,0.0,0.0,-0.7576301803755652,8.244030467929887,482.4752327740037,102.56136322021484,6,0.0,0.0,0,0.7135133537413361,170.19,-0.0,8.244,8.244,0.0,0.0,0.4049770535491497,2.480382653323332,4.999714788789161,0.0,0.0,0.23643590818793245,0.014655836195134025,2.1143550819166794,211.43550819166794,-1.162021966753459,0.0,90.42504991717962,60.0,4,0.0,0.0,0,0.0,148.823,-0.0,-2.1144,0.0,0.0,0.0,8.759046278830924,4.663127532352182,3.191510925986675,0.829875648021698,45.56079640751875,0.4414581530637811,0.03622980791432273,0.0,0.0,-0.3063522618935573,11.06053853321813,154.5427981016449,103.8773193359375,2,0.0,0.0,0,15.232745051623946,279.7877,-45.5608,11.0605,11.0605,0.0,0.0,0.9131761687032984,3.630500078201294,2.991151080846786,0.0,0.0,0.46811514496803286,0.06811514496803284,0.0,0.0,0.07690508879071045,1.5525251660578063,0.0,100.1314468383789,2,0.0,0.0,0,0.0,217.83,-0.0,1.5525,1.5525,0.0,0.0,1.1178975210137316,1.9859999418258667,1.319007885361575,0.0,0.0,0.7626824464114988,0.0,0.0,0.0,-0.1491547296625772,1.7848895774780236,281.0629423206481,64.4781723022461,4,0.0,0.0,0,0.04889765443397719,119.16,-0.0,1.7849,1.7849,0.0,0.0,1.784894838335374,2.8519999980926514,1.6650162336744097,-2.888627767562866,-144.04786733882236,0.7135341666224859,0.013534166622485855,0.0,0.0,-0.12980167583311666,0.0832508351907495,300.43884130032666,91.64984893798828,5,0.0,0.0,0,0.0,171.12,144.0479,0.0833,0.0833,0.0,0.0,0.806394348512776,0.07850000262260437,0.24300000000000002,2.470020294189453,121.62709184223786,1.0000000000000002,0.10000000000000031,0.0,0.0,0.17419848642510652,3.1119146453248336,0.0,91.57756042480469,3,0.0,0.0,0,58.19084486371561,4.71,-121.6271,3.1119,3.1119,0.0,0.0,1.2348165589339382,0.12549999356269836,0.24196953590534936,-0.4112681746482849,-19.840124968723103,1.0,0.09460523401129017,0.0,0.0,0.37106648852945906,0.7070788419430023,0.0,92.60897064208984,0,0.0,0.0,0,0.6197500061892836,7.53,19.8401,0.7071,0.7071,0.0,0.0
10,2,21.5224515,17.455836763885817,26.54422806714243,60.0,71.14263361840672,13.681356548797844,8.244030467929887,4.363959190971454,4.974740788832768,0.24091972410678864,17.469953759287208,0.23858091051038158,0.02274211358671782,0.0,0.0,-0.6479578894180319,7.874168594175363,314.58810181061784,60.0,6,0.0,0.0,0,0.64505250798963,261.8376,-17.47,7.8742,7.8742,0.0,0.0,0.0,3.218377598305942,4.946428203697995,0.0,0.0,0.24303078258040348,0.0065948743924710285,3.842405687308733,384.2405687308733,-2.0165029187318027,0.0,413.37904368282585,60.0,3,0.0,0.0,0,0.0,193.1027,-0.0,-1.7281,0.0,0.0,0.0,11.06053853321813,4.325500011444092,3.191510925986675,-0.2504417821764946,-17.85384384638178,0.4414581530637811,0.0,0.0,0.0,-0.6961483963434454,11.944085836499053,538.7297219572615,96.54727935791016,3,0.0,0.0,0,19.875364044887505,259.53,17.8538,11.9441,11.9441,0.0,0.0,1.5525251660578063,1.687999963760376,2.991151080846786,-0.09981649369001389,-6.8893232074708095,0.46811514496803286,0.0,0.0,0.0,-0.49799151217566917,0.14955755528138237,549.7228472101383,105.00479888916016,3,0.0,0.0,0,0.0,101.28,6.8893,0.1496,0.1496,0.0,0.0,1.7848895774780236,1.88100004196167,1.1472677947480896,0.0,0.0,0.8008548290320574,0.038172382620558554,0.0,0.0,-0.1362531121964218,2.5186218246916035,335.3455798598053,81.05863189697266,2,0.0,0.0,0,0.8960799670423523,112.86,-0.0,2.5186,2.5186,0.0,0.0,0.0832508351907495,1.5844999551773071,1.458121974470101,0.0,0.0,0.7399700743920764,0.026435907769590483,0.0,0.0,-0.1518009144686827,0.20962881589795557,301.4671802230087,101.73162078857422,3,0.0,0.0,0,0.0,95.07,-0.0,0.2096,0.2096,0.0,0.0,3.1119146453248336,0.24549999833106995,0.24300000000000002,0.0730079859495163,5.1543169080692905,1.0000000000000002,0.0,0.0,0.0,0.25305105961582103,3.18742262960542,0.0,60.0,3,0.0,0.0,0,62.095619061708625,14.73,-5.1543,3.1874,3.1874,0.0,0.0,0.7070788419430023,0.14900000393390656,0.24196953590534936,0.03633056581020355,2.469154662362598,1.0,0.0,0.0,0.0,0.3249025329107541,0.6504398757817631,0.0,104.70354461669922,0,0.0,0.0,0,0.4479507663250444,8.94,-2.4692,0.6504,0.6504,0.0,0.0
10,3,20.5969860855,16.53284405383619,26.53392513193254,60.0,59.32860825210587,17.745498580461653,7.874168594175363,2.2230000495910645,4.805812792471778,-3.0,-182.64439269335708,0.25946199782323565,0.02088108731285407,0.0,0.0,-0.05785083671277626,2.2913558512946484,66.7825962527673,60.0,5,0.0,0.0,0,0.0,133.38,182.6444,2.2914,2.2914,0.0,0.0,0.0,4.133211013459047,4.2659005543823625,1.1214057803153992,59.96011334149193,0.3305820045523825,0.08755122197197904,2.8424440287548984,284.24440287548987,-1.4539693020617062,0.0,468.4037096569559,107.69524383544922,2,0.0,0.0,0,0.0,247.9927,-59.9601,0.9887,0.0,0.0,0.0,11.944085836499053,2.990999937057495,3.191510925986675,0.0,0.0,0.4414581530637811,0.0,0.0,0.0,-0.29386592797262,11.743574847569873,188.19342256926961,94.29071807861328,4,0.0,0.0,0,18.756545148086126,179.46,-0.0,11.7436,11.7436,0.0,0.0,0.14955755528138237,1.0015000104904175,2.1955375829275257,0.8251287937164307,50.54253804100881,0.5855250565157928,0.11740991154775993,0.21935122343929514,21.935122343929514,0.01743145732050977,0.0,187.65578646514453,60.0,2,0.0,0.0,0,0.0,60.09,-50.5425,-0.2194,0.0,0.0,0.0,2.5186218246916035,1.3845000267028809,1.1472677947480896,-1.1989226341247559,-67.45374510402553,0.8008548290320574,0.0,0.0,0.0,-0.08589055000716594,1.5569314225216389,341.08294444774924,60.0,3,0.0,0.0,0,0.043706025714231676,83.07,67.4537,1.5569,1.5569,0.0,0.0,0.20962881589795557,1.781999945640564,1.1747172347516277,2.857759952545166,176.9316037758108,0.7966003877885303,0.05663031339645386,0.0,0.0,-0.21526477766881516,3.674671479332058,241.0081270109349,72.50064086914062,3,0.0,0.0,0,3.8806112979661824,106.92,-176.9316,3.6747,3.6747,0.0,0.0,3.18742262960542,0.29750001430511475,0.24000546151739904,0.0,0.0,0.9999999999999998,-4.440892098500626e-16,0.0,0.0,0.24120919674377123,3.2449171823931358,0.0,60.0,1,0.0,0.0,0,66.56065879084906,17.85,-0.0,3.2449,3.2449,0.0,0.0,0.6504398757817631,0.20900000631809235,0.24196953590534936,-0.60537189245224,-32.53182283435194,1.0,0.0,0.0,0.0,0.3451626504999608,0.012098453742266091,0.0,81.26988983154297,0,0.0,0.0,0,0.0,12.54,32.5318,0.0121,0.0121,0.0,0.0
11,0,23.5,18.148550996400136,31.8977041816661,60.0,74.24307102458465,5.351449003599863,3.1379267485259907,4.291999816894531,5.217667698614416,-0.8077440112829208,-62.261014632872616,0.2082036659825888,0.008203665982588787,0.0,0.0,-0.3560732687598996,1.4045148555231854,30.66260788386059,75.46358489990234,4,0.0,0.0,0,0.0,257.52,62.261,1.4045,1.4045,0.0,0.0,9.416990052212693,4.537137749100034,5.031402434048308,1.714484453201294,128.1458332561705,0.23233129092638508,0.032331290926385065,0.0,0.0,-0.4228513690507213,10.637209820465712,0.0,72.83814239501953,3,0.0,0.0,0,3.2963388555588677,272.2283,-128.1458,10.6372,10.6372,0.0,0.0,5.309827393672579,1.499500036239624,3.3966710771957924,-0.01413966715335846,-0.9812883102725038,0.415586648031633,0.015586648031632955,0.0,0.0,-0.3999292129557509,3.3985166855630524,424.8926704511166,60.0,6,0.0,0.0,0,1.168795795408397e-08,89.97,0.9813,3.3985,3.3985,0.0,0.0,6.1620555409850555,1.7354999780654907,3.341096536877257,0.0,0.0,0.42224274191329014,0.02224274191329012,0.0,0.0,-0.07643198140547963,4.5564589821732895,111.19982768247712,79.51679992675781,4,0.0,0.0,0,0.13332174805273478,104.13,-0.0,4.5565,4.5565,0.0,0.0,2.576209186258605,0.703499972820282,1.7695000000000003,0.0,0.0,0.7000000000000001,0.0,0.0,0.0,-0.028787513217345878,1.5102091590788866,157.36528077020293,80.33756256103516,6,0.0,0.0,0,0.0,42.21,-0.0,1.5102,1.5102,0.0,0.0,3.3839152807234543,1.0394999980926514,1.5038326590601823,0.0,0.0,0.7328389791025732,0.03283897910257316,0.0,0.0,-0.00979594260418739,2.919582619755923,203.12018195742152,92.03495788574219,4,0.0,0.0,0,0.6466021309598244,62.37,-0.0,2.9196,2.9196,0.0,0.0,0.6069578730587943,0.640500009059906,0.5700549031347601,-0.6489002108573914,-48.060082798318035,0.9240189860197039,0.02401898601970398,0.0,0.0,0.22477950274694466,0.02850276812654884,61.66391499394889,64.5953140258789,3,0.0,0.0,0,0.0,38.43,48.0601,0.0285,0.0285,0.0,0.0,1.3038221062289266,0.41200000047683716,0.599849499219834,-0.2437005639076233,-15.128963061506056,0.9178139122971058,0.017813912297105938,0.0,0.0,0.11632302800223204,0.8722720435783065,141.25365364514562,65.06227111816406,4,0.0,0.0,0,0.041688298078098575,24.72,15.129,0.8723,0.8723,0.0,0.0
11,1,22.4895,18.714955935776423,25.3272669342649,60.0,56.32711312830538,12.41490650347422,1.4045148555231854,4.678738983944106,5.05426366630888,-0.39302632212638855,-21.55335666523399,0.22936999141076675,0.02116632542817795,0.0,0.0,-0.7909035159122237,0.6359638510320229,464.3558272177993,71.71642303466797,2,0.0,0.0,0,0.0,280.7243,21.5534,0.636,0.636,0.0,0.0,10.637209820465712,4.678738983944106,5.031402434048308,1.041856288909912,58.17670686914971,0.23233129092638508,0.0,0.0,0.0,-0.5647643996445069,11.326402659271421,93.46019012022752,64.51957702636719,4,0.0,0.0,0,4.404795962805768,280.7243,-58.1767,11.3264,11.3264,0.0,0.0,3.3985166855630524,1.4042389715463415,3.0700783488677574,0.0,0.0,0.4564008333131383,0.04081418528150532,0.0,0.0,-0.2210436036020565,1.7326773082416365,356.46906517721715,60.0,4,0.0,0.0,0,0.0,84.2543,-0.0,1.7327,1.7327,0.0,0.0,4.5564589821732895,4.678738983944106,3.136820265806945,0.0,0.0,0.4480843441944688,0.025841602281178655,0.0,0.0,-0.464111870514797,6.098377700310451,353.18931477677387,60.0,3,0.0,0.0,0,1.3584258907758866,280.7243,-0.0,6.0984,6.0984,0.0,0.0,1.5102091590788866,0.6524999737739563,1.3356898587580497,-0.4534865841269493,-26.88055895408418,0.7583797893863968,0.05837978938639676,0.0,0.0,0.05364547432351201,0.37353268996784394,234.54677431084463,82.6353759765625,4,0.0,0.0,0,0.0,39.15,26.8806,0.3735,0.3735,0.0,0.0,2.919582619755923,1.534500002861023,1.3917304426506247,-1.2710282802581787,-69.69287370793984,0.747359991590858,0.014521012488284746,0.0,0.0,-0.45098744219456866,1.7913238997081427,677.637068253952,87.62969970703125,4,0.0,0.0,0,0.030738539936131126,92.07,69.6929,1.7913,1.7913,0.0,0.0,0.02850276812654884,0.4555000066757202,0.39508194348370357,-0.04842532426118851,-2.792868101770665,0.961769438162446,0.037750452142742086,0.0,0.0,-0.030148002829767612,0.04049550705737698,309.92621176554667,60.0,1,0.0,0.0,0,0.0,27.33,2.7929,0.0405,0.0405,0.0,0.0,0.8722720435783065,0.6320000290870667,0.4252488165393854,1.124110221862793,64.90891707065167,0.9564173438231262,0.038603431526020304,0.0,0.0,-0.017356087301710135,2.203133477988781,201.0437667805964,90.58979034423828,2,0.0,0.0,0,7.599137305182965,37.92,-64.9089,2.2031,2.2031,0.0,0.0
11,2,21.5224515,18.017993797541358,24.201907093577674,60.0,64.61253234936324,15.919364205932862,0.6359638510320229,3.6075000762939453,4.970128602975895,0.0,0.0,0.24026831567669754,0.010898324265930792,0.7266646756499267,72.66646756499267,-0.8555129199753105,0.0,256.7126783213474,60.543304443359375,2,0.0,0.0,0,0.0,216.45,-0.0,-0.7267,0.0,0.0,0.0,11.326402659271421,4.5044984493853395,4.775678660672463,-1.050946593284607,-68.46206040682046,0.26545613203724583,0.03312484111086075,0.0,0.0,-0.1920763811978104,10.004275854699692,0.0,76.5099868774414,2,0.0,0.0,0,2.9948861867306587,270.2699,68.4621,10.0043,10.0043,0.0,0.0,1.7326773082416365,4.5044984493853395,2.5679004708455637,1.820784091949463,119.27636657582786,0.5214497812434743,0.065048947930336,0.0,0.0,-0.2146748031660805,5.490059378730875,172.0516754706146,107.7330093383789,4,0.0,0.0,0,1.7736270236048441,270.2699,-119.2764,5.4901,5.4901,0.0,0.0,6.098377700310451,1.863496849775661,3.0704518264434038,0.0,0.0,0.4562881067857594,0.008203762591290575,0.0,0.0,-0.19600295282457772,4.891422723642708,220.01058436446553,60.0,3,0.0,0.0,0,0.4158379151460447,111.8098,-0.0,4.8914,4.8914,0.0,0.0,0.37353268996784394,1.1664999723434448,0.9012855533457912,-0.5936828255653381,-36.54900886323162,0.8548750670245826,0.09649527763818577,0.0,0.0,0.3377050053944873,0.045064283400159444,15.48845140659704,107.42411804199219,1,0.0,0.0,0,0.0,69.99,36.549,0.0451,0.0451,0.0,0.0,1.7913238997081427,1.7350000143051147,1.3470225737951442,0.0,0.0,0.7548747809656619,0.007514789374803876,0.0,0.0,0.12115365577180723,2.1793013402181134,16.727127437057213,98.07953643798828,4,0.0,0.0,0,0.20210624377739,104.1,-0.0,2.1793,2.1793,0.0,0.0,0.04049550705737698,0.47049999237060547,0.39508194348370357,0.8458671569824219,54.35604913471934,0.961769438162446,0.0,0.0,0.0,0.10116807599230002,0.9617807129267006,104.19925653597859,72.09293365478516,2,0.0,0.0,0,0.48676563059513994,28.23,-54.356,0.9618,0.9618,0.0,0.0,2.203133477988781,0.16599999368190765,0.4252488165393854,-1.0220218300819397,-65.95469519156325,0.9564173438231262,0.0,0.0,0.0,0.2325703005451391,0.9218628250493633,101.18097371886107,61.047672271728516,3,0.0,0.0,0,0.3133666312156361,9.96,65.9547,0.9219,0.9219,0.0,0.0
11,3,20.5969860855,17.022481977019773,24.493767118667613,60.0,66.46372009012715,19.49386831441309,0.0,4.255620494254943,4.970128602975895,0.0,0.0,0.24026831567669754,0.0,1.4411727843708784,144.11727843708783,-1.0941843688449437,0.0,168.6598265235636,64.91006469726562,3,0.0,0.0,0,0.0,255.3372,-0.0,-0.7145,0.0,0.0,0.0,10.004275854699692,4.255620494254943,4.705050630122094,0.0,0.0,0.2741972249271427,0.008741092889896884,0.0,0.0,-0.6154866714890331,9.554845718832542,304.1442261640862,109.76786804199219,2,0.0,0.0,0,2.5376517723911585,255.3372,-0.0,9.5548,9.5548,0.0,0.0,5.490059378730875,3.8469998836517334,2.2789677569221585,0.0,0.0,0.5645555334416213,0.04310575219814705,0.0,0.0,-0.37200142440799566,7.05809150546045,464.75958577430464,109.76786804199219,3,0.0,0.0,0,7.256603992626486,230.82,-0.0,7.0581,7.0581,0.0,0.0,4.891422723642708,3.9377411003282,3.0704518264434038,-1.064087152481079,-73.78559949828514,0.4562881067857594,0.0,0.0,0.0,-0.35612439012002634,4.694624845046426,306.68143941671565,60.0,3,0.0,0.0,0,0.3124260954648179,236.2645,73.7856,4.6946,4.6946,0.0,0.0,0.045064283400159444,0.0,0.8881952063686762,0.0,0.0,0.8578366839877307,0.002961616963148117,0.8431309229685168,84.31309229685168,-0.9723244790109172,0.0,184.62441064194581,60.0,1,0.0,0.0,0,0.0,0.0,-0.0,-0.8431,0.0,0.0,0.0,2.1793013402181134,0.0,1.0649341417027491,0.0,0.0,0.8140129275644967,0.05913814659883487,0.0,0.0,-0.2091119134436682,1.1143671985153643,539.9764063612037,60.0,2,0.0,0.0,0,0.00024718923054135335,0.0,-0.0,1.1144,1.1144,0.0,0.0,0.9617807129267006,0.2669999897480011,0.3073126672819786,2.10183048248291,140.7463881058825,0.9816267404705286,0.01985730230808258,0.0,0.0,-0.03416322568932951,3.0232985178756335,148.72535318073332,60.0,2,0.0,0.0,0,35.67944325437034,16.02,-140.7464,3.0233,3.0233,0.0,0.0,0.9218628250493633,0.4595000147819519,0.32725672160949565,-1.037743330001831,-64.85895812511444,0.9768749836832287,0.020457639860102517,0.0,0.0,0.21271170997169603,0.016362788219988655,121.41987382113298,109.76786804199219,3,0.0,0.0,0,0.0,27.57,64.859,0.0164,0.0164,0.0,0.0
12,0,23.5,20.270396486167854,23.056681307633944,60.0,62.286708664241495,3.2296035138321466,3.404946060320853,5.067599121541964,5.134043326213337,0.0,0.0,0.21816522543716466,0.018165225437164645,0.0,0.0,-0.6844336823608059,3.338501855649479,299.1021066934385,92.16181182861328,4,0.0,0.0,0,0.0,304.0559,-0.0,3.3385,3.3385,0.0,0.0,3.839838845094121,5.067599121541964,5.068824328945992,-1.5404407978057861,-93.16237996747896,0.22697365666143204,0.026973656661432033,0.0,0.0,-0.4089172329954007,2.298172839884306,157.2857115591706,88.57818603515625,5,0.0,0.0,0,0.0,304.0559,93.1624,2.2982,2.2982,0.0,0.0,5.09046433699076,5.067599121541964,3.5169999999999995,0.5518695563077927,36.149171434124355,0.4,0.0,0.0,0.0,-0.6369027058907436,7.192933014840516,350.858720710291,60.0,3,0.0,0.0,0,1.9639499860981802,304.0559,-36.1492,7.1929,7.1929,0.0,0.0,3.8794006471336164,0.15309903404234504,3.5169999999999995,-0.33964967727661133,-22.302716740743563,0.4,0.0,0.0,0.0,0.06924185823049064,0.17585000389935068,0.0,60.0,4,0.0,0.0,0,0.0,9.1859,22.3027,0.1759,0.1759,0.0,0.0,1.9677550763345235,1.6395000219345093,1.6246176347992878,3.0,186.86102761116172,0.7187671457513876,0.018767145751387493,0.0,0.0,-0.26755470233746453,4.982637463469745,201.48504103304137,84.65711975097656,3,0.0,0.0,0,4.989435357987515,98.37,-186.861,4.9826,4.9826,0.0,0.0,3.213715428072406,1.909000039100647,1.7695000000000003,0.0,0.0,0.7000000000000001,0.0,0.0,0.0,0.04868460431228054,3.353215467173053,9.839751085269382,108.90042114257812,4,0.0,0.0,0,0.6704818862600206,114.54,-0.0,3.3532,3.3532,0.0,0.0,0.4372685078297136,0.4025000035762787,0.6527070119001722,-0.15442614257335663,-9.746727010958239,0.9067417511690663,0.00674175116906639,0.0,0.0,0.09794022444996076,0.032635356932463444,149.16236989428128,106.42460632324219,3,0.0,0.0,0,0.0,24.15,9.7467,0.0326,0.0326,0.0,0.0,1.2232924058579489,0.9635000228881836,0.6375614575875536,-1.5173529386520386,-94.24650576979752,0.9107327019032683,0.01073270190326836,0.0,0.0,0.25050942235694856,0.03187803250654031,52.865240386661625,60.0,3,0.0,0.0,0,0.0,57.81,94.2465,0.0319,0.0319,0.0,0.0
12,1,22.4895,19.65610223175469,21.405824034355454,60.0,71.93163801583563,6.0630012820774555,3.338501855649479,3.937999963760376,5.134043326213337,0.0,0.0,0.21816522543716466,0.0,0.0,0.0,-0.45166955035925815,2.142458493196518,71.97303054486606,76.56629180908203,5,0.0,0.0,0,0.0,236.28,-0.0,2.1425,2.1425,0.0,0.0,2.298172839884306,4.914025557938673,4.885140360475323,2.175723075866699,157.5742286281254,0.2507669168260267,0.023793260164594654,0.0,0.0,-0.6946945362029344,4.502781113214355,221.26245335915004,60.805992126464844,4,0.0,0.0,0,0.0,294.8415,-157.5742,4.5028,4.5028,0.0,0.0,7.192933014840516,1.6900511640379001,3.5169999999999995,-0.1961911916732788,-14.25238704355479,0.4,0.0,0.0,0.0,-0.13612843746171543,5.169792987205138,99.50453394355081,60.0,4,0.0,0.0,0,0.2662303760082031,101.4031,14.2524,5.1698,5.1698,0.0,0.0,0.17585000389935068,4.914025557938673,3.1493724140225514,-1.7830345630645752,-129.62945435551615,0.44762015362402174,0.04762015362402172,0.0,0.0,-0.06440919694517792,0.15746858475089676,129.5649077370547,62.951011657714844,3,0.0,0.0,0,0.0,294.8415,129.6295,0.1575,0.1575,0.0,0.0,4.982637463469745,2.7764999866485596,1.6246176347992878,0.0,0.0,0.7187671457513876,0.0,0.0,0.0,-0.8215702590565821,6.134519815319017,820.4036538659378,77.3507080078125,4,0.0,0.0,0,10.42944180466648,166.59,-0.0,6.1345,6.1345,0.0,0.0,3.353215467173053,0.0,1.6431869196733802,0.0804634690284729,5.845058487920596,0.7156328069711163,0.015632806971116242,0.0,0.0,-0.07033422363368771,1.790492016528146,269.98401968225625,60.0,3,0.0,0.0,0,0.0019768967415963175,0.0,-5.8451,1.7905,1.7905,0.0,0.0,0.032635356932463444,0.7979999780654907,0.5273090825372195,-0.2769607901573181,-17.2812591720799,0.935112323423128,0.0283705722540617,0.0,0.0,0.25848294851929515,0.02636546230341652,0.0,60.0,2,0.0,0.0,0,0.0,47.88,17.2813,0.0264,0.0264,0.0,0.0,0.03187803250654031,0.6255000233650208,0.5519050424377385,0.0,0.0,0.9286524540266605,0.017919752123392252,0.0,0.0,0.1547244219730387,0.10547301343382254,82.5129497059616,80.75995635986328,3,0.0,0.0,0,0.0,37.53,-0.0,0.1055,0.1055,0.0,0.0
12,2,21.5224515,19.019407143371684,20.02935148595131,60.0,58.81316947937012,8.56604563870577,2.142458493196518,4.754851785842921,5.089425807102329,-1.5534131526947021,-90.58444444456882,0.22394469682460086,0.0057794713874362025,0.0,0.0,-0.7224685160757395,0.2544713192424073,403.5713788319555,67.27964782714844,5,0.0,0.0,0,0.0,285.2911,90.5844,0.2545,0.2545,0.0,0.0,4.502781113214355,2.1514999866485596,4.673978043286308,0.0,0.0,0.2768945377700496,0.026127620944022878,0.0,0.0,-0.5097192315223467,1.9803030565766067,389.95668539138256,96.08644104003906,3,0.0,0.0,0,0.0,129.09,-0.0,1.9803,1.9803,0.0,0.0,5.169792987205138,4.754851785842921,3.385929803726481,1.5534131526947021,92.13785759726352,0.4169780046986424,0.016978004698642357,0.0,0.0,-0.8254926331697753,8.09212812201628,553.3663430671373,60.0,4,0.0,0.0,0,3.8559255488356254,285.2911,-92.1379,8.0921,8.0921,0.0,0.0,0.15746858475089676,1.3289999961853027,2.9758842656288915,0.0,0.0,0.4700927117061022,0.02247255808208043,1.489415684692692,148.9415684692692,-0.8465918082844072,0.0,168.60806771765996,60.0,3,0.0,0.0,0,0.0,79.74,-0.0,-1.4894,0.0,0.0,0.0,6.134519815319017,1.4005000591278076,1.315580801319949,0.0,0.0,0.7617668147407233,0.042999668989335715,0.0,0.0,-0.18830372004892565,6.219439073126876,376.9085373372137,60.0,3,0.0,0.0,0,17.6456836394695,84.03,-0.0,6.2194,6.2194,0.0,0.0,1.790492016528146,0.6825000047683716,1.3087733681487645,0.0,0.0,0.7656332174981072,0.05000041052699089,0.0,0.0,0.13367817276667116,1.164218653147753,121.3461746126321,60.0,3,0.0,0.0,0,0.0,40.95,-0.0,1.1642,1.1642,0.0,0.0,0.02636546230341652,0.6570000052452087,0.44124042259233753,0.0,0.0,0.9545848709219702,0.019472547498842196,0.0,0.0,0.25771227621035264,0.24212504495628773,0.0,108.64453125,1,0.0,0.0,0,0.0,39.42,-0.0,0.2421,0.2421,0.0,0.0,0.10547301343382254,0.484499990940094,0.5519050424377385,0.0,0.0,0.9286524540266605,0.0,0.0,0.0,-0.09722080219095829,0.03806796193617801,330.0649111061397,60.0,4,0.0,0.0,0,0.0,29.07,-0.0,0.0381,0.0381,0.0,0.0
12,3,20.5969860855,18.583205310059427,17.99075323100239,60.0,59.35866165161133,13.384529942916842,0.2544713192424073,4.374499797821045,4.851851242139861,0.0,0.0,0.2533111449040161,0.029366448079415214,0.22288012507640875,22.288012507640875,-0.3701362000518094,0.0,0.0,82.68904876708984,2,0.0,0.0,0,0.0,262.47,-0.0,-0.2229,0.0,0.0,0.0,1.9803030565766067,3.000499963760376,4.587755753166673,0.0,0.0,0.28756561327990554,0.010671075509855965,0.0,0.0,-0.24239332873407737,0.39304726717031,31.8548526438606,104.15875244140625,3,0.0,0.0,0,0.0,180.03,-0.0,0.393,0.393,0.0,0.0,8.09212812201628,3.1389999389648438,3.1959269158316936,-1.4143712520599365,-83.24799897476169,0.4404932135965121,0.023515208897869733,0.0,0.0,-0.06452958755605923,6.620829893089494,100.92352962505437,87.5395736694336,2,0.0,0.0,0,1.899745515172782,188.34,83.248,6.6208,6.6208,0.0,0.0,0.0,3.945499897003174,2.6639268576589754,0.0,0.0,0.5100735782027146,0.03998086649661242,0.20784264534849406,20.784264534849406,-0.5855578447474693,0.0,542.4190194079957,109.38246154785156,2,0.0,0.0,0,0.0,236.73,-0.0,1.2816,0.0,0.0,0.0,6.219439073126876,1.7039999961853027,1.1117024487896485,0.0,0.0,0.804330145122832,0.04256333038210869,0.0,0.0,0.01955637876831769,6.81173662052253,160.91399484421407,74.83868408203125,3,0.0,0.0,0,33.088784135836256,102.24,-0.0,6.8117,6.8117,0.0,0.0,1.164218653147753,0.7279999852180481,1.142962963260393,1.4143712520599365,84.66237022682162,0.8002491684142599,0.03461595091615266,0.0,0.0,-0.0782515404486096,2.1636269271653443,251.75594903582905,60.0,2,0.0,0.0,0,0.43065423448221024,43.68,-84.6624,2.1636,2.1636,0.0,0.0,0.24212504495628773,0.10999999940395355,0.3273069132116189,0.0,0.0,0.9783705722540617,0.023785701332091458,0.0,0.0,0.19294840918564193,0.024818131148622358,113.5231185538363,65.40553283691406,1,0.0,0.0,0,0.0,6.6,-0.0,0.0248,0.0248,0.0,0.0,0.03806796193617801,0.5260000228881836,0.5519050424377385,0.0,0.0,0.9286524540266605,0.0,0.0,0.0,0.12054680076925894,0.012162942386623077,101.95102972255984,60.0,5,0.0,0.0,0,0.0,31.56,-0.0,0.0122,0.0122,0.0,0.0
13,0,23.5,18.666561238006256,29.739328174973934,71.74565124511719,81.04499621145538,4.833438761993744,5.207159159672861,1.247420871284234,4.6209999999999996,-0.06513089686632156,-5.799808922030564,0.2,0.0,0.0,0.0,-0.26774544171380166,1.7684491340907735,0.0,71.74565124511719,4,0.0,0.0,0,0.0,89.497,5.7998,1.7684,1.7684,0.6599999999999999,42.89999999999999,4.5579554757256355,4.480000019073486,4.246476535785857,-2.8545408248901367,-230.79249608788086,0.24714289622931446,0.047142896229314446,0.0,0.0,-0.06622511745921639,1.9369381341231273,0.0,98.0089111328125,3,0.0,0.0,0,0.0,321.4205,230.7925,1.9369,1.9369,0.6599999999999999,42.89999999999999,6.707550995686877,4.666640309501564,3.0219999999999994,0.0,0.0,0.4,0.0,0.0,0.0,-0.8267490036315843,8.352191305188441,534.4936942911183,95.1313247680664,4,0.0,0.0,0,6.242884579280026,334.8111,-0.0,8.3522,8.3522,0.49499999999999994,32.175,6.9070927177753525,2.741499900817871,2.897065231696711,0.0,0.0,0.4266960420585101,0.02669604205851006,0.0,0.0,-0.249007306270538,6.751527386896512,206.3221816512433,74.83689880371094,3,0.0,0.0,0,2.9576178457482074,196.6907,-0.0,6.7515,6.7515,0.4069030612069167,26.44869897844959,2.6315578269301723,2.4820001125335693,1.6045000000000003,3.0,243.90948352936618,0.7000000000000001,0.0,0.0,0.0,-1.1946018887179908,6.509057939463743,819.5417689520784,85.3927993774414,4,0.0,0.0,0,13.105696176038496,178.0727,-243.9095,6.5091,6.5091,0.16499999999999998,10.724999999999998,2.3266915892433664,3.0490000247955322,1.6045000000000003,-0.2621278166770935,-20.603031004117156,0.7000000000000001,0.0,0.0,0.0,-0.501744076292893,3.509063797361805,490.2215523204581,98.78579711914062,1,0.0,0.0,0,1.2315420194980693,218.7525,20.603,3.5091,3.5091,0.16499999999999998,10.724999999999998,0.34804196815694877,0.0,0.6684912566714679,0.6261073127388954,51.7814235502577,0.9037350098028352,0.003735009802835254,0.0,0.0,0.11791006237362467,0.30565802422437627,112.78030962640229,60.0,3,0.0,0.0,0,0.0,0.0,-51.7814,0.3057,0.3057,0.0,0.0,1.0532784417827208,0.0,0.5799720541935812,-0.44430777430534363,-34.869463752856404,0.9237619786892349,0.02376197868923502,0.0,0.0,0.3121969452265786,0.028998613283795938,30.759536990425865,60.0,3,0.0,0.0,0,0.0,0.0,34.8695,0.029,0.029,0.0,0.0
13,1,22.4895,17.794647759688182,29.161884334632575,60.0,59.489789110853266,9.528291002305561,1.7684491340907735,4.4486619399220455,5.08625135399579,0.4453744888305664,25.14583388729261,0.2240727621760455,0.02407276217604548,0.0,0.0,-0.35439340596607527,1.5762342088475956,0.0,71.26545715332031,3,0.0,0.0,0,0.0,266.9197,-25.1458,1.5762,1.5762,0.0,0.0,1.9369381341231273,4.4486619399220455,4.727622172094352,-0.5804858207702637,-32.43960256775881,0.2703105599199237,0.02316766369060924,0.0,0.0,-0.5540136164014877,1.0774920811805568,315.78087878176575,84.6854476928711,3,0.0,0.0,0,0.0,266.9197,32.4396,1.0775,1.0775,0.0,0.0,8.352191305188441,1.8648237916292167,3.4307004882121324,0.0,0.0,0.4111786932367705,0.011178693236770454,0.0,0.0,-0.3228763015470582,6.786314608605526,301.23737229019554,60.0,4,0.0,0.0,0,1.6230273225236465,111.8894,-0.0,6.7863,6.7863,0.0,0.0,6.751527386896512,2.2915000915527344,3.303968292903628,2.9342923164367676,178.17463765335106,0.4266960420585101,0.0,0.0,0.0,-0.551993637872016,8.673351501982387,320.07481553288636,91.25424194335938,4,0.0,0.0,0,5.56195151779308,137.49,-178.1746,8.6734,8.6734,0.0,0.0,6.509057939463743,1.9594999551773071,1.5795625264702782,-3.0,-178.7725009138794,0.7234780560605344,0.023478056060534325,0.0,0.0,0.17612657884499205,3.8889953681707716,110.77850301492786,95.89064025878906,4,0.0,0.0,0,2.0414000217624895,117.57,178.7725,3.889,3.889,0.0,0.0,3.509063797361805,1.3925000429153442,1.2054040282666685,0.0,0.0,0.7902932062745095,0.09029320627450943,0.0,0.0,0.12348483713944094,3.69615981201048,148.62971580862066,111.07596588134766,1,0.0,0.0,0,3.6991242174483063,83.55,-0.0,3.6962,3.6962,0.0,0.0,0.30565802422437627,0.5040000081062317,0.6684912566714679,0.0,0.0,0.9037350098028352,0.0,0.0,0.0,0.13202684106535295,0.14116677565914004,85.88242191207104,103.9778823852539,4,0.0,0.0,0,0.0,30.24,-0.0,0.1412,0.1412,0.0,0.0,0.028998613283795938,0.8849999904632568,0.5799720541935812,0.2008190155029297,11.472117761764821,0.9237619786892349,0.0,0.0,0.0,0.1931613767000409,0.5348455650564011,10.222930265501768,77.57164764404297,4,0.0,0.0,0,0.0,53.1,-11.4721,0.5348,0.5348,0.0,0.0
13,2,21.5224515,17.496557118836915,26.374559921512855,60.0,58.25326481369965,13.554185383468646,1.5762342088475956,3.7720000743865967,5.030254423074393,-0.06646713614463806,-4.28687064407859,0.2313262506373664,0.0072534884613209005,0.0,0.0,-0.6993452849860539,0.25151272401516156,359.9453475006521,106.56475830078125,3,0.0,0.0,0,0.0,226.32,4.2869,0.2515,0.2515,0.0,0.0,1.0774920811805568,4.374139279709229,4.221580059328923,0.19637548923492432,11.560499739630359,0.3354976518166608,0.0651870918967371,0.0,0.0,-0.14188525400435736,1.4264267907957864,57.41759914722889,60.0,2,0.0,0.0,0,0.0,262.4484,-11.5605,1.4264,1.4264,0.0,0.0,6.786314608605526,4.374139279709229,3.005435116710687,-1.9477529525756836,-110.27898963021835,0.46626488125509247,0.05508618801832199,0.0,0.0,-0.07900444377266154,6.207265819028384,180.2875949791932,60.0,4,0.0,0.0,0,1.7603737396173869,262.4484,110.279,6.2073,6.2073,0.0,0.0,8.673351501982387,1.3977784824092545,2.6321882565072596,0.0,0.0,0.5137141814880914,0.08701813942958136,0.0,0.0,0.29069608184746476,7.438941727884382,0.0,60.0,1,0.0,0.0,0,5.930949212043494,83.8667,-0.0,7.4389,7.4389,0.0,0.0,3.8889953681707716,1.5844999551773071,1.242348543209016,2.1518060863018036,126.40283419852949,0.7780462538385873,0.054568197778052885,0.0,0.0,-0.03513998292491739,6.382952866440866,96.88215164700655,85.55341339111328,2,0.0,0.0,0,21.634171321133707,95.07,-126.4028,6.383,6.383,0.0,0.0,3.69615981201048,1.346500039100647,1.2054040282666685,-0.33396148681640625,-21.049292088326183,0.7902932062745095,0.0,0.0,0.0,0.20690606527792485,3.503294336028052,0.0,80.79108428955078,1,0.0,0.0,0,3.0240869911775086,80.79,21.0493,3.5033,3.5033,0.0,0.0,0.14116677565914004,0.2720000147819519,0.46400000000000013,0.0,0.0,0.95,0.04626499019716479,0.05083320955890819,5.083320955890819,-0.08986665230005562,0.0,243.03272169652695,60.0,3,0.0,0.0,0,0.0,16.32,-0.0,-0.0508,0.0,0.0,0.0,0.5348455650564011,0.37549999356269836,0.45535806545615204,0.0,0.0,0.9519551888108253,0.028193210121590373,0.0,0.0,0.04329248103331821,0.45498749316294745,221.70393590033623,76.3853530883789,2,0.0,0.0,0,0.0,22.53,-0.0,0.455,0.455,0.0,0.0
13,3,20.5969860855,16.74129446373466,25.665381757355583,60.0,67.2471342667892,17.409877005233984,0.25151272401516156,3.7844998836517334,4.368812501404979,0.0,0.0,0.3160823033325747,0.0847560526952083,0.33279989373808405,33.279989373808405,-0.7669861679967089,0.0,613.9262049952769,60.0,2,0.0,0.0,0,0.0,227.07,-0.0,-0.3328,0.0,0.0,0.0,1.4264267907957864,4.185323615933665,4.037344874408216,0.0,0.0,0.35827085143603143,0.022773199619370632,0.0,0.0,-0.1487099384684654,1.5744055323212356,0.0,101.6480941772461,0,0.0,0.0,0,0.0,251.1194,-0.0,1.5744,1.5744,0.0,0.0,6.207265819028384,1.471500039100647,2.831073263635757,1.1050139665603638,78.27722101756353,0.48781764430514557,0.021552763050053103,0.0,0.0,-0.09679959259461253,5.952706561053638,135.9921130840883,104.12692260742188,3,0.0,0.0,0,1.8071660249586103,88.29,-78.2772,5.9527,5.9527,0.0,0.0,7.438941727884382,3.4644709082401057,2.6321882565072596,0.0,0.0,0.5137141814880914,0.0,0.0,0.0,-0.1756341074598954,8.271224379617228,162.84204481523815,60.0,1,0.0,0.0,0,8.841109615670813,207.8683,-0.0,8.2712,8.2712,0.0,0.0,6.382952866440866,1.284500002861023,1.1607553352685567,-1.8039808869361877,-120.41055447505119,0.796506255635071,0.01846000179648377,0.0,0.0,0.029315599547602066,4.702716647097144,286.9574201517584,60.0,2,0.0,0.0,0,9.439924143771082,77.07,120.4106,4.7027,4.7027,0.0,0.0,3.503294336028052,1.8350000381469727,1.2054040282666685,0.0,0.0,0.7902932062745095,0.0,0.0,0.0,0.14671718988891674,4.132890345908356,0.0,104.12692260742188,1,0.0,0.0,0,5.539980442025635,110.1,-0.0,4.1329,4.1329,0.0,0.0,0.0,0.5684999823570251,0.34668384976312516,0.0,0.0,0.9744918894022703,0.024491889402270317,0.0,0.0,0.12897709937697438,0.1709829230349918,138.06540031938948,60.0,2,0.0,0.0,0,0.0,34.11,-0.0,0.2218,0.171,0.0,0.0,0.45498749316294745,0.14749999344348907,0.45535806545615204,0.698966920375824,43.93731434442384,0.9519551888108253,0.0,0.0,0.0,0.17246600008162583,0.8460963415261085,49.16547634451969,79.87340545654297,3,0.0,0.0,0,0.15529423886528013,8.85,-43.9373,0.8461,0.8461,0.0,0.0
14,0,23.5,18.182724097709787,31.75531625954256,73.6136703491211,66.12109895492193,5.317275902290214,10.206503669937957,4.545681024427447,4.6209999999999996,0.0,0.0,0.2,0.0,0.0,0.0,-0.6989672525041906,10.131184694365405,179.63172950096398,103.74624633789062,4,0.0,0.0,0,3.587413530277797,334.6243,-0.0,10.1312,10.1312,0.6599999999999999,42.89999999999999,6.203871267768006,2.7160000801086426,4.579150679703494,0.0,0.0,0.20542089641146463,0.005420896411464621,0.0,0.0,-0.3553647241277006,4.340720668173155,0.0,87.62310028076172,2,0.0,0.0,0,0.0,199.9347,-0.0,4.3407,4.3407,0.6599999999999999,42.89999999999999,3.9375784382984658,2.9353620307350816,2.8347831904043814,0.3342127203941345,26.092800378360153,0.4404854159543996,0.040485415954399584,0.0,0.0,-0.26577895111824434,4.3723699990233005,236.97257406708596,73.6136703491211,4,0.0,0.0,0,0.30710673589835275,216.0828,-26.0928,4.3724,4.3724,0.36139812735048127,23.49087827778128,4.300575874158305,4.545681024427447,2.911554399687528,-1.6800805926322937,-110.24873482136763,0.4249876923783873,0.024987692378387272,0.0,0.0,-0.07688177775462152,4.25462190626593,5.8691133863660205,95.17121887207031,6,0.0,0.0,0,0.21039104287676844,334.6243,110.2487,4.2546,4.2546,0.4125406151513221,26.815139984835938,2.425908496049785,0.0,1.6045000000000003,0.0,0.0,0.7000000000000001,0.0,0.0,0.0,0.1907828622885817,0.8214084960497847,0.0,60.0,0,0.0,0.0,0,0.0,0.0,-0.0,0.8214,0.8214,0.16499999999999998,10.724999999999998,3.0100886271810654,2.573499917984009,1.5130841425625354,0.0,0.0,0.7206823206872093,0.02068232068720921,0.0,0.0,-0.2723763122015674,4.070504402602539,330.7433621865228,74.93077850341797,6,0.0,0.0,0,2.8098338364926807,189.4448,-0.0,4.0705,4.0705,0.09674834173220971,6.288642212593631,0.5276982015882778,0.0,0.6523391797215692,0.12393736839294434,7.937437334357583,0.9068185428556224,0.006818542855622445,0.0007036097403469999,0.07036097403469999,-0.4503689948623613,0.0,691.0111716525944,60.0,4,0.0,0.0,0,0.0,0.0,-7.9374,-0.0007,0.0,0.0,0.0,1.1430916845606955,0.8665000200271606,0.5679777469799302,1.2219305038452148,77.89857770128219,0.9244816428912279,0.024481642891228006,0.0,0.0,0.15477840906428308,2.6635444614531405,0.0,107.05903625488281,1,0.0,0.0,0,7.42551795124304,63.7862,-77.8986,2.6635,2.6635,0.0,0.0
14,1,22.4895,17.436454889296016,30.654354627933255,60.0,61.26501986565675,10.370321012994197,10.131184694365405,4.359113722324004,5.115958278187606,1.8448357582092285,116.2477566402622,0.22137846137466236,0.021378461374662344,0.0,0.0,-1.2920187614208507,11.219175896711032,833.8466065429179,116.63783264160156,4,0.0,0.0,0,3.9762771935576535,261.5468,-116.2478,11.2192,11.2192,0.0,0.0,4.340720668173155,4.359113722324004,4.987076549840141,-1.9047441482543945,-115.20514492958682,0.23701791137438874,0.03159701496292411,0.0,0.0,-0.9987213588688996,1.808013692402624,829.7000506950742,108.17881774902344,1,0.0,0.0,0,0.0,261.5468,115.2051,1.808,1.808,0.0,0.0,4.3723699990233005,3.999113708018889,2.589083907189662,-2.0661816596984863,-127.5863364587567,0.5183450635251072,0.07785964757070762,0.0,0.0,0.26707012420511583,3.7162181401540413,0.0,60.0,1,0.0,0.0,0,0.16187877787664734,239.9468,127.5863,3.7162,3.7162,0.0,0.0,4.25462190626593,4.359113722324004,3.170461187939028,-1.4155064821243286,-84.50478367993492,0.4445981226318844,0.019610430253497124,0.0,0.0,-0.2295870125991799,4.027767958526578,211.29506076790676,60.0,4,0.0,0.0,0,0.06027357850734297,261.5468,84.5048,4.0278,4.0278,0.0,0.0,0.8214084960497847,0.0,1.7695000000000003,0.0,0.0,0.7000000000000001,0.0,0.9480915039502156,94.80915039502156,-1.385972406993399,0.0,823.5762368567249,60.0,1,0.0,0.0,0,0.0,0.0,-0.0,-0.9481,0.0,0.0,0.0,4.070504402602539,0.0,1.4079608131252719,0.5796502828598022,32.279931850288904,0.7456355556896164,0.024953235002407093,0.0,0.0,0.22574849130997104,3.2421938723370696,0.0,60.0,5,0.0,0.0,0,1.3637050372574109,0.0,-32.2799,3.2422,3.2422,0.0,0.0,0.0,0.0,0.585062397671328,3.0,186.51579959705532,0.9220395342697041,0.01522099141408173,0.0,0.0,-0.3471925074983636,2.414233992588325,414.01147185453567,60.0,4,0.0,0.0,0,5.055950879669138,0.0,-186.5158,2.4149,2.4142,0.0,0.0,2.6635444614531405,0.36000001430511475,0.5679777469799302,-0.03805375099182129,-2.322736978258945,0.9244816428912279,0.0,0.0,0.0,0.23364004993646212,2.4175129777865036,0.0,116.63783264160156,1,0.0,0.0,0,5.4341240003944185,21.6,2.3227,2.4175,2.4175,0.0,0.0
14,2,21.5224515,16.903623532678516,28.845116530506175,62.87718200683594,62.87718200683594,14.989148980315678,11.219175896711032,4.225905883169629,4.9297865264147,0.0,0.0,0.24549397326234462,0.024115511887682267,0.0,0.0,-0.30206952587868785,10.515295253465961,0.0,108.40687561035156,3,0.0,0.0,0,3.368097622785044,265.7131,-0.0,10.5153,10.5153,0.0,0.0,1.808013692402624,4.225905883169629,4.987076549840141,0.0,0.0,0.23701791137438874,0.0,0.0,0.0,-0.38526535000853035,1.0468430257321124,0.0,96.56744384765625,1,0.0,0.0,0,0.0,265.7131,-0.0,1.0468,1.0468,0.0,0.0,3.7162181401540413,2.686000108718872,2.4913812710033736,0.0,0.0,0.5310008454145229,0.01265578188941563,0.0,0.0,0.04950536445629361,3.9108369778695393,53.95075491423089,78.8903579711914,1,0.0,0.0,0,0.3052209392116444,168.8881,-0.0,3.9108,3.9108,0.0,0.0,4.027767958526578,3.4210000038146973,3.0566238176736436,0.0,0.0,0.4586694910206834,0.014071368388798966,0.0,0.0,-0.04840195185555304,4.392144144667632,0.0,89.30825805664062,3,0.0,0.0,0,0.19285605167768796,215.1028,-0.0,4.3921,4.3921,0.0,0.0,0.0,1.4933116492757357,1.7695000000000003,0.0,0.0,0.7000000000000001,0.0,1.2242798546744802,122.42798546744802,-0.8698318343279834,0.0,243.50379988868795,62.87718200683594,2,0.0,0.0,0,0.0,93.8952,-0.0,-0.2762,0.0,0.0,0.0,3.2421938723370696,0.0,1.221398849318216,0.0,0.0,0.7815769539323698,0.03594139824275344,0.0,0.0,-0.11869115520959561,2.0207950230188536,420.5948082975952,60.0,4,0.0,0.0,0,0.21163568954589254,0.0,-0.0,2.0208,2.0208,0.0,0.0,2.414233992588325,0.09749999642372131,0.24293747496501672,0.0,0.0,1.0,0.07796046573029591,0.0,0.0,0.32673398674167153,2.26879651404703,0.0,76.69164276123047,2,0.0,0.0,0,24.39221802817997,6.1305,-0.0,2.2688,2.2688,0.0,0.0,2.4175129777865036,0.7540000081062317,0.500254565711461,0.0,0.0,0.9398036296035512,0.015321986712323321,0.0,0.0,0.09342215777654811,2.6712584201812746,126.10842587360555,71.99866485595703,1,0.0,0.0,0,9.813747937001233,47.4094,-0.0,2.6713,2.6713,0.0,0.0
14,3,20.5969860855,16.462753439344226,26.825969358982398,60.0,67.58623071287674,19.123381626471453,10.515295253465961,4.1156883598360565,4.9297865264147,0.0,0.0,0.24549397326234462,0.0,0.0,0.0,-0.7105772677823665,9.701197086887317,345.62906363745134,106.67059326171875,4,0.0,0.0,0,2.271667698234331,246.9413,-0.0,9.7012,9.7012,0.0,0.0,1.0468430257321124,4.1156883598360565,4.987076549840141,0.0,0.0,0.23701791137438874,0.0,0.0,0.0,-1.1350743417624183,0.17545483572802834,758.6150797915893,65.27143096923828,2,0.0,0.0,0,0.0,246.9413,-0.0,0.1755,0.1755,0.0,0.0,3.9108369778695393,1.2580000162124634,2.4142615900995215,-1.8185194730758667,-122.80337490552711,0.5409904413865244,0.009989595972001553,0.0,0.0,-0.0020212735956479863,0.936055930906615,316.6480517081804,89.18152618408203,1,0.0,0.0,0,0.0,75.48,122.8034,0.9361,0.9361,0.0,0.0,4.392144144667632,1.1644999980926514,2.89425673188501,-0.773152232170105,-52.90036022237837,0.47874589043643295,0.02007639941574957,0.0,0.0,0.08835248293979334,1.8892351787051682,92.3098557572572,106.67059326171875,2,0.0,0.0,0,0.0,69.87,52.9004,1.8892,1.8892,0.0,0.0,0.0,2.5390000343322754,1.4241781864762308,2.36501407623291,162.00513851762344,0.744730804860592,0.04473080486059189,0.0,0.0,-0.21246984316703402,2.395670685159761,166.32943491460338,60.0,2,0.0,0.0,0,0.27366681568959117,152.34,-162.0051,3.4798,2.3957,0.0,0.0,2.0207950230188536,1.253999948501587,1.0659117999229086,2.2035579681396484,149.05171172392556,0.8140377158103045,0.032460761877934674,0.0,0.0,-0.05441307602736235,4.412441139737181,137.00371562223322,106.67059326171875,3,0.0,0.0,0,9.30839258741502,75.24,-149.0517,4.4124,4.4124,0.0,0.0,2.26879651404703,0.31299999356269836,0.24293747496501672,-1.976900339126587,-130.78454306927097,1.0,0.0,0.0,0.0,0.4436831088958698,0.3619586935181246,0.0,60.0,2,0.0,0.0,0,0.020407472280897076,18.78,130.7845,0.362,0.362,0.0,0.0,2.6712584201812746,0.17399999499320984,0.500254565711461,0.0,0.0,0.9398036296035512,0.0,0.0,0.0,-0.24270327072792797,2.3450038494630236,488.83031426476316,60.0,2,0.0,0.0,0,6.531708412249614,10.44,-0.0,2.345,2.345,0.0,0.0
15,0,23.5,18.595458145727708,30.035591059467883,60.0,70.12822341918945,4.904541854272291,6.540547679788406,4.648864536431927,4.517763408776008,2.146890163421631,151.6310381186031,0.29780465890714214,0.09780465890714213,0.0,0.0,-0.3297455363203321,8.818538970865955,146.93501927719583,66.76699829101562,8,0.0,0.0,0,1.997338747524734,278.9319,-151.631,8.8185,8.8185,0.0,0.0,5.909722053409935,4.648864536431927,5.205468336484068,-2.146890163421631,-149.48414795518147,0.2093479781579124,0.009347978157912384,0.0,0.0,-0.5092793457811947,3.2062280899361637,250.6770681538668,78.71577453613281,6,0.0,0.0,0,0.0,278.9319,149.4841,3.2062,3.2062,0.0,0.0,6.3065758157527565,3.342729059750834,3.4736781204943634,0.0,0.0,0.4053549912862344,0.005354991286234401,0.0,0.0,-0.17854513604824876,6.175626755009227,49.87551889589034,60.0,3,0.0,0.0,0,0.926783655401219,200.5637,-0.0,6.1756,6.1756,0.0,0.0,4.938961957519496,2.24399995803833,3.151101502594031,0.0,0.0,0.4452284916447429,0.04522849164474285,0.0,0.0,-0.2786960206894876,4.031860412963795,365.7095334657661,81.30831146240234,3,0.0,0.0,0,0.06507572704752398,134.64,-0.0,4.0319,4.0319,0.0,0.0,3.2955575147255884,0.703499972820282,1.7695000000000003,0.0,0.0,0.7000000000000001,0.0,0.0,0.0,0.1272244965081744,2.22955748754587,0.0,61.231658935546875,1,0.0,0.0,0,0.030494703300784753,42.21,-0.0,2.2296,2.2296,0.0,0.0,1.5464508465483124,2.0355000495910645,1.7695000000000003,0.0,0.0,0.7000000000000001,0.0,0.0,0.0,-0.3163232363213468,1.8124508961393766,363.65814171372944,109.0026626586914,3,0.0,0.0,0,8.121284554762047e-05,122.13,-0.0,1.8125,1.8125,0.0,0.0,0.9392483120382285,0.7455000281333923,0.685,0.0,0.0,0.8999999999999999,0.0,0.0,0.0,-0.7403534663742066,0.9997483401716207,814.6450834539362,71.04818725585938,3,0.0,0.0,0,0.04901655315825796,44.73,-0.0,0.9997,0.9997,0.0,0.0,0.5585268796851612,0.226500004529953,0.6376007162384245,0.0,0.0,0.9107238198555601,0.010723819855560146,0.0,0.0,0.24906673295664739,0.14742616797668973,0.0,60.0,2,0.0,0.0,0,0.0,13.59,-0.0,0.1474,0.1474,0.0,0.0
15,1,22.4895,18.21235509105391,27.421437120608697,60.0,64.01552588244427,9.18168676321838,8.818538970865955,3.7090001106262207,4.170459137607014,0.0,0.0,0.34221437520047293,0.04440971629333079,0.0,0.0,-0.07193057890525249,8.35707994388516,0.0,105.02226257324219,4,0.0,0.0,0,2.105490408999687,222.54,-0.0,8.3571,8.3571,0.0,0.0,3.2062280899361637,4.553088772763478,4.710572914707333,0.0,0.0,0.2726198212975012,0.06327184313958878,0.0,0.0,-0.9347003291697354,3.0487439479923086,777.0356841415063,86.41879272460938,4,0.0,0.0,0,0.0,273.1853,-0.0,3.0487,3.0487,0.0,0.0,6.175626755009227,4.553088772763478,3.4736781204943634,0.0,0.0,0.4053549912862344,0.0,0.0,0.0,-0.5850035960554886,7.2550374072783415,361.53915764081,87.46775817871094,4,0.0,0.0,0,2.147363190860949,273.1853,-0.0,7.255,7.255,0.0,0.0,4.031860412963795,0.7131773004326583,3.151101502594031,2.8219427168369293,182.05911838686802,0.4452284916447429,0.0,0.0,0.0,-0.2831929829481227,4.415878927639351,171.3197053221339,60.0,3,0.0,0.0,0,0.1608094913969652,42.7906,-182.0591,4.4159,4.4159,0.0,0.0,2.22955748754587,1.2130000591278076,1.7695000000000003,-1.5845825672149658,-100.34457178208368,0.7000000000000001,0.0,0.0,0.0,0.03277178634338,0.08847497945871163,156.04238788588566,105.02226257324219,2,0.0,0.0,0,0.0,72.78,100.3446,0.0885,0.0885,0.0,0.0,1.8124508961393766,2.2855000495910645,1.521913228304607,0.0,0.0,0.7316739715808633,0.03167397158086327,0.0,0.0,-0.27115965103209355,2.5760377174258338,378.22298915634997,94.01445007324219,1,0.0,0.0,0,0.30381899558007974,137.13,-0.0,2.576,2.576,0.0,0.0,0.9997483401716207,0.5795000195503235,0.586046161207886,-0.9638999104499817,-63.1736995004876,0.9223877463330574,0.022387746333057512,0.0,0.0,0.1692528456569922,0.02930228806407653,128.24883718201912,83.342041015625,3,0.0,0.0,0,0.0,34.77,63.1737,0.0293,0.0293,0.0,0.0,0.14742616797668973,0.6060000061988831,0.457110422031393,-0.2734602391719818,-15.718904387459816,0.95,0.0392761801444399,0.0,0.0,-0.12947657129972243,0.022855512972197956,405.68439317761795,72.45581817626953,1,0.0,0.0,0,0.0,36.36,15.7189,0.0229,0.0229,0.0,0.0
15,2,21.5224515,17.636032926068165,25.79341072471598,60.0,63.0212975156128,13.068105337150214,8.35707994388516,4.319024642575872,3.947407506023431,-0.5528073310852051,-34.95386705675355,0.3707113981658411,0.028497022965368157,0.0,0.0,-0.29535708562123314,8.175889749352397,214.06146171606633,60.0,3,0.0,0.0,0,2.3440309323880704,259.1415,34.9539,8.1759,8.1759,0.0,0.0,3.0487439479923086,4.409008231517041,4.588316562351786,0.565701961517334,35.60631219629249,0.2884561363694632,0.015836315071962037,0.0,0.0,-0.30300822786244996,3.4351375786748966,0.0,105.95957946777344,3,0.0,0.0,0,0.0,264.5405,-35.6063,3.4351,3.4351,0.0,0.0,7.2550374072783415,1.4544999599456787,3.306231632864241,-0.4882316589355469,-32.154579763941,0.4263843604750352,0.021029369188800773,0.0,0.0,0.02184691360303568,4.915074075424231,51.285533169389026,63.603843688964844,2,0.0,0.0,0,0.2730573531721243,87.27,32.1546,4.9151,4.9151,0.0,0.0,4.415878927639351,3.2925000190734863,3.066501494777074,-2.1106057167053223,-129.93646955203258,0.45618704188009995,0.010958550235357079,0.0,0.0,0.08238061574732233,2.5312717352304412,0.0,106.34492492675781,2,0.0,0.0,0,0.0,197.55,129.9365,2.5313,2.5313,0.0,0.0,0.08847497945871163,1.9155000448226929,1.7695000000000003,2.5859427452087402,164.5902488831607,0.7000000000000001,0.0,0.0,0.0,-0.4893454926207846,2.820417769490144,366.74222384901776,85.48553466796875,3,0.0,0.0,0,0.24050050483747434,114.93,-164.5902,2.8204,2.8204,0.0,0.0,2.5760377174258338,0.906000018119812,1.521913228304607,0.0,0.0,0.7316739715808633,0.0,0.0,0.0,0.1321574111409805,1.9601245072410387,19.85796842654857,77.67388153076172,2,0.0,0.0,0,0.03385275711050597,54.36,-0.0,1.9601,1.9601,0.0,0.0,0.02930228806407653,0.7039999961853027,0.5013801923844995,0.0,0.0,0.9415429428994344,0.019155196566376986,0.0,0.0,-0.030798896266116014,0.23192209186487978,270.0384868094299,85.42276000976562,3,0.0,0.0,0,0.0,42.24,-0.0,0.2319,0.2319,0.0,0.0,0.022855512972197956,0.6355000138282776,0.457110422031393,0.0,0.0,0.95,0.0,0.0,0.0,-0.1589128348630914,0.20124510476908247,405.68439317761795,60.0,2,0.0,0.0,0,0.0,38.13,-0.0,0.2012,0.2012,0.0,0.0
15,3,20.5969860855,17.075926258608693,24.271082612047113,60.0,52.92986154739379,16.58916516404152,8.175889749352397,4.088500022888184,3.695076463375965,1.5435608625411987,82.6333358633999,0.4019018855141062,0.031190487348265128,0.0,0.0,-0.2995672393621266,10.112874171405814,153.84181102680964,103.125,2,0.0,0.0,0,7.345137314003135,245.31,-82.6333,10.1129,10.1129,0.0,0.0,3.4351375786748966,4.268981564652173,4.285844549133413,-0.46107614040374756,-25.19454468321669,0.3258445187203127,0.037388382350849514,0.0,0.0,-0.5802601025535798,2.9571984537899088,453.165874638759,90.93712615966797,2,0.0,0.0,0,0.0,256.1389,25.1945,2.9572,2.9572,0.0,0.0,4.915074075424231,4.268981564652173,3.306231632864241,0.0,0.0,0.4263843604750352,0.0,0.0,0.0,-0.48359308121181255,5.877824007212164,300.35369674036025,101.88396453857422,2,0.0,0.0,0,0.8820138654013954,256.1389,-0.0,5.8778,5.8778,0.0,0.0,2.5312717352304412,3.1529630792364465,3.066501494777074,0.0,0.0,0.45618704188009995,0.0,0.0,0.0,-0.06950954235642312,2.6177333196898136,0.0,60.0,2,0.0,0.0,0,0.0,189.1778,-0.0,2.6177,2.6177,0.0,0.0,2.820417769490144,0.0,1.242919979006689,-1.5153517723083496,-78.42929713868307,0.7807028962636208,0.0807028962636207,0.0,0.0,-0.07298658043412484,0.062146018175105455,480.988126674285,60.0,2,0.0,0.0,0,0.0,0.0,78.4293,0.0621,0.0621,0.0,0.0,1.9601245072410387,0.5509999990463257,1.521913228304607,0.0,0.0,0.7316739715808633,0.0,0.0,0.0,-0.3448315573488794,0.9892112779827575,511.6924923567732,63.86363983154297,3,0.0,0.0,0,0.0,33.06,-0.0,0.9892,0.9892,0.0,0.0,0.23192209186487978,0.5835000276565552,0.5013801923844995,0.43286705017089844,22.96693387121195,0.9415429428994344,0.0,0.0,0.0,-0.0719181346128532,0.7469089773078338,284.4113949893995,103.125,4,0.0,0.0,0,0.04207026831256278,35.01,-22.9669,0.7469,0.7469,0.0,0.0,0.20124510476908247,0.16200000047683716,0.457110422031393,0.0,0.0,0.95,0.0,0.09386531678547338,9.386531678547339,-0.18620714282835177,0.0,230.78239006236493,79.0647201538086,3,0.0,0.0,0,0.0,9.72,-0.0,-0.0939,0.0,0.0,0.0
16,0,23.5,20.170615957290806,23.4724335112883,60.0,75.09247248803185,3.3293840427091923,3.3683104326239515,2.3615000247955322,5.060340192407952,0.0,0.0,0.22805662606345672,0.028056626063456713,0.0,0.0,-0.6006789619690605,0.6694702650115323,420.46337041886727,118.48539733886719,3,0.0,0.0,0,0.0,141.69,-0.0,0.6695,0.6695,0.0,0.0,6.808765251937264,4.991000175476074,5.281,0.0,0.0,0.2,0.0,0.0,0.0,-1.302243514961959,6.518765427413338,834.0189525482825,68.44683074951172,7,0.0,0.0,0,0.07022497984511834,299.46,-0.0,6.5188,6.5188,0.0,0.0,6.281265469316085,2.493000030517578,3.5169999999999995,0.0,0.0,0.4,0.0,0.0,0.0,-0.280109498911034,5.2572654998336645,183.6542555989735,60.0,3,0.0,0.0,0,0.3028657952512813,149.58,-0.0,5.2573,5.2573,0.0,0.0,2.16763631958522,1.2899999618530273,2.9734053115647194,0.7555326819419861,57.112583473508494,0.4685090364252509,0.06850903642525086,0.0,0.0,0.11015399559143611,1.2397636518155144,60.39440716957228,110.4621353149414,1,0.0,0.0,0,0.0,77.4,-57.1126,1.2398,1.2398,0.0,0.0,1.5484819420784948,2.6475000381469727,1.555028060708674,-0.08116292953491211,-5.13496573057364,0.7271444151824926,0.027144415182492554,0.0,0.0,-0.09730621596373952,2.559790989981882,186.04805082977836,118.48539733886719,4,0.0,0.0,0,0.2609285899196842,158.85,5.135,2.5598,2.5598,0.0,0.0,1.88611917109265,2.504499912261963,1.7695000000000003,0.0,0.0,0.7000000000000001,0.0,0.0,0.0,-0.3598696286861743,2.6211190833546127,380.49484447612747,60.0,7,0.0,0.0,0,0.14216988613539217,150.27,-0.0,2.6211,2.6211,0.0,0.0,0.9970613322416275,1.062999963760376,0.685,0.0,0.0,0.8999999999999999,0.0,0.0,0.0,-0.03945514363833198,1.3750612960020034,225.1197620629788,60.0,4,0.0,0.0,0,0.3488617225126536,63.78,-0.0,1.3751,1.3751,0.0,0.0,0.4147935924130077,0.921500027179718,0.6304036584245971,-0.674369752407074,-51.22208506099287,0.9113979836274327,0.011397983627432828,0.0,0.0,0.12587224434737015,0.03152020876105466,134.88217859795907,60.0,2,0.0,0.0,0,0.0,55.29,51.2221,0.0315,0.0315,0.0,0.0
16,1,22.4895,19.928038458678337,20.2727564221736,60.0,56.81695514818795,7.789461407330421,0.6694702650115323,4.033999919891357,4.9460022847620495,0.0,0.0,0.24218986557469296,0.01413323951123624,0.2425320998591598,24.25320998591598,-0.8435649273921633,0.0,436.32093673242764,79.33798217773438,2,0.0,0.0,0,0.0,242.04,-0.0,-0.2425,0.0,0.0,0.0,6.518765427413338,4.982009614669584,5.183614858828152,0.0,0.0,0.21261465559220827,0.012614655592208257,0.0,0.0,-0.5122465339365299,6.317160183254769,96.93970404704379,60.0,7,0.0,0.0,0,0.057958633835899664,298.9206,-0.0,6.3172,6.3172,0.0,0.0,5.2572654998336645,2.9955289517739487,3.5169999999999995,-1.6889562606811523,-96.0087239215627,0.4,0.0,0.0,0.0,-0.435018955390464,3.0468381909264615,397.66189610195755,60.0,4,0.0,0.0,0,0.0,179.7317,96.0087,3.0468,3.0468,0.0,0.0,1.2397636518155144,3.8454999923706055,2.9734053115647194,0.0,0.0,0.4685090364252509,0.0,0.0,0.0,-0.9078854075055778,2.1118583326214004,829.5069863582257,62.17433547973633,2,0.0,0.0,0,0.0,230.73,-0.0,2.1119,2.1119,0.0,0.0,2.559790989981882,1.2039999961853027,1.2177342932343393,2.886885404586792,165.46748125265958,0.7863910978921218,0.059246682709629184,0.0,0.0,-0.19813365380444953,5.432942097519637,275.18519875608433,60.0,3,0.0,0.0,0,13.573400808538059,72.24,-165.4675,5.4329,5.4329,0.0,0.0,2.6211190833546127,2.0859999656677246,1.2554934829341082,0.0,0.0,0.7789607504673963,0.07896075046739626,0.0,0.0,-0.17162933145198003,3.4516255660882287,384.4344476749255,99.71099090576172,6,0.0,0.0,0,2.5403552380276153,125.16,-0.0,3.4516,3.4516,0.0,0.0,1.3750612960020034,0.42250001430511475,0.571078263711711,-1.1979291439056396,-66.57187192651008,0.9257741484815133,0.02577414848151338,0.0,0.0,0.02466414373477282,0.02855390268976754,292.4332288471362,90.5480728149414,3,0.0,0.0,0,0.0,25.35,66.5719,0.0286,0.0286,0.0,0.0,0.03152020876105466,0.35850000381469727,0.6304036584245971,0.0,0.0,0.9113979836274327,0.0,0.2403834458488452,24.03834458488452,-0.8913430590016519,0.0,660.8907592986287,97.57401275634766,3,0.0,0.0,0,0.0,21.51,-0.0,-0.2404,0.0,0.0,0.0
16,2,21.5224515,18.933096714455935,20.388978273100264,60.0,54.99768800404473,10.378816192874485,0.0,4.2563224938802815,4.829367344437176,0.0,0.0,0.25729801846651607,0.015108152891823101,0.8155769504160544,81.55769504160544,-1.111940469205239,0.0,482.2817464014132,60.0,1,0.0,0.0,0,0.0,255.3793,-0.0,-0.573,0.0,0.0,0.0,6.317160183254769,4.733274178613984,4.748585880342757,1.1074652671813965,61.37679402680169,0.2689655595410935,0.056350903948885256,0.0,0.0,-0.25755455930963445,7.409313748707392,0.0,60.0,4,0.0,0.0,0,0.5579878021276127,283.9965,-61.3768,7.4093,7.4093,0.0,0.0,3.0468381909264615,3.993000030517578,3.43667605644992,0.0,0.0,0.4104046559002695,0.010404655900269455,0.0,0.0,-0.644796619130442,3.6031621649941195,484.03398616530194,60.0,3,0.0,0.0,0,0.0008875791957285498,239.58,-0.0,3.6032,3.6032,0.0,0.0,2.1118583326214004,3.0360000133514404,2.9734053115647194,1.6719474792480469,92.87418740900466,0.4685090364252509,0.0,0.0,0.0,-0.6095278105378935,3.8464005136561683,478.4434256368057,60.0,3,0.0,0.0,0,0.06944140146101062,182.16,-92.8742,3.8464,3.8464,0.0,0.0,5.432942097519637,0.6370000243186951,1.1534387477189163,0.0,0.0,0.8009376014023986,0.014546503510276754,0.0,0.0,-0.12344668403170972,4.916503374119416,369.48632625681273,64.85931396484375,3,0.0,0.0,0,11.08746831104402,38.22,-0.0,4.9165,4.9165,0.0,0.0,3.4516255660882287,1.3194999694824219,0.9779263345567635,-2.7794127464294434,-151.4715686893769,0.8397494046727751,0.06078865420537882,0.0,0.0,0.41571074949614456,1.0137864545844437,17.440104130552257,60.0,3,0.0,0.0,0,0.0001259041772561837,79.17,151.4716,1.0138,1.0138,0.0,0.0,0.02855390268976754,0.3305000066757202,0.23533940336314557,0.0,0.0,0.9999999999999998,0.07422585151848649,0.0,0.0,0.3283617350162938,0.12371450600234218,0.0,103.67851257324219,1,0.0,0.0,0,0.0,19.83,-0.0,0.1237,0.1237,0.0,0.0,0.0,0.6274999976158142,0.5512707942896461,0.0,0.0,0.9279529761242844,0.01655499249685166,0.16415424252267707,16.41542425226771,-0.35003896961945874,0.0,333.33663759123453,60.0,3,0.0,0.0,0,0.0,37.65,-0.0,0.0762,0.0,0.0,0.0
16,3,20.5969860855,17.88189470260467,20.91288076206388,60.0,49.769481748742535,13.093907575769816,0.0,4.470473675651167,4.829367344437176,0.0,0.0,0.25729801846651607,0.0,1.1744706192020633,117.44706192020632,-1.56390187345605,0.0,752.6058211759823,86.40279388427734,2,0.0,0.0,0,0.0,268.2284,-0.0,-0.3589,0.0,0.0,0.0,7.409313748707392,2.9605000019073486,4.508672976685177,0.9553318619728088,48.02403759943434,0.29862104825031244,0.029655488709218913,0.0,0.0,-0.7328866441853641,6.816472635902373,554.3039564441239,60.0,3,0.0,0.0,0,0.4225636763443498,177.63,-48.024,6.8165,6.8165,0.0,0.0,3.6031621649941195,2.4814999103546143,3.0012953161513782,-0.04616653919219971,-2.390583033411758,0.4642218055045391,0.05381714960426964,0.0,0.0,0.07245343980181865,3.0372002200051553,28.48601462483357,60.0,2,0.0,0.0,0,2.349044958857608e-05,148.89,2.3906,3.0372,3.0372,0.0,0.0,3.8464005136561683,4.470473675651167,2.9734053115647194,0.0,0.0,0.4685090364252509,0.0,0.0,0.0,-0.9594315609781132,5.343468877742615,829.5069863582257,60.0,4,0.0,0.0,0,0.843313048824259,268.2284,-0.0,5.3435,5.3435,0.0,0.0,4.916503374119416,0.38850000500679016,1.0372849945352338,-0.9091653227806091,-44.67812270404977,0.8251868191860483,0.024249217783649746,0.0,0.0,0.3367112240259131,3.358553061810363,0.0,76.0572509765625,1,0.0,0.0,0,3.8854032921797246,23.31,44.6781,3.3586,3.3586,0.0,0.0,1.0137864545844437,1.4225000143051147,0.9631876669820523,0.0,0.0,0.8430839448480492,0.0033345401752740145,0.0,0.0,0.0952149454558519,1.473098801907506,141.73941155665779,65.8082504272461,3,0.0,0.0,0,0.09820641875026176,85.35,-0.0,1.4731,1.4731,0.0,0.0,0.12371450600234218,0.14249999821186066,0.22951117766806,0.0,0.0,1.0,2.220446049250313e-16,0.0,0.0,0.32441981684090226,0.036703326546142834,0.0,95.4842758178711,0,0.0,0.0,0,0.0,8.55,-0.0,0.0367,0.0367,0.0,0.0,0.0,0.987500011920929,0.5512707942896461,0.0,0.0,0.9279529761242844,0.0,0.0,0.0,0.1618480894750977,0.2720749751086058,30.39337083662096,104.03764343261719,4,0.0,0.0,0,0.0,59.25,-0.0,0.4362,0.2721,0.0,0.0
17,0,23.5,20.234436110523404,23.206516206152486,60.0,73.0423373934481,3.2655638894765966,6.992505348472728,5.058609027630851,5.090094207443322,3.0,217.63703155517578,0.22416995451287497,0.024169954512874958,0.0,0.0,-0.704119161481918,9.961020168660259,120.0738731918031,126.18644714355469,6,0.0,0.0,0,2.2798700559360277,303.5165,-217.637,9.961,9.961,0.0,0.0,3.0601225642078096,1.587827053567068,5.281,2.1184314489364624,158.78438098774495,0.2,0.0,0.0,0.0,-0.4235059529400612,1.4853810667113398,0.0,60.0,2,0.0,0.0,0,0.0,95.2696,-158.7844,1.4854,1.4854,0.0,0.0,3.839306138038787,4.9375,3.0548662342204476,-3.0,-214.63703155517578,0.459239419659552,0.059239419659551984,0.0,0.0,0.10568091900598851,2.7219399038183387,85.69056491652148,108.67071533203125,6,0.0,0.0,0,0.0,296.25,214.637,2.7219,2.7219,0.0,0.0,4.52443452212938,4.256999969482422,3.5169999999999995,0.0,0.0,0.4,0.0,0.0,0.0,-0.5952088063781797,5.2644344916118015,392.1528161264971,110.68063354492188,5,0.0,0.0,0,0.3059945639571916,255.42,-0.0,5.2644,5.2644,0.0,0.0,2.4691796869019162,2.874500036239624,1.6767066473341012,-1.1329307556152344,-83.96927820827113,0.7114701301193943,0.01147013011939424,0.0,0.0,-0.24405959582512982,2.5340423201922047,356.5446317065798,60.0,3,0.0,0.0,0,0.15673342057261594,172.47,83.9693,2.534,2.534,0.0,0.0,0.9221741768638585,0.6930000185966492,1.588140063864423,0.0,0.0,0.7232412985068811,0.02324129850688106,0.0,0.0,0.0038743131137011465,0.0270341315960847,186.71456060425916,60.63578796386719,5,0.0,0.0,0,0.0,41.58,-0.0,0.027,0.027,0.0,0.0,0.7706888189125165,0.39399999380111694,0.5158466345623418,-0.6230498552322388,-46.008670491826706,0.9382699921804656,0.03826999218046567,0.0,0.0,-0.10131735654329413,0.025792322919052868,420.02146689394885,89.15281677246094,3,0.0,0.0,0,0.0,23.64,46.0087,0.0258,0.0258,0.0,0.0,0.6281049506254903,0.4320000112056732,0.6217531301770752,-0.36245083808898926,-26.68800083871065,0.9132039394202347,0.01320393942023479,0.0,0.0,0.034238480875010587,0.07590099356509905,232.88010501928113,64.16871643066406,3,0.0,0.0,0,0.0,25.92,26.688,0.0759,0.0759,0.0,0.0
17,1,22.4895,19.490569104222196,22.09554539907418,60.0,59.062863038281066,6.264494785254399,9.961020168660259,4.872642276055549,4.812510789040424,0.0,0.0,0.25932768519145477,0.0351577306785798,0.0,0.0,-0.28147734671580893,10.021151655675384,0.0,70.15673828125,3,0.0,0.0,0,2.9324017179488817,292.3585,-0.0,10.0212,10.0212,0.0,0.0,1.4853810667113398,4.872642276055549,5.093845025525432,-1.0094860792160034,-59.082292312552454,0.22424287234126536,0.024242872341265348,0.0,0.0,-1.0556455722860596,0.25469223802545304,756.7862362200976,85.79708099365234,2,0.0,0.0,0,0.0,292.3585,59.0823,0.2547,0.2547,0.0,0.0,2.7219399038183387,1.2719999551773071,2.9369762733843334,0.8456664085388184,48.78351638494496,0.4740718372957984,0.014832417636246376,0.0,0.0,-0.4010141964324204,1.9026299941501303,465.68184714768626,60.0,4,0.0,0.0,0,0.0,76.32,-48.7835,1.9026,1.9026,0.0,0.0,5.2644344916118015,1.7489999532699585,3.094052505275371,-1.3360571265220642,-77.75250903006031,0.4540481361384238,0.0540481361384238,0.0,0.0,-0.057687432784473205,2.583324813084325,271.22354884202844,109.31779479980469,3,0.0,0.0,0,0.0,104.94,77.7525,2.5833,2.5833,0.0,0.0,2.5340423201922047,1.6204999685287476,1.634498489667482,0.2530032992362976,15.666824239729635,0.7169375080554847,0.005467377936090423,0.0,0.0,0.08019253661873631,2.773047098289768,0.0,69.4434814453125,2,0.0,0.0,0,0.3309574495900793,97.23,-15.6668,2.773,2.773,0.0,0.0,0.0270341315960847,1.7070000171661377,1.3495229100980788,-0.31703507900238037,-19.09340607534341,0.7546219746736976,0.0313806761668165,0.0,0.0,-0.011959924191757013,0.06747615966176324,202.23525483015277,60.0,4,0.0,0.0,0,0.0,102.42,19.0934,0.0675,0.0675,0.0,0.0,0.025792322919052868,0.593999981880188,0.4620867099872586,0.0,0.0,0.95,0.011730007819534372,0.0,0.0,0.2558526072091366,0.15770559481198226,0.0,64.83558654785156,1,0.0,0.0,0,0.0,35.64,-0.0,0.1577,0.1577,0.0,0.0,0.07590099356509905,0.1459999978542328,0.4266099882815427,1.563908576965332,94.14044507802203,0.9573539715232964,0.044150032103061676,0.0,0.0,-0.10945781559241427,1.3591995801031211,310.1002691873823,103.08677673339844,3,0.0,0.0,0,1.5071271229773897,8.76,-94.1404,1.3592,1.3592,0.0,0.0
17,2,21.5224515,19.237836987887537,19.119227133801928,60.0,66.76750708281634,11.205893975601388,10.021151655675384,4.809459246971884,4.428730782900256,-1.425222396850586,-101.04287137698702,0.30786003951266333,0.04853235432120856,0.0,0.0,-0.37689977054743273,8.976657722896427,295.97126648345403,103.125,1,0.0,0.0,0,2.366381609178784,288.5676,101.0429,8.9767,8.9767,0.0,0.0,0.25469223802545304,4.166500091552734,4.988137125503126,0.0,0.0,0.2373093618372238,0.013066489495958428,0.5669447959249387,56.69447959249388,-0.9073509045550511,0.0,339.2211656129553,90.84280395507812,2,0.0,0.0,0,0.0,249.99,-0.0,-0.5669,0.0,0.0,0.0,1.9026299941501303,2.071500062942505,2.1843043549099255,0.0,0.0,0.5876711543886817,0.11359931709288329,0.0,0.0,0.33361116669132523,1.7898257021827098,0.0,60.0,1,0.0,0.0,0,0.0,124.29,-0.0,1.7898,1.7898,0.0,0.0,2.583324813084325,4.809459246971884,2.9669747861112468,3.0,201.802521248449,0.4705089805897353,0.016460844451311463,0.0,0.0,-0.5018168390603506,7.425809273944963,180.37559535697687,99.29930877685547,3,0.0,0.0,0,4.107263823370397,288.5676,-201.8025,7.4258,7.4258,0.0,0.0,2.773047098289768,0.7315000295639038,1.542020189853183,0.0,0.0,0.7283686946827157,0.011431186627230971,0.0,0.0,-0.6582379868984455,1.9625269380004888,818.8497470866806,103.125,2,0.0,0.0,0,0.029941071495415916,43.89,-0.0,1.9625,1.9625,0.0,0.0,0.06747615966176324,0.8880000114440918,1.2768677199350131,0.0,0.0,0.7710598005024455,0.016437825828747865,0.3213915488291581,32.13915488291581,-0.2726068943667072,0.0,167.2341656721589,97.96736145019531,3,0.0,0.0,0,0.0,53.28,-0.0,-0.3214,0.0,0.0,0.0,0.15770559481198226,0.6909999847412109,0.4620867099872586,-0.3635145425796509,-24.933142203783973,0.95,0.0,0.0,0.0,0.26239647867226423,0.023104326986283785,0.0,60.0,1,0.0,0.0,0,0.0,41.46,24.9331,0.0231,0.0231,0.0,0.0,1.3591995801031211,0.15449999272823334,0.25710285454522575,-1.2112630605697632,-72.82650766767802,0.9941500321030619,0.03679606057976548,0.0,0.0,0.3622336816767549,0.04533365771636555,30.609163077074708,60.0,2,0.0,0.0,0,0.0,9.27,72.8265,0.0453,0.0453,0.0,0.0
17,3,20.5969860855,18.04740425628546,20.22325762172724,60.0,63.503518550841505,14.671394125787016,8.976657722896427,4.511851064071365,4.428730782900256,0.0,0.0,0.30786003951266333,0.0,0.0,0.0,-0.9190558425112078,9.059778004067535,617.5004152121095,62.10081481933594,2,0.0,0.0,0,2.475991255011283,270.7111,-0.0,9.0598,9.0598,0.0,0.0,0.0,2.492000102996826,4.988137125503126,0.9093557596206665,57.74409073591232,0.2373093618372238,0.0,2.153726058810572,215.3726058810572,-1.1596341669238517,0.0,0.0,108.24259948730469,2,0.0,0.0,0,0.0,149.52,-57.7441,-1.5868,0.0,0.0,0.0,1.7898257021827098,2.803701950520889,2.1234993793221184,-2.3638532161712646,-147.74082601070404,0.600365303780708,0.012694149392026288,0.0,0.0,0.27220843926652805,0.10617505721021558,0.0,60.0,0,0.0,0.0,0,0.0,168.2221,147.7408,0.1062,0.1062,0.0,0.0,7.425809273944963,4.511851064071365,2.9669747861112468,0.0,0.0,0.4705089805897353,0.0,0.0,0.0,-0.8279795032108788,8.970685551905081,683.8341583526136,74.54303741455078,4,0.0,0.0,0,8.640693987850733,270.7111,-0.0,8.9707,8.9707,0.0,0.0,1.9625269380004888,1.0865000486373901,1.1084575025449257,0.0,0.0,0.8039802562195046,0.07561156153678894,0.0,0.0,0.19040446426554988,1.9405694840929533,80.30896799917373,90.55054473876953,2,0.0,0.0,0,0.2706112654083073,65.19,-0.0,1.9406,1.9406,0.0,0.0,0.0,1.840000033378601,1.2768677199350131,0.0,0.0,0.7710598005024455,0.0,0.0,0.0,0.12729674140563524,0.24174076461442984,8.172604464547213,70.86698150634766,4,0.0,0.0,0,0.0,110.4,-0.0,0.5631,0.2417,0.0,0.0,0.023104326986283785,0.6029999852180481,0.4620867099872586,-0.14091326296329498,-10.068275322976149,0.95,0.0,0.0,0.0,-0.15582882256888872,0.02310433925377836,405.6742283543584,79.7563705444336,2,0.0,0.0,0,0.0,36.18,10.0683,0.0231,0.0231,0.0,0.0,0.04533365771636555,0.19850000739097595,0.25710285454522575,1.5954107195138931,102.56977707690243,0.9941500321030619,0.0,0.0,0.0,0.16612056198865055,1.5821415300760089,30.609163077074708,93.96717071533203,2,0.0,0.0,0,7.751415970429859,11.91,-102.5698,1.5821,1.5821,0.0,0.0
18,0,23.5,19.49373774726447,26.292759386398043,60.0,63.340685943086555,4.006262252735531,8.80559636906935,4.873434436816117,4.719169114736686,0.0,0.0,0.26996976828219943,0.06996976828219942,0.0,0.0,-0.1824020383268388,8.959861691148781,28.75983749362693,60.0,5,0.0,0.0,0,1.8061909752880079,292.4061,-0.0,8.9599,8.9599,0.0,0.0,5.524965916511614,4.873434436816117,5.043767358554276,0.0,0.0,0.22998773050537707,0.029987730505377064,0.0,0.0,-0.5025345796535473,5.354632994773454,177.38076495292262,60.0,5,0.0,0.0,0,0.002378314185744487,292.4061,-0.0,5.3546,5.3546,0.0,0.0,2.1505625553028924,3.2709999084472656,3.341689391831162,-0.026204198598861694,-1.637762412428856,0.42270862800114484,0.022708628001144815,0.0,0.0,-0.212611921920308,2.0536688733201345,156.45961317116075,105.508056640625,4,0.0,0.0,0,0.0,196.26,1.6378,2.0537,2.0537,0.0,0.0,3.7478062807362424,2.186000108718872,3.1359707407820157,1.7398196160793304,111.07127770774196,0.4493561216603608,0.0493561216603608,0.0,0.0,-0.12354870230369996,4.537655264752429,117.45960337867594,85.2359619140625,6,0.0,0.0,0,0.20942942345700732,131.16,-111.0713,4.5377,4.5377,0.0,0.0,2.334546487626291,2.368000030517578,1.7695000000000003,-0.11042475700378418,-7.494279399440984,0.7000000000000001,0.0,0.0,0.0,-0.3366498886129286,2.8226217611400846,370.0054103068628,63.76386642456055,6,0.0,0.0,0,0.24176343697866284,142.08,7.4943,2.8226,2.8226,0.0,0.0,2.0278018233048303,1.3283688078287064,1.669504718689149,-1.6031906604766846,-100.19941627979279,0.7129527566464833,0.01295275664648321,0.0,0.0,-0.14471718436127273,0.08347525196770311,368.49494771282053,60.0,2,0.0,0.0,0,0.0,79.7021,100.1994,0.0835,0.0835,0.0,0.0,0.3487624206812859,0.0,0.685,0.0,0.0,0.8999999999999999,0.0,0.3362375793187142,33.62375793187142,-0.5835951561281284,0.0,272.42896536056793,60.0,2,0.0,0.0,0,0.0,0.0,-0.0,-0.3362,0.0,0.0,0.0,1.352717533165536,0.593500018119812,0.6313470902993804,0.0,0.0,0.9112010249896909,0.011201024989691,0.0,0.0,0.21237400083637317,1.3148704609859676,13.348097108841142,81.15569305419922,3,0.0,0.0,0,0.38499150814767347,35.61,-0.0,1.3149,1.3149,0.0,0.0
18,1,22.4895,18.763071288458747,25.126786298088554,60.0,61.026231467622004,7.732690964276784,8.959861691148781,2.283803276562871,4.351683593888793,-2.9292831420898438,-177.29846949233297,0.3153944309333605,0.045424662651161074,0.0,0.0,0.16087413507345102,3.9626982317330155,0.0,60.0,2,0.0,0.0,0,0.0,137.0282,177.2985,3.9627,3.9627,0.0,0.0,5.354632994773454,4.690767822114687,4.792096217466266,2.5367724895477295,159.99482076275854,0.2625876192473472,0.03259988874197012,0.0,0.0,-0.6761732076352649,7.790077088969603,246.1065123236187,105.70870208740234,5,0.0,0.0,0,0.7417436790418483,281.4461,-159.9948,7.7901,7.7901,0.0,0.0,2.0536688733201345,4.516499996185303,3.2008782872553416,0.0,0.0,0.44094840838661387,0.01823978038546903,0.0,0.0,-0.12552719949412167,3.3692905822500956,0.0,109.86917114257812,2,0.0,0.0,0,0.001016250445338383,270.99,-0.0,3.3693,3.3693,0.0,0.0,4.537655264752429,4.063000202178955,2.8783599156424313,0.39251065254211426,20.232931871664277,0.4815741584253147,0.03221803676495388,0.0,0.0,-0.824923446504693,6.114806203831067,793.3056919034473,63.11445236206055,5,0.0,0.0,0,1.9294048552088547,243.78,-20.2329,6.1148,6.1148,0.0,0.0,2.8226217611400846,0.8174999952316284,1.2402277152122136,0.0,0.0,0.781728885215931,0.08172888521593091,0.0,0.0,-0.31737845385779495,2.3998940411594996,604.2152303113828,60.0,4,0.0,0.0,0,0.5242645254851165,49.05,-0.0,2.3999,2.3999,0.0,0.0,0.08347525196770311,2.3914999961853027,1.669504718689149,0.0,0.0,0.7129527566464833,0.0,0.0,0.0,-0.3568367425701744,0.8054705294638569,391.9182164423063,66.4692611694336,3,0.0,0.0,0,0.0,143.49,-0.0,0.8055,0.8055,0.0,0.0,0.0,0.0,0.685,0.0,0.0,0.8999999999999999,0.0,1.0212375793187143,102.12375793187142,-1.5019515454535877,0.0,533.6725074162314,60.0,3,0.0,0.0,0,0.0,0.0,-0.0,-0.685,0.0,0.0,0.0,1.3148704609859676,0.0,0.5387330431685258,0.0,0.0,0.9321544293179385,0.02095340432824755,0.0,0.0,0.2742768293530393,0.7761374178174418,0.0,60.0,2,0.0,0.0,0,0.03472413030100998,0.0,-0.0,0.7761,0.7761,0.0,0.0
18,2,21.5224515,17.7740417171461,25.21837409522458,60.0,58.8400359579758,11.481100747130682,3.9626982317330155,2.7249999046325684,4.254628244438578,0.0,0.0,0.32739138389383204,0.01199695296047154,0.0,0.0,-0.12955553080197976,2.4330698919270057,5.161898344764469,60.0,2,0.0,0.0,0,0.0,163.5,-0.0,2.4331,2.4331,0.0,0.0,7.790077088969603,2.1050000190734863,4.587911939265601,0.6288448572158813,40.2144624611376,0.2883843485015829,0.025796729254235706,0.0,0.0,-0.14510945398335046,5.93601002599337,0.0,104.17326354980469,3,0.0,0.0,0,0.10736213147482522,126.3,-40.2145,5.936,5.936,0.0,0.0,3.3692905822500956,3.3510000705718994,3.160623537658358,0.2947782576084137,19.06849552679978,0.44616275418933177,0.005214345802717901,0.0,0.0,-0.12658031000119643,3.8544453727720507,22.968688810500424,96.7486343383789,2,0.0,0.0,0,0.03568048569781034,201.06,-19.0685,3.8544,3.8544,0.0,0.0,6.114806203831067,1.0855000019073486,2.548973097867236,0.6656705439090729,33.931949329444876,0.522289463465512,0.04071530504019727,0.0,0.0,-0.5717603148983337,5.317003651780253,771.1922132508513,104.17326354980469,4,0.0,0.0,0,1.5662075944984477,65.13,-33.9319,5.317,5.317,0.0,0.0,2.3998940411594996,1.6330000162124634,1.0874161273972662,-2.054020643234253,-117.2214828953908,0.8145434791524819,0.03281459393655095,0.0,0.0,-0.022703593367225147,0.8914572867404438,355.4575897530636,74.04591369628906,3,0.0,0.0,0,0.0,97.98,117.2215,0.8915,0.8915,0.0,0.0,0.8054705294638569,0.6430000066757202,1.669504718689149,1.039597511291504,62.7835892414987,0.7129527566464833,0.0,0.0,0.0,-0.21072985339375017,0.818563328741932,280.12078706981015,78.86695861816406,4,0.0,0.0,0,0.0,38.58,-62.7836,0.8186,0.8186,0.0,0.0,0.0,0.2515000104904175,0.2486323075058241,0.0,0.0,0.9999999999999999,0.09999999999999998,0.37173480555938665,37.17348055593867,-0.33481965838063893,0.0,0.0,104.17326354980469,1,0.0,0.0,0,0.0,15.09,-0.0,0.0029,0.0,0.0,0.0,0.7761374178174418,0.31949999928474426,0.4959684643093393,-0.5748705267906189,-36.14812249346528,0.9418296734037273,0.009675244085788792,0.0,0.0,0.020892062462861478,0.024798426002227925,268.71458135006765,68.99944305419922,2,0.0,0.0,0,0.0,19.17,36.1481,0.0248,0.0248,0.0,0.0
18,3,20.5969860855,18.274902569350253,19.27534798395728,60.0,55.34606637648572,19.46372595157788,2.4330698919270057,4.560500144958496,4.254628244438578,1.4506077766418457,80.22679481810573,0.32739138389383204,0.0,0.0,0.0,-0.6136937826376587,4.1895495690887685,261.1325729505422,98.07079315185547,1,0.0,0.0,0,0.0,273.63,-80.2268,4.1895,4.1895,0.0,0.0,5.93601002599337,4.370999813079834,4.268634436567066,-2.8408751487731934,-140.11498028600568,0.32785004722822525,0.03946569872664235,0.0,0.0,-0.204601958080435,3.1975002537329438,191.75602913431027,61.21782302856445,2,0.0,0.0,0,0.0,262.26,140.115,3.1975,3.1975,0.0,0.0,3.8544453727720507,4.568725642337563,3.1277475837456237,-3.0,-180.22533182167516,0.45042129744227677,0.004258543252945002,0.0,0.0,-0.6558302090852985,2.2954234313639894,677.4103916632713,71.10975646972656,1,0.0,0.0,0,0.0,274.1235,180.2253,2.2954,2.2954,0.0,0.0,5.317003651780253,3.3451769553845008,2.296805048011492,0.013308852910995483,0.6609438812288317,0.5558433839857488,0.03355392052023687,0.0,0.0,-0.20936420934450517,6.378684412064256,307.8074521938695,60.0,3,0.0,0.0,0,4.8354201606193055,200.7106,-0.6609,6.3787,6.3787,0.0,0.0,0.8914572867404438,1.034500002861023,0.7910789587335261,2.5009415483800694,124.20168926407696,0.8815880874474458,0.06704460829496384,0.0,0.0,-0.1371961889031587,3.63581987924801,319.398408927879,102.51200103759766,3,0.0,0.0,0,9.69944878967694,62.07,-124.2017,3.6358,3.6358,0.0,0.0,0.818563328741932,0.0,1.669504718689149,1.8770824670791626,121.15997706542257,0.7129527566464833,0.0,0.0,0.0,-0.42342682416076655,1.0261410771319457,467.4876181341403,60.0,5,0.0,0.0,0,0.0,0.0,-121.16,1.0261,1.0261,0.0,0.0,0.0,0.39500001072883606,0.24091428200823856,-0.0010654962388798594,-0.06715227614120067,1.0,1.1102230246251565e-16,0.0,0.0,0.30713471985323615,0.01875878642857265,0.0,77.62377166748047,0,0.0,0.0,0,0.0,23.7,0.0672,0.153,0.0188,0.0,0.0,0.024798426002227925,0.0,0.4820531183867612,0.0,0.0,0.9447347560597978,0.00290508265607059,0.45725469238453326,45.72546923845333,-1.0637807024804455,0.0,292.05975712163354,60.0,2,0.0,0.0,0,0.0,0.0,-0.0,-0.4573,0.0,0.0,0.0
19,0,23.5,19.89561928288956,24.61825298796017,60.0,67.23250784505234,3.6043807171104403,7.170359686625204,4.97390482072239,5.281,0.8052639961242676,54.54254993482515,0.2,0.0,0.0,0.0,-0.5193759285295266,7.668528503471861,0.0,104.66354370117188,4,0.0,0.0,0,0.36288345338455197,298.4343,-54.5425,7.6685,7.6685,0.0,0.0,6.351315259465831,4.182499885559082,4.9426011530895675,0.0,0.0,0.24340365244950624,0.043403652449506225,0.0,0.0,-0.7019118695044008,5.591213991935346,483.81624022636095,97.94204711914062,6,0.0,0.0,0,0.015417022547380112,250.95,-0.0,5.5912,5.5912,0.0,0.0,2.981121984455868,3.8434998989105225,3.414078771486421,-0.014004824683070183,-1.0853739129379392,0.4127220307186129,0.012722030718612887,0.0,0.0,-0.3824429659837042,3.396538287196899,258.4380509719605,60.0,4,0.0,0.0,0,0.0,230.61,1.0854,3.3965,3.3965,0.0,0.0,2.8052742252489784,3.1542147172750497,3.403383136594555,0.0,0.0,0.4140441116694001,0.014044111669400061,0.0,0.0,-0.3991020178361489,2.556105805929473,320.43177630502885,60.0,3,0.0,0.0,0,0.0,189.2529,-0.0,2.5561,2.5561,0.0,0.0,1.1727266273789634,0.703499972820282,1.7695000000000003,-0.018251599743962288,-1.306547783018793,0.7000000000000001,0.0,0.0,0.0,-0.2657737681231617,0.08847500045528278,398.56581895606325,90.47726440429688,4,0.0,0.0,0,0.0,42.21,1.3065,0.0885,0.0885,0.0,0.0,2.4415587190432952,1.5210000276565552,1.7695000000000003,0.0,0.0,0.7000000000000001,0.0,0.0,0.0,-0.4303595016561211,2.19305874669985,512.7701998962708,82.1761703491211,2,0.0,0.0,0,0.0248015195566259,91.26,-0.0,2.1931,2.1931,0.0,0.0,1.0011236389752676,0.45399999618530273,0.6496343298176209,-0.7730075716972351,-51.345364242744154,0.9073986757703721,0.007398675770372232,0.0,0.0,-0.03816723143904852,0.03248173364571427,322.3694842555154,90.91378784179688,1,0.0,0.0,0,0.0,27.24,51.3454,0.0325,0.0325,0.0,0.0,0.6947728467667619,1.062999963760376,0.685,0.0,0.0,0.8999999999999999,0.0,0.0,0.0,-0.35458047754444016,1.072772810527138,533.6725074162314,88.0257339477539,6,0.0,0.0,0,0.08258050474801962,63.78,-0.0,1.0728,1.0728,0.0,0.0
19,1,22.4895,19.369698028833223,22.59917487986156,60.0,73.13827366922487,6.7241826882772155,7.668528503471861,4.842424507208306,5.039053733015603,0.0,0.0,0.2309065426762838,0.030906542676283788,0.0,0.0,-0.4880729702552271,7.471899277664564,161.67595979805762,89.51081085205078,3,0.0,0.0,0,0.40806830497131347,290.5455,-0.0,7.4719,7.4719,0.0,0.0,5.591213991935346,2.592349072829162,4.9426011530895675,0.0,0.0,0.24340365244950624,0.0,0.0,0.0,-0.6085724659092926,3.2409619116749404,342.0234386549786,60.0,6,0.0,0.0,0,0.0,155.5409,-0.0,3.241,3.241,0.0,0.0,3.396538287196899,2.1429998874664307,3.1376144853769583,-1.4597454071044922,-101.97924613238865,0.44853346674315475,0.03581143602454184,0.0,0.0,0.010737651132464512,0.9421782821818789,160.68763027105837,60.0,3,0.0,0.0,0,0.0,128.58,101.9792,0.9422,0.9422,0.0,0.0,2.556105805929473,4.842424507208306,3.0723196138139786,0.0,0.0,0.45498860703310773,0.040944495363707645,0.0,0.0,-0.4563040012850922,4.3262106993238,377.56970259532943,60.0,2,0.0,0.0,0,0.1634631829301644,290.5455,-0.0,4.3262,4.3262,0.0,0.0,0.08847500045528278,2.871500015258789,1.6755116078649497,0.0,0.0,0.7121746621936594,0.012174662193659369,0.0,0.0,-0.1234810926814617,1.2844634078491222,145.39190371220812,104.15011596679688,4,0.0,0.0,0,0.0,172.29,-0.0,1.2845,1.2845,0.0,0.0,2.19305874669985,0.9200000166893005,1.0705052425302832,-1.3266334533691406,-99.58599542973388,0.8187748636350383,0.1187748636350382,0.0,0.0,0.20458647516954226,0.7159200674897268,232.56068360121023,84.60932159423828,1,0.0,0.0,0,0.0,55.2,99.586,0.7159,0.7159,0.0,0.0,0.03248173364571427,0.8205000162124634,0.6496343298176209,3.0,220.91482100767462,0.9073986757703721,0.0,0.0,0.0,-0.5196206771493533,3.2033474200405565,440.1394051761929,104.15011596679688,2,0.0,0.0,0,9.951689343168587,49.23,-220.9148,3.2033,3.2033,0.0,0.0,1.072772810527138,0.3375000059604645,0.24050987414138036,-0.2136211395263672,-16.34957944555208,0.9999999999999999,0.09999999999999998,0.0,0.0,0.3564623504349666,0.9561418028198548,0.0,104.15011596679688,2,0.0,0.0,0,1.8365168183291072,20.25,16.3496,0.9561,0.9561,0.0,0.0
19,2,21.5224515,18.51258201142933,22.141122869044445,60.0,61.04801770019478,9.734052176847886,7.471899277664564,4.628145502857333,4.6386558083918645,0.0,0.0,0.28175966400568536,0.05085312132940156,0.0,0.0,-0.42936244748249036,7.461388972130032,237.23238897376618,103.125,1,0.0,0.0,0,0.6699715261175122,277.6887,-0.0,7.4614,7.4614,0.0,0.0,3.2409619116749404,4.628145502857333,4.489849588714532,0.14607810974121094,9.2259712917446,0.30205022814575444,0.058646575696248204,0.0,0.0,-0.3712654296014257,3.525335935558952,220.41968923347417,85.78936004638672,3,0.0,0.0,0,0.0,277.6887,-9.226,3.5253,3.5253,0.0,0.0,0.9421782821818789,2.5450000762939453,3.033067407881399,-0.2953982353210449,-17.940152947584266,0.4614564676696764,0.012923000926521655,0.0,0.0,-0.11878868378837128,0.1587127152733805,142.5284202791568,60.0,3,0.0,0.0,0,0.0,152.7,17.9402,0.1587,0.1587,0.0,0.0,4.3262106993238,4.039000034332275,3.0723196138139786,0.0,0.0,0.45498860703310773,0.0,0.0,0.0,-0.49373754299958356,5.292891119842097,365.2021828138508,60.0,3,0.0,0.0,0,0.6822323690757222,242.34,-0.0,5.2929,5.2929,0.0,0.0,1.2844634078491222,1.0210000276565552,1.6286982138951596,0.0,0.0,0.7182385733296425,0.0060639111359830355,0.0,0.0,-0.28579787199147977,0.6767652216105178,412.79796277164263,60.0,4,0.0,0.0,0,0.0,61.26,-0.0,0.6768,0.6768,0.0,0.0,0.7159200674897268,0.5590000152587891,1.0705052425302832,0.0,0.0,0.8187748636350383,0.0,0.0,0.0,0.14738151272662073,0.20441484021823264,117.5127923918875,60.0,2,0.0,0.0,0,0.0,33.54,-0.0,0.2044,0.2044,0.0,0.0,3.2033474200405565,0.296999990940094,0.28378287299665617,0.16438354551792145,9.88232816137625,0.9901704985805452,0.08277182281017303,0.0,0.0,0.23047327873717205,3.3809480835019157,21.015534904616278,60.0,2,0.0,0.0,0,55.83437555557455,17.82,-9.8823,3.3809,3.3809,0.0,0.0,0.9561418028198548,0.27000001072883606,0.23972214602929715,-0.015063419938087463,-0.857684850277451,1.0,1.1102230246251565e-16,0.0,0.0,0.31724304755066596,0.9713562475813062,0.0,85.85315704345703,1,0.0,0.0,0,1.9504850165547878,16.2,0.8577,0.9714,0.9714,0.0,0.0
19,3,20.5969860855,17.699750932928055,21.671813135716434,60.0,64.36094485363891,13.156578179924,7.461388972130032,4.424937733232014,4.6386558083918645,-1.4734538793563843,-95.6483380620893,0.28175966400568536,0.0,0.0,0.0,-0.28658185418370374,5.774217017613796,47.8868297955114,60.0,2,0.0,0.0,0,0.06877144548314436,265.4963,95.6483,5.7742,5.7742,0.0,0.0,3.525335935558952,4.265500068664551,3.9842282216859917,0.015325948596000671,1.0098053458656295,0.3663995815750803,0.06434935342932585,0.0,0.0,-0.31047000344384357,3.821933731133512,279.93337362042087,99.68867492675781,2,0.0,0.0,0,0.0,255.93,-1.0098,3.8219,3.8219,0.0,0.0,0.1587127152733805,4.424937733232014,2.5964155870802004,0.0,0.0,0.5154307347650038,0.05397426709532738,0.0,0.0,0.043810164201331894,1.9872348614251938,0.0,68.04383087158203,2,0.0,0.0,0,0.0,265.4963,-0.0,1.9872,1.9872,0.0,0.0,5.292891119842097,1.2613754137735214,3.0723196138139786,-0.19816897809505463,-12.093743733750273,0.45498860703310773,0.0,0.0,0.0,-0.1372561608862502,3.2837779417065853,179.24442652075786,60.0,4,0.0,0.0,0,0.0019091163562589232,75.6825,12.0937,3.2838,3.2838,0.0,0.0,0.6767652216105178,1.7999999523162842,1.1852265324573532,-0.31352418661117554,-19.200041118329864,0.7948582505752594,0.07661967724561691,0.0,0.0,-0.28117392618612863,0.9780144548582734,521.7236273808273,70.29840087890625,4,0.0,0.0,0,0.0,108.0,19.2,0.978,0.978,0.0,0.0,0.20441484021823264,1.2610000371932983,0.9715970451720327,-0.44523799419403076,-28.264561987047273,0.841152283851837,0.022377420216798782,0.0,0.0,-0.2387179880941677,0.048579838045467505,517.1991582479537,92.36797332763672,2,0.0,0.0,0,0.0,75.66,28.2646,0.0486,0.0486,0.0,0.0,3.3809480835019157,0.18449999392032623,0.28378287299665617,2.4150590896606445,156.62726459360772,0.9901704985805452,0.0,0.0,0.0,-0.12878789724252834,5.696724294086231,45.191505866977685,107.23222351074219,3,0.0,0.0,0,225.4623610000788,11.07,-156.6273,5.6967,5.6967,0.0,0.0,0.9713562475813062,0.07750000059604645,0.23972214602929715,0.0,0.0,1.0,0.0,0.0,0.0,0.3199356743575061,0.8091341021480556,0.0,75.7996826171875,1,0.0,0.0,0,1.042255567649835,4.65,-0.0,0.8091,0.8091,0.0,0.0
20,0,23.5,18.766074127155495,29.3246911368521,60.0,61.87895569369857,4.733925872844504,3.513968041871016,4.691518531788874,5.281,-0.7699359655380249,-47.97574051397464,0.2,0.0,0.0,0.0,-0.5536157092894569,2.1545506081218653,153.6777438072247,63.354713439941406,4,0.0,0.0,0,0.0,281.4911,47.9757,2.1546,2.1546,0.0,0.0,7.803886099218273,4.691518531788874,5.098110934943514,0.0,0.0,0.22369029340109925,0.02369029340109924,0.0,0.0,-0.5310725968223929,7.397293696063634,193.36626735757133,105.85182189941406,5,0.0,0.0,0,0.34816877417693853,281.4911,-0.0,7.3973,7.3973,0.0,0.0,6.589675011288883,0.0,3.30039073877636,-3.0,-184.4623761431808,0.4267749395826502,0.026774939582650203,0.0,0.0,0.34269597904787685,0.28928427251252353,0.0,60.0,8,0.0,0.0,0,0.0,0.0,184.4624,0.2893,0.2893,0.0,0.0,5.4619902310217485,2.827537033060171,3.5169999999999995,3.0,194.43896085837332,0.4,0.0,0.0,0.0,-0.6153260069117636,7.772527264081919,304.10217046676615,60.0,3,0.0,0.0,0,2.832010733651815,169.6522,-194.439,7.7725,7.7725,0.0,0.0,1.3581555350270753,2.567500114440918,1.579943047109297,-1.2076925039291382,-71.13246607825363,0.7234310201348213,0.023431020134821234,0.0,0.0,-0.3163779634920704,1.1380200984295579,468.6944719218081,63.50477981567383,3,0.0,0.0,0,0.0,154.05,71.1325,1.138,1.138,0.0,0.0,2.839867834231975,2.924999952316284,1.7038546383421742,3.0,179.8347733038181,0.7085032851888375,0.008503285188837473,0.0,0.0,-0.21026776477288808,7.061013148206084,36.50103851874566,105.85182189941406,4,0.0,0.0,0,14.933356556710445,175.5,-179.8348,7.061,7.061,0.0,0.0,1.0785268451888637,0.0,0.685,0.0,0.0,0.8999999999999999,0.0,0.0,0.0,-0.15948691324973632,0.3935268451888636,411.55212403891073,60.0,1,0.0,0.0,0,0.0,0.0,-0.0,0.3935,0.3935,0.0,0.0,0.6786215390042671,1.062999963760376,0.685,-1.022371530532837,-64.70315142678237,0.8999999999999999,0.0,0.0,0.0,-0.21180329965156675,0.03424997223180615,464.0188860946862,91.12531280517578,4,0.0,0.0,0,0.0,63.78,64.7032,0.0342,0.0342,0.0,0.0
20,1,22.4895,18.4957881828393,26.240465904836253,60.0,57.4401969909668,8.727637690005206,2.1545506081218653,4.311788256987477,5.281,0.0,0.0,0.2,0.0,0.0,0.0,-0.7992990570172067,1.1853388651093422,365.951033856455,60.0,4,0.0,0.0,0,0.0,258.7073,-0.0,1.1853,1.1853,0.0,0.0,7.397293696063634,2.2939999103546143,4.937536646905059,0.38402259349823,22.25034471626941,0.24353878388792932,0.019848490486830073,0.0,0.0,-0.20698300533463143,5.13777955301142,0.0,104.93678283691406,4,0.0,0.0,0,0.0008177063213198656,137.64,-22.2503,5.1378,5.1378,0.0,0.0,0.28928427251252353,4.226500034332275,2.922414739101501,0.0,0.0,0.4739009814158777,0.047126041833227494,0.0,0.0,0.0021987303918212936,1.5933695677432973,0.0,67.75421142578125,5,0.0,0.0,0,0.0,253.59,-0.0,1.5934,1.5934,0.0,0.0,7.772527264081919,3.052000045776367,3.4626091676675643,-0.38402259349823,-21.86632212277118,0.40704544460264713,0.007045444602647111,0.0,0.0,-0.8027290919101354,6.9778955486924925,714.8704483370938,79.17342376708984,3,0.0,0.0,0,1.7979043018618885,183.12,21.8663,6.9779,6.9779,0.0,0.0,1.1380200984295579,0.6600000262260437,1.3467169533124586,0.0,0.0,0.7551516116587249,0.03172059152390361,0.0,0.0,-0.038794555974554557,0.451303171343143,277.5785166330041,104.93678283691406,2,0.0,0.0,0,0.0,39.6,-0.0,0.4513,0.4513,0.0,0.0,7.061013148206084,2.8269999027252197,1.6516323429386939,0.0,0.0,0.7152678312255578,0.006764546036720276,0.0,0.0,-0.4783261062094967,8.236380707992609,479.1327412603336,96.80905151367188,4,0.0,0.0,0,26.2088456959771,169.62,-0.0,8.2364,8.2364,0.0,0.0,0.3935268451888636,0.3894999921321869,0.34255020812153814,0.0,0.0,0.9774773284792899,0.07747732847929001,0.0,0.0,0.13023081145165072,0.44047662919951236,182.36121541704233,79.77210998535156,1,0.0,0.0,0,0.007483992735866484,23.37,-0.0,0.4405,0.4405,0.0,0.0,0.03424997223180615,0.7350000143051147,0.5361503590197416,0.0,0.0,0.9311125073536382,0.03111250735363824,0.0,0.0,0.09480646887583125,0.23309962751717928,138.1107286143711,70.3199462890625,3,0.0,0.0,0,0.0,44.1,-0.0,0.2331,0.2331,0.0,0.0
20,2,21.5224515,18.00509701905384,24.255643670608997,60.0,77.74850637455636,12.244992170951365,1.1853388651093422,1.6098225916753286,4.882556528605058,0.0,0.0,0.25083472845156335,0.05083472845156334,2.087395071820387,208.7395071820387,-1.1156701675567005,0.0,221.4055701776513,60.0,2,0.0,0.0,0,0.0,96.5894,-0.0,-2.0874,0.0,0.0,0.0,5.13777955301142,4.50127425476346,4.615683447800128,0.0,0.0,0.2837491052066149,0.04021032131868557,0.0,0.0,-0.6200756068020766,5.02337035997475,410.7224486507179,98.3924331665039,2,0.0,0.0,0,0.005350974777381924,270.0765,-0.0,5.0234,5.0234,0.0,0.0,1.5933695677432973,4.316500186920166,2.4071430636133764,1.0137534141540527,79.32469048966166,0.5380440971468158,0.06414311573093806,0.0,0.0,-0.1321233926522815,4.516480105204139,143.75129298097525,60.0,2,0.0,0.0,0,0.8651314473959942,258.99,-79.3247,4.5165,4.5165,0.0,0.0,6.9778955486924925,2.8914999961853027,3.4626091676675643,-0.9686170183122158,-75.06781891919672,0.40704544460264713,0.0,0.0,0.0,-0.3304759118515058,5.438169358898016,280.76825829420454,92.4203109741211,4,0.0,0.0,0,0.42568706929102534,173.49,75.0678,5.4382,5.4382,0.0,0.0,0.451303171343143,1.8980000019073486,1.3467169533124586,0.0,0.0,0.7551516116587249,0.0,0.0,0.0,-0.21407864686301645,1.002586219938033,338.173453032186,60.0,3,0.0,0.0,0,0.0,113.88,-0.0,1.0026,1.0026,0.0,0.0,8.236380707992609,2.2139999866485596,1.420636261875608,0.0,0.0,0.7451896033839885,0.029921772158430726,0.0,0.0,-0.1021754578836199,9.029744432765561,178.98297239411013,86.46283721923828,3,0.0,0.0,0,47.16067969570372,132.84,-0.0,9.0297,9.0297,0.0,0.0,0.44047662919951236,0.2939999997615814,0.34255020812153814,0.0,0.0,0.9774773284792899,0.0,0.0,0.0,0.19733734438073477,0.39192642083955564,96.15313615536776,60.0,2,0.0,0.0,0,0.0013510707418114116,17.64,-0.0,0.3919,0.3919,0.0,0.0,0.23309962751717928,0.2800000011920929,0.44567926924366824,-0.04513639584183693,-3.243118156310885,0.95,0.018887492646361803,0.0,0.0,0.03831187298607168,0.022283963623767,229.22098532380483,60.0,3,0.0,0.0,0,0.0,16.8,3.2431,0.0223,0.0223,0.0,0.0
20,3,20.5969860855,16.799091478801483,25.42456086124382,60.0,54.83463848163608,16.042886777649883,0.0,4.199772869700371,4.56911217690213,0.6653768569231033,32.27077756077051,0.29143632841308265,0.0406015999615193,1.7913575220990428,179.13575220990427,-0.8747592623171802,0.0,25.39007326054089,60.0,2,0.0,0.0,0,0.0,251.9864,-32.2708,0.296,0.0,0.0,0.0,5.02337035997475,2.927818805438811,4.615683447800128,1.5507698059082031,90.35889684928406,0.2837491052066149,0.0,0.0,0.0,-0.43101337480201785,4.886275523521636,99.3191316403328,60.0,3,0.0,0.0,0,0.001920452920751278,175.6691,-90.3589,4.8863,4.8863,0.0,0.0,4.516480105204139,3.8924999237060547,2.4071430636133764,0.0,0.0,0.5380440971468158,0.0,0.0,0.0,-0.1369859474289607,6.001836965296817,121.24830497925812,91.31492614746094,2,0.0,0.0,0,3.2799856064677586,233.55,-0.0,6.0018,6.0018,0.0,0.0,5.438169358898016,3.1559998989105225,2.4062720777820825,0.0,0.0,0.5399690368360408,0.13292359223339367,0.0,0.0,-0.04060139403583213,6.1878971800264555,329.03683589954454,85.2088623046875,2,0.0,0.0,0,3.725195651427309,189.36,-0.0,6.1879,6.1879,0.0,0.0,1.002586219938033,1.6430000066757202,1.3467169533124586,0.0,0.0,0.7551516116587249,0.0,0.0,0.0,-0.13099373512019774,1.2988692733012948,259.1983098586393,79.63265991210938,4,0.0,0.0,0,0.0,98.58,-0.0,1.2989,1.2989,0.0,0.0,9.029744432765561,0.47999998927116394,1.1578612461093445,-1.9833979606628418,-109.3579643942212,0.7993482412109488,0.05415863782696029,0.0,0.0,0.35984951930609743,6.368485215264538,10.237337768848937,60.0,2,0.0,0.0,0,24.871934154306093,28.8,109.358,6.3685,6.3685,0.0,0.0,0.39192642083955564,0.2004999965429306,0.34255020812153814,-0.23274870216846466,-11.055563353002071,0.9774773284792899,0.0,0.0,0.0,0.18074300162367232,0.01712750709248345,118.22416238466742,88.87918853759766,3,0.0,0.0,0,0.0,12.03,11.0556,0.0171,0.0171,0.0,0.0,0.022283963623767,0.2994999885559082,0.21319720249406843,0.0,0.0,1.0000000000000002,0.050000000000000266,0.0,0.0,0.31652734040667585,0.10858674968560678,0.0,71.78704071044922,1,0.0,0.0,0,0.0,17.97,-0.0,0.1086,0.1086,0.0,0.0
21,0,23.5,19.355852128625067,26.867282797395553,60.0,63.851122842116425,4.1441478713749325,8.52025040624341,4.838963032156267,4.631330037421513,0.0,0.0,0.28230908836642954,0.08230908836642953,0.0,0.0,-0.3733000799403523,8.727883400978163,267.3580608484699,104.33196258544922,3,0.0,0.0,0,1.7039543265177806,290.3378,-0.0,8.7279,8.7279,0.0,0.0,6.960818138025206,3.7295000553131104,5.135953665430972,1.5420717000961304,99.85800133164469,0.21795127903082012,0.01795127903082011,0.0,0.0,-0.6762248457224611,7.096436228003475,258.48090232383896,95.8759994506836,3,0.0,0.0,0,0.23117763600249802,223.77,-99.858,7.0964,7.0964,0.0,0.0,1.964790539193504,4.838963032156267,3.5169999999999995,-0.7574560046195984,-48.0417187517387,0.4,0.0,0.0,0.0,-0.9042624756708998,2.5292975667301727,711.8721062331596,105.837646484375,1,0.0,0.0,0,0.0,290.3378,48.0417,2.5293,2.5293,0.0,0.0,3.7692372982674094,1.313926041901187,3.2299205060742935,0.0,0.0,0.43593971989904323,0.03593971989904321,0.0,0.0,-0.029784732805511152,1.8532428340943028,137.41493988152158,60.0,3,0.0,0.0,0,0.0,78.8356,-0.0,1.8532,1.8532,0.0,0.0,3.0323422791438683,1.6749999523162842,1.514795471053303,0.0,0.0,0.732572194280602,0.032572194280601985,0.0,0.0,0.15152243192669868,3.19254676040685,0.0,105.837646484375,1,0.0,0.0,0,0.9778178487359247,100.5,-0.0,3.1925,3.1925,0.0,0.0,0.9540161235351928,1.8980000019073486,1.5966739117825068,0.0,0.0,0.7213629280862169,0.02136292808621687,0.0,0.0,-0.11380833569796629,1.2553422136600347,224.0797630078409,93.01215362548828,3,0.0,0.0,0,0.0,113.88,-0.0,1.2553,1.2553,0.0,0.0,1.2215240074702884,0.6610000133514404,0.685,-1.1632740497589111,-73.63868686973922,0.8999999999999999,0.0,0.0,0.0,-0.18378218683639153,0.034249971062817686,464.0188860946862,60.0,5,0.0,0.0,0,0.0,39.66,73.6387,0.0342,0.0342,0.0,0.0,0.44430400551667165,0.40049999952316284,0.5740152022853043,0.37865835428237915,23.74313434421174,0.9231701039070346,0.023170103907034667,0.0,0.0,-0.1276725034110783,0.6494471570369093,355.6291174190746,97.20331573486328,3,0.0,0.0,0,0.0017966906932440124,24.03,-23.7431,0.6494,0.6494,0.0,0.0
21,1,22.4895,18.712272928326545,25.338446131972724,60.0,59.258872985839844,7.921374943048386,8.727883400978163,4.678068232081636,4.065442824344034,0.0,0.0,0.35561054083760546,0.07330145247117592,0.0,0.0,-0.3499202704970896,9.340508808715766,310.3564555677468,60.0,2,0.0,0.0,0,3.8983242466362102,280.6841,-0.0,9.3405,9.3405,0.0,0.0,7.096436228003475,4.678068232081636,5.0350064332442015,0.0,0.0,0.23102734537625694,0.013076066345436815,0.0,0.0,-0.48807671555119775,6.73949802684091,109.63580168054527,88.39724731445312,3,0.0,0.0,0,0.16786382652888415,280.6841,-0.0,6.7395,6.7395,0.0,0.0,2.5292975667301727,2.4421364894356437,3.5169999999999995,0.0,0.0,0.4,0.0,0.0,0.0,-0.542420390130858,1.454434056165817,437.6104497163591,60.0,2,0.0,0.0,0,0.0,146.5282,-0.0,1.4544,1.4544,0.0,0.0,1.8532428340943028,2.934000015258789,3.034344609870776,0.0,0.0,0.46127338521037975,0.025333665311336517,0.0,0.0,0.015298920550076346,1.7528982394823158,0.0,71.22511291503906,2,0.0,0.0,0,0.0,176.04,-0.0,1.7529,1.7529,0.0,0.0,3.19254676040685,0.7960000038146973,1.4338078326020005,-1.6717790365219116,-98.23185206738071,0.7430628210229986,0.010490626742396536,0.0,0.0,0.28760427020734713,0.8829598950976352,0.0,107.08443450927734,0,0.0,0.0,0,0.0,47.76,98.2319,0.883,0.883,0.0,0.0,1.2553422136600347,2.2339999675750732,1.3665582078357517,1.6717790365219116,99.90363110390263,0.7520446852426127,0.03068175715639576,0.0,0.0,0.032504049845167735,3.7945630099212675,0.0,80.86895751953125,1,0.0,0.0,0,2.8750913977215338,134.04,-99.9036,3.7946,3.7946,0.0,0.0,0.034249971062817686,0.22200000286102295,0.5840878202151794,0.0,0.0,0.9218854379910344,0.021885437991034484,0.3278378462913387,32.78378462913387,-0.3965085497737788,0.0,22.625872482710204,77.51968383789062,4,0.0,0.0,0,0.0,13.32,-0.0,-0.3278,0.0,0.0,0.0,0.6494471570369093,0.7279999852180481,0.4838669345597543,0.0,0.0,0.9419902015532872,0.018820097646252587,0.0,0.0,-0.06769708125548639,0.8935802076952029,306.7932664974793,89.94184112548828,3,0.0,0.0,0,0.15961774484013158,43.68,-0.0,0.8936,0.8936,0.0,0.0
21,2,21.5224515,17.86042536145946,24.858442243918915,60.0,55.62441497608222,11.583401081588926,9.340508808715766,4.465106340364865,3.939061959705777,3.0,174.30591201782227,0.3712517369562019,0.015641196118596434,0.0,0.0,-0.7086671753917534,12.866553189374853,356.5761419890268,70.98649597167969,2,0.0,0.0,0,15.230156523382785,267.9064,-174.3059,12.8666,12.8666,0.0,0.0,6.73949802684091,4.465106340364865,4.779855635160162,-3.0,-171.30591201782227,0.2634913631650285,0.03246401778877159,0.0,0.0,-0.4177941128195248,3.4247487320456127,320.02258635417854,60.0,2,0.0,0.0,0,0.0,267.9064,171.3059,3.4247,3.4247,0.0,0.0,1.454434056165817,2.4084999561309814,2.9033786247372624,0.23423492908477783,11.360394060611725,0.47948463410139086,0.07948463410139084,0.0,0.0,-0.3104566646234018,1.1937903166443138,476.5202103436695,69.25662994384766,2,0.0,0.0,0,0.0,144.51,-11.3604,1.1938,1.1938,0.0,0.0,1.7528982394823158,3.246000051498413,2.845408389700702,-2.0112195014953613,-104.93463131884391,0.48574698885935297,0.02447360364897322,0.0,0.0,0.06836691761965169,0.1422703997846657,57.72353367503527,87.52162170410156,1,0.0,0.0,0,0.0,194.76,104.9346,0.1423,0.1423,0.0,0.0,0.8829598950976352,0.46221271577725886,1.4338078326020005,0.8764264583587646,48.78441237298148,0.7430628210229986,0.0,0.0,0.0,-0.17604279509884702,0.7877912366316582,316.4877563962949,60.0,1,0.0,0.0,0,0.0,27.7328,-48.7844,0.7878,0.7878,0.0,0.0,3.7945630099212675,2.299999952316284,1.3665582078357517,0.9005581140518188,46.80104438674607,0.7520446852426127,0.0,0.0,0.0,-0.25065126452473663,5.628562868453619,283.6164722124727,104.46043395996094,2,0.0,0.0,0,11.737148587526644,138.0,-46.801,5.6286,5.6286,0.0,0.0,0.0,0.25699999928474426,0.4598214561355514,0.0,0.0,0.9500000000000001,0.02811456200896567,0.5306593031421458,53.06593031421458,-0.5117799344503762,0.0,0.0,95.12894439697266,1,0.0,0.0,0,0.0,15.42,-0.0,-0.2028,0.0,0.0,0.0,0.8935802076952029,0.2565000057220459,0.2274636254252837,0.0,0.0,1.0,0.058009798446712835,0.0,0.0,0.3209083511213578,0.922616587991965,0.0,70.19425964355469,2,0.0,0.0,0,1.856961988468457,15.39,-0.0,0.9226,0.9226,0.0,0.0
21,3,20.5969860855,16.909066086077594,24.966333330926687,60.0,74.90519410964895,15.271321081011335,12.866553189374853,4.2272665215193985,3.939061959705777,-0.3551011085510254,-22.714081746144075,0.3712517369562019,0.0,0.0,0.0,-0.33403078624956223,12.79965664263745,145.90854489733985,66.72978973388672,3,0.0,0.0,0,14.946446881036218,253.636,22.7141,12.7997,12.7997,0.0,0.0,3.4247487320456127,4.2272665215193985,3.892835706093862,1.7369592189788818,130.9757470676468,0.37580544584716125,0.11231408268213272,0.0,0.0,-0.03544666678058733,5.496138766450031,0.0,105.5411376953125,0,0.0,0.0,0,0.21188974855107687,253.636,-130.9757,5.4961,5.4961,0.0,0.0,1.1937903166443138,1.3092665386855362,2.9033786247372624,0.0,0.0,0.47948463410139086,0.0,0.4003217694074124,40.03217694074124,-0.6960582747464994,0.0,547.7308194162773,60.0,3,0.0,0.0,0,0.0,78.556,-0.0,-0.4003,0.0,0.0,0.0,0.1422703997846657,4.2272665215193985,2.845408389700702,-1.3818581104278564,-106.52470610252385,0.48574698885935297,0.0,0.0,0.0,-0.148487958527857,0.14227042117550592,158.682198004619,105.5411376953125,2,0.0,0.0,0,0.0,253.636,106.5247,0.1423,0.1423,0.0,0.0,0.7877912366316582,1.3639999628067017,1.4338078326020005,0.0,0.0,0.7430628210229986,0.0,0.0,0.0,-0.048875664443256944,0.7179833668363593,175.7300023713629,60.0,2,0.0,0.0,0,0.0,81.84,-0.0,0.718,0.718,0.0,0.0,5.628562868453619,1.0095000267028809,1.129612328525382,0.0,0.0,0.8056523502449587,0.05360766500234604,0.0,0.0,0.1575528588012645,5.508450566631118,81.09624745627907,98.4503173828125,2,0.0,0.0,0,16.709872020303365,60.57,-0.0,5.5085,5.5085,0.0,0.0,0.0,0.23800000548362732,0.21506805346242994,0.0,0.0,1.0,0.04999999999999993,0.24146745387589952,24.146745387589952,-0.2337057969662239,0.0,0.0,60.0,0,0.0,0.0,0,0.0,14.28,-0.0,0.0229,0.0,0.0,0.0,0.922616587991965,0.30649998784065247,0.21821601638226415,0.0,0.0,0.9999999999999998,-2.220446049250313e-16,0.0,0.0,0.3048482294882907,1.0109005594503533,0.0,83.38095092773438,0,0.0,0.0,0,2.7440438288377957,18.39,-0.0,1.0109,1.0109,0.0,0.0
22,0,23.5,18.055599087142355,32.28500380357353,60.0,62.81320478473603,5.444400912857647,10.099447469607282,4.513899771785589,5.211338580174705,1.0079150199890137,66.9654377875222,0.20902349997736996,0.009023499977369953,0.0,0.0,-0.4652201605575859,10.409923681207179,0.0,97.51505279541016,2,0.0,0.0,0,2.5897566895593305,270.834,-66.9654,10.4099,10.4099,0.0,0.0,7.914603744325284,4.513899771785589,5.281,0.0,0.0,0.2,0.0,0.0,0.0,-0.5550593891592223,7.147503516110873,116.55895670123273,105.18695068359375,5,0.0,0.0,0,0.19609557065246502,270.834,-0.0,7.1475,7.1475,0.0,0.0,4.721866395562352,4.2829999923706055,3.3613839500776552,-0.8949950933456421,-52.745160467934056,0.4192594121191018,0.01925941211910176,0.0,0.0,-0.46738724449971913,4.748487344509659,386.1514648843274,78.24644470214844,5,0.0,0.0,0,0.18385053902672166,256.98,52.7452,4.7485,4.7485,0.0,0.0,3.6399149566214923,0.0,3.27777643373513,-0.1982496976852417,-13.422439803223142,0.4304032234168248,0.030403223416824776,0.0,0.0,0.18451458465365547,0.1638888252011208,0.0,60.0,0,0.0,0.0,0,0.0,0.0,13.4224,0.1639,0.1639,0.0,0.0,2.775024041067334,0.14129960222214777,1.589034187686672,0.0,0.0,0.7223072697544288,0.02230726975442876,0.0,0.0,-0.316649097706074,1.3272894556028099,539.4877691361487,60.0,5,0.0,0.0,0,0.0,8.478,-0.0,1.3273,1.3273,0.0,0.0,2.1477201467022615,2.7039999961853027,1.5851401256093112,0.8754131197929382,52.27410240334848,0.7227886124092324,0.022788612409232356,0.0,0.0,-0.012929891798419649,4.141993137071191,28.343861716073892,72.61043548583984,3,0.0,0.0,0,2.61898444981387,162.24,-52.2741,4.142,4.142,0.0,0.0,0.5400936912708684,0.8364999890327454,0.685,0.0,0.0,0.8999999999999999,0.0,0.0,0.0,-0.5564578764360298,0.6915936803036136,696.452704781193,104.19808959960938,4,0.0,0.0,0,3.1135357963626565e-06,50.19,-0.0,0.6916,0.6916,0.0,0.0,0.4463333584166569,1.062999963760376,0.685,-0.7900833487510681,-51.188611779931534,0.8999999999999999,0.0,0.0,0.0,0.23842606825215606,0.0342499734259647,0.0,105.18695068359375,3,0.0,0.0,0,0.0,63.78,51.1886,0.0342,0.0342,0.0,0.0
22,1,22.4895,17.91391689277622,28.66492961343241,60.0,61.08305377424366,10.019984020081425,10.409923681207179,2.8575000762939453,5.1260650988757135,0.03778886795043945,2.3236293369736813,0.22006928771039985,0.011045787733029888,0.0,0.0,-0.2867740406654333,8.17914752657585,0.0,60.0,1,0.0,0.0,0,0.7016817037816395,171.45,-2.3236,8.1791,8.1791,0.0,0.0,7.147503516110873,2.384500026702881,5.102431342734935,1.2696952819824219,78.19523737731298,0.22313065508614838,0.023130655086148366,0.0,0.0,-0.5903446918073736,5.6992674820612415,298.96719372853073,88.87002563476562,5,0.0,0.0,0,0.011938287432200408,143.07,-78.1952,5.6993,5.6993,0.0,0.0,4.748487344509659,1.1885000467300415,2.7656118632239868,0.0,0.0,0.496431962229681,0.07717255011057922,0.0,0.0,0.2724456190878132,3.1713755280157137,0.0,60.0,3,0.0,0.0,0,0.011401606441717067,71.31,-0.0,3.1714,3.1714,0.0,0.0,0.1638888252011208,3.3415000438690186,3.27777643373513,-0.0637236163020134,-3.611770483583541,0.4304032234168248,0.0,0.0,0.0,-0.4771224859387494,0.16388881903299612,371.4404570546957,71.5107192993164,1,0.0,0.0,0,0.0,200.49,3.6118,0.1639,0.1639,0.0,0.0,1.3272894556028099,1.0505000352859497,1.032688300591165,-0.2923666909337044,-18.178222623179735,0.827501812126628,0.10519454237219916,0.0,0.0,-0.012780179659730231,1.0527344993638905,356.31696403404675,67.47785949707031,4,0.0,0.0,0,2.7107920292164835e-05,63.03,18.1782,1.0527,1.0527,0.0,0.0,4.141993137071191,1.7615000009536743,1.4091638424289794,-0.9513938426971436,-57.42138945759052,0.7455834677434721,0.02279485533423964,0.0,0.0,-0.14130316397557957,3.5429354528987425,346.4898998914366,60.0,3,0.0,0.0,0,1.987914031438862,105.69,57.4214,3.5429,3.5429,0.0,0.0,0.6915936803036136,0.9380000233650208,0.6115337920974178,0.0,0.0,0.916621314005109,0.016621314005109133,0.0,0.0,0.20598399250334284,1.0180599115712166,0.0,113.77322387695312,3,0.0,0.0,0,0.11016926449396273,56.28,-0.0,1.0181,1.0181,0.0,0.0,0.0342499734259647,0.5339999794960022,0.5794643765823948,0.0,0.0,0.9220785823049382,0.02207858230493831,0.011214423660427908,1.1214423660427908,0.002217821774072301,0.0,206.056096395076,108.03507995605469,3,0.0,0.0,0,0.0,32.04,-0.0,-0.0112,0.0,0.0,0.0
22,2,21.5224515,18.34787328731528,22.82740921951965,60.0,60.0,17.05247889284583,8.17914752657585,4.58696832182882,5.055364690079787,0.0,0.0,0.22922737175132302,0.009158084040923165,0.0,0.0,-0.5613174691373294,7.710751158324883,176.16771267043828,60.0,1,0.0,0.0,0,0.5054295305470593,275.2181,-0.0,7.7108,7.7108,0.0,0.0,5.6992674820612415,4.58696832182882,4.953525376654111,0.0,0.0,0.24241899266138445,0.01928833757523607,0.0,0.0,-0.5681737082179548,5.33271042723595,234.33831015117252,67.06903076171875,4,0.0,0.0,0,0.004015377982106903,275.2181,-0.0,5.3327,5.3327,0.0,0.0,3.1713755280157137,1.8639999628067017,2.537518362683661,0.0,0.0,0.5254231602448449,0.02899119801516392,0.0,0.0,0.16283189072990023,2.497857128138755,8.460718535926475,68.82027435302734,2,0.0,0.0,0,0.0,111.84,-0.0,2.4979,2.4979,0.0,0.0,0.16388881903299612,3.0954999923706055,3.27777643373513,0.0,0.0,0.4304032234168248,0.0,0.01838762233152824,1.8387622331528242,-0.2522236621833834,0.0,143.19963465116356,84.09159851074219,1,0.0,0.0,0,0.0,185.73,-0.0,-0.0184,0.0,0.0,0.0,1.0527344993638905,1.0779999494552612,0.8664472611498696,0.0,0.0,0.8626766067965668,0.03517479466993878,0.0,0.0,-0.16463803491276036,1.2642871876692823,463.8843147279175,62.44950866699219,2,0.0,0.0,0,0.061891031302634854,64.68,-0.0,1.2643,1.2643,0.0,0.0,3.5429354528987425,1.9785000085830688,1.2847348089487138,0.0,0.0,0.7685175965605335,0.022934128817061472,0.0,0.0,0.14906745830418022,4.236700652533098,0.0,76.67040252685547,2,0.0,0.0,0,5.140768981534244,118.71,-0.0,4.2367,4.2367,0.0,0.0,1.0180599115712166,0.31450000405311584,0.6115337920974178,0.0,0.0,0.916621314005109,0.0,0.0,0.0,0.0971488731874147,0.7210261235269146,135.6047674341097,92.85200500488281,4,0.0,0.0,0,0.004147616297360731,18.87,-0.0,0.721,0.721,0.0,0.0,0.0,0.421999990940094,0.45068075763579263,0.0,0.0,0.9496746244947225,0.027596042189784287,0.03989519035612654,3.989519035612654,0.040196838405943236,0.0,122.34714263369825,75.7598876953125,1,0.0,0.0,0,0.0,25.32,-0.0,-0.0287,0.0,0.0,0.0
22,3,20.5969860855,17.677786242917065,21.763332677428885,60.0,60.92356870571066,20.393115470877554,7.710751158324883,4.419446560729266,5.055364690079787,1.1930651664733887,78.28652322092375,0.22922737175132302,0.0,0.0,0.0,-0.5399236582592115,8.26789819544775,57.36591679144918,84.78450012207031,2,0.0,0.0,0,0.813692724665276,265.1668,-78.2865,8.2679,8.2679,0.0,0.0,5.33271042723595,4.419446560729266,4.911777623661399,0.0,0.0,0.24758579377434403,0.005166801112959585,0.0,0.0,-0.406526089089838,4.840379364303818,45.59998489857725,108.30694580078125,4,0.0,0.0,0,0.0,265.1668,-0.0,4.8404,4.8404,0.0,0.0,2.497857128138755,2.4679999351501465,2.537518362683661,-0.704693615436554,-45.01300921813265,0.5254231602448449,0.0,0.0,0.0,0.12440211337631907,1.7236450851686862,0.0,108.30694580078125,2,0.0,0.0,0,0.0,148.08,45.013,1.7236,1.7236,0.0,0.0,0.0,2.6333931743874572,3.27777643373513,1.0286567211151123,65.91696098043064,0.4304032234168248,0.0,0.0,0.0,-0.16744248897195455,0.36588583943591146,28.88591716104496,60.0,2,0.0,0.0,0,0.0,158.0036,-65.917,0.3843,0.3659,0.0,0.0,1.2642871876692823,0.8849999904632568,0.8664472611498696,1.2100856304168701,66.59038066562289,0.8626766067965668,0.0,0.0,0.0,0.22225560241433737,2.4929255473995395,0.0,74.7523422241211,2,0.0,0.0,0,2.0915944407557854,53.1,-66.5904,2.4929,2.4929,0.0,0.0,4.236700652533098,1.5440000295639038,1.2847348089487138,-1.9994055032730103,-116.86727317485133,0.7685175965605335,0.0,0.0,0.0,0.2747257350170501,2.4965603698752776,0.0,79.02201080322266,2,0.0,0.0,0,0.5550729191867715,92.64,116.8673,2.4966,2.4966,0.0,0.0,0.7210261235269146,0.5824999809265137,0.548397840419467,-0.7277083992958069,-45.48177495598793,0.929802097236414,0.013180783231305004,0.0,0.0,-0.054684715006203595,0.027419864738154387,332.62423464814674,107.6691665649414,4,0.0,0.0,0,0.0,34.95,45.4818,0.0274,0.0274,0.0,0.0,0.0,0.7260000109672546,0.45068075763579263,0.0,0.0,0.9496746244947225,0.0,0.0,0.0,0.23247141311040803,0.23542406297533547,0.0,60.0,1,0.0,0.0,0,0.0,43.56,-0.0,0.2753,0.2354,0.0,0.0
23,0,23.5,19.40946642958556,26.64388987672684,60.0,60.2840939433056,4.090533570414441,4.8336530907357105,4.85236660739639,5.281,2.9819483757019043,181.2550302027521,0.2,0.0,0.0,0.0,-0.6413563039802349,7.386968073834004,0.0,60.0,3,0.0,0.0,0,0.2651705019749144,291.142,-181.255,7.387,7.387,0.0,0.0,8.74762265295268,2.3914999961853027,5.1150657940530335,0.0,0.0,0.2214940681278454,0.021494068127845378,0.0,0.0,-0.21172291548565053,6.024056855084949,0.0,98.27378845214844,1,0.0,0.0,0,0.034048046459371865,143.49,-0.0,6.0241,6.0241,0.0,0.0,2.394146498754641,3.559499979019165,3.3458973681904425,-2.4404542446136475,-145.3302819260466,0.4211760682932622,0.021176068293262185,0.0,0.0,-0.20852612042809787,0.16729486496971546,268.90330011540493,108.25370788574219,3,0.0,0.0,0,0.0,213.57,145.3303,0.1673,0.1673,0.0,0.0,2.9052298167799973,4.321599933530646,3.259316387173796,0.0,0.0,0.43189153624086674,0.031891536240866714,0.0,0.0,-0.29947192284144764,3.9675133631368467,205.43702820229078,60.0,8,0.0,0.0,0,0.03586455065648665,259.296,-0.0,3.9675,3.9675,0.0,0.0,2.753230453137594,2.563499927520752,1.5101937443107487,0.0,0.0,0.7335888932239962,0.033588893223996164,0.0,0.0,-0.04136747521580362,3.8065366363475968,144.68387940898288,61.6206169128418,4,0.0,0.0,0,2.1528454249905358,153.81,-0.0,3.8065,3.8065,0.0,0.0,3.0727215346688714,0.703499972820282,1.7695000000000003,-0.5414941310882568,-32.94279990100358,0.7000000000000001,0.0,0.0,0.0,-0.3815068300551314,1.4652273764008963,543.2772320722667,60.0,4,0.0,0.0,0,0.0,42.21,32.9428,1.4652,1.4652,0.0,0.0,1.2908986657053692,0.24950000643730164,0.5057406083016348,0.0,0.0,0.9405564234611685,0.04055642346116861,0.0,0.0,0.22712629870565473,1.0346580638410359,57.16912170725093,83.1454086303711,2,0.0,0.0,0,0.28284467995714435,14.97,-0.0,1.0347,1.0347,0.0,0.0,0.6463871639919734,0.7680000066757202,0.685,0.0,0.0,0.8999999999999999,0.0,0.0,0.0,-0.08371242923902257,0.7293871706676935,287.4257608032846,60.0,2,0.0,0.0,0,0.0003660815189327357,46.08,-0.0,0.7294,0.7294,0.0,0.0
23,1,22.4895,18.893905822972144,24.58164240428274,60.0,51.609545095511336,7.686127747442298,7.386968073834004,2.677999973297119,5.118370747210834,-3.0,-155.59655668458845,0.22010250343500173,0.020102503435001723,0.0,0.0,-0.08926297059722552,1.94659729992029,0.0,60.0,2,0.0,0.0,0,0.0,160.68,155.5966,1.9466,1.9466,0.0,0.0,6.024056855084949,4.723476455743036,5.1150657940530335,0.42545199394226074,21.791926742582746,0.2214940681278454,0.0,0.0,0.0,-0.772864135129216,6.0579195107172135,323.40820399028917,91.80128479003906,2,0.0,0.0,0,0.03730817122382422,283.4086,-21.7919,6.0579,6.0579,0.0,0.0,0.16729486496971546,1.6684999465942383,3.145746251015814,0.4053088426589966,20.013567729801935,0.44594724616140907,0.024771177868146865,0.9046425967928635,90.46425967928636,-0.8004302435129671,0.0,367.8031489637677,60.0,3,0.0,0.0,0,0.0,100.11,-20.0136,-0.9046,0.0,0.0,0.0,3.9675133631368467,4.55649995803833,2.779236038374236,0.0,0.0,0.49194657928863283,0.0600550430477661,0.0,0.0,-0.4086599682698383,5.744777282800941,425.948417678697,60.0,6,0.0,0.0,0,1.6343376165305856,273.39,-0.0,5.7448,5.7448,0.0,0.0,3.8065366363475968,1.280500054359436,1.5101937443107487,2.460637092590332,131.27995063883645,0.7335888932239962,0.0,0.0,0.0,-0.1249507258851982,6.037480038986615,119.49059157034979,78.025146484375,5,0.0,0.0,0,11.74940574501961,76.83,-131.28,6.0375,6.0375,0.0,0.0,1.4652273764008963,0.8889999985694885,1.0979935417470545,0.0,0.0,0.8145942213241959,0.11459422132419583,0.0,0.0,0.173686574786525,1.2562338332233303,161.8646484030944,60.0,3,0.0,0.0,0,0.004328755051786126,53.34,-0.0,1.2562,1.2562,0.0,0.0,1.0346580638410359,0.6660000085830688,0.5057406083016348,-0.9498975872993469,-46.28091217613894,0.9405564234611685,0.0,0.0,0.0,0.01251603905714136,0.24501987682312298,274.6236595723957,60.0,3,0.0,0.0,0,0.0,39.96,46.2809,0.245,0.245,0.0,0.0,0.7293871706676935,1.062999963760376,0.685,0.6584996581077576,32.7419213368056,0.8999999999999999,0.0,0.0,0.0,0.14311434102205745,1.7658867925358268,0.0,60.0,2,0.0,0.0,0,1.071234799740841,63.78,-32.7419,1.7659,1.7659,0.0,0.0
23,2,21.5224515,18.293511987598237,23.053914635007338,60.0,61.923324001333576,12.28399672387111,1.94659729992029,4.573377996899559,5.014205539201547,1.4965229034423828,94.51167189760963,0.23299423709951766,0.01289173366451593,0.0,0.0,-0.6382685678841072,3.002292661060685,168.30620792876306,86.44849395751953,2,0.0,0.0,0,0.0,274.4027,-94.5117,3.0023,3.0023,0.0,0.0,6.0579195107172135,4.573377996899559,5.016073376751103,2.2947793006896973,148.23498714046127,0.23373046087221266,0.012236392744367275,0.0,0.0,-0.520817148561613,7.910003431555366,0.0,106.14291381835938,0,0.0,0.0,0,0.6340802970884452,274.4027,-148.235,7.91,7.91,0.0,0.0,0.0,4.573377996899559,2.4726834819825316,0.0,0.0,0.5322344831100415,0.08628723694863244,0.0,0.0,-0.16605678530477408,1.196051918124164,273.0323703680026,60.0,2,0.0,0.0,0,0.0,274.4027,-0.0,2.1007,1.1961,0.0,0.0,5.744777282800941,1.2558779718656083,2.471739106033753,-1.7503819465637207,-109.78032210217407,0.5317777881410272,0.03983120885239433,0.0,0.0,0.2396910557284456,2.7785342020690758,92.15733211255038,60.0,4,0.0,0.0,0,0.006707907954981245,75.3527,109.7803,2.7785,2.7785,0.0,0.0,6.037480038986615,0.45649999380111694,1.2872206463004523,-3.0,-184.55471717410546,0.7717826592080426,0.038193765984046335,0.0,0.0,0.33854419409946906,2.20675938648728,105.1419395843346,78.0622329711914,3,0.0,0.0,0,0.2775975225193206,27.39,184.5547,2.2068,2.2068,0.0,0.0,1.2562338332233303,1.5080000162124634,1.0145579499763444,-1.6989480257034302,-101.80424520179736,0.8320129252429245,0.017418703918728573,0.0,0.0,0.2530213298194187,0.05072787375601906,81.07633648213928,107.34809112548828,3,0.0,0.0,0,0.0,90.48,101.8042,0.0507,0.0507,0.0,0.0,0.24501987682312298,0.4099999964237213,0.46060031244602073,2.658027768135071,159.84195541227314,0.95,0.009443576538831433,0.0,0.0,-0.052942249733593294,2.8524473289358943,133.68116405394005,96.5994644165039,3,0.0,0.0,0,14.151978443309304,24.6,-159.842,2.8524,2.8524,0.0,0.0,1.7658867925358268,0.9430000185966492,0.6144238845489222,0.0,0.0,0.9159674469346328,0.015967446934632923,0.0,0.0,0.192885146897649,2.094462926583554,0.0,60.0,1,0.0,0.0,0,2.766628199831654,56.58,-0.0,2.0945,2.0945,0.0,0.0
23,3,20.5969860855,17.59907895064271,22.091279728572037,60.0,73.91476692166623,15.281903858728398,3.002292661060685,3.4025394083853406,5.014205539201547,0.0,0.0,0.23299423709951766,0.0,0.0,0.0,-0.44675305800825627,1.3906265302444787,96.59529481360138,60.0,2,0.0,0.0,0,0.0,204.1524,-0.0,1.3906,1.3906,0.0,0.0,7.910003431555366,4.3997697376606775,5.016073376751103,0.0,0.0,0.23373046087221266,0.0,0.0,0.0,-0.6733528277950085,7.293699792464941,268.5620457900046,60.0,1,0.0,0.0,0,0.3484419300958634,263.9862,-0.0,7.2937,7.2937,0.0,0.0,1.196051918124164,2.799499988555908,2.1885598912802475,2.0173001289367676,150.1169189058768,0.5832519910207699,0.051017507910728344,0.0,0.0,-0.4563289741528107,3.8242921443365923,464.8083914173158,65.1595230102539,1,0.0,0.0,0,0.5284609404703927,167.97,-150.1169,3.8243,3.8243,0.0,0.0,2.7785342020690758,4.3997697376606775,2.471739106033753,-0.1297333538532257,-9.59699347504636,0.5317777881410272,0.0,0.0,0.0,-0.6716358540223161,4.576831479842775,633.8421702898765,74.04634857177734,4,0.0,0.0,0,0.8272636770934287,263.9862,9.597,4.5768,4.5768,0.0,0.0,2.20675938648728,0.9585000276565552,1.1396077506887787,0.0,0.0,0.8025995476447176,0.03081688843667507,0.0,0.0,-0.00823081606160208,2.025651663455056,250.98999480849622,60.0,3,0.0,0.0,0,0.3037211450678738,57.51,-0.0,2.0257,2.0257,0.0,0.0,0.05072787375601906,1.4105000495910645,0.9557394146542687,0.0,0.0,0.8442923689427315,0.012279443699807047,0.0,0.0,-0.436730364445021,0.5054885086928148,677.2512537578397,60.0,3,0.0,0.0,0,0.0,84.63,-0.0,0.5055,0.5055,0.0,0.0,2.8524473289358943,0.12200000137090683,0.348121148367189,-0.01901528239250183,-1.4234057109592868,0.9754477746784687,0.025447774678468704,0.0,0.0,0.14879135464010734,2.60731089954711,128.9341451333385,60.0,3,0.0,0.0,0,18.67480888904989,7.32,1.4234,2.6073,2.6073,0.0,0.0,2.094462926583554,0.10649999976158142,0.3165823386094767,-1.86855149269104,-137.07921959093437,0.9781473103875442,0.06217986345291138,0.0,0.0,0.40387795336263654,0.015829095044618602,40.657107289946254,60.0,1,0.0,0.0,0,0.0,6.39,137.0792,0.0158,0.0158,0.0,0.0
24,0,23.5,18.116783364712127,32.030069313699464,60.0,54.79415262791031,5.383216635287871,9.895465978370591,4.529195841178032,5.163300580418744,-1.9162602424621582,-103.34939145835034,0.2152460388058623,0.015246038805862283,0.0,0.0,-0.35244253297257244,7.345100996667721,87.27871358394643,102.90313720703125,5,0.0,0.0,0,0.29965149087221593,271.7518,103.3494,7.3451,7.3451,0.0,0.0,6.618437168185443,1.5705875635884183,5.014959338484938,0.0,0.0,0.23400701264094348,0.03400701264094347,0.0,0.0,-0.3657056108411416,3.174065393288923,260.4063262916222,60.0,3,0.0,0.0,0,0.0,94.2353,-0.0,3.1741,3.1741,0.0,0.0,4.218638284148896,2.864000082015991,3.3516717022161013,-0.6105985939502716,-33.84426787500996,0.420436130752027,0.020436130752026993,0.0,0.0,-0.6368523602443789,3.120368069998514,631.6311078300389,115.92500305175781,5,0.0,0.0,0,0.0,171.84,33.8443,3.1204,3.1204,0.0,0.0,5.274137664102908,4.238999843597412,3.329785401473897,0.4971673786640167,28.429309133740844,0.424250595664003,0.024250595664003005,0.0,0.0,-0.2671806303582186,6.680519484890441,130.4320634534665,85.77053833007812,6,0.0,0.0,0,1.6912022399276032,254.34,-28.4293,6.6805,6.6805,0.0,0.0,3.5221242499463767,1.0225000381469727,1.6288175362815853,0.0,0.0,0.717936936905665,0.01793693690566489,0.0,0.0,-0.6346595808376518,2.915806751811764,789.1160716452881,60.0,6,0.0,0.0,0,0.451958562827748,61.35,-0.0,2.9158,2.9158,0.0,0.0,1.2470701810600398,3.0490000247955322,1.7695000000000003,0.0,0.0,0.7000000000000001,0.0,0.0,0.0,-0.17197928533458656,2.5265702058555717,160.53955928577065,83.25972747802734,2,0.0,0.0,0,0.10593379760876813,182.94,-0.0,2.5266,2.5266,0.0,0.0,0.5061291099461738,0.32249999046325684,0.685,0.0,0.0,0.8999999999999999,0.0,0.0,0.0,-0.23262236141119208,0.14362910040943055,463.6346687808971,114.33187866210938,2,0.0,0.0,0,0.0,19.35,-0.0,0.1436,0.1436,0.0,0.0,0.7480666779390371,0.5199999809265137,0.6234474683503957,2.029691457748413,111.29120903603189,0.9128502153757002,0.012850215375700302,0.0,0.0,-0.03275818071251928,2.6743106482635683,151.38030720961427,60.0,4,0.0,0.0,0,6.118034559753595,31.2,-111.2912,2.6743,2.6743,0.0,0.0
24,1,22.4895,17.934211043715376,28.580370651185934,60.0,55.53014373779297,9.938505591572497,7.345100996667721,4.0954999923706055,4.946059532347804,-1.071761965751648,-58.97921502801273,0.2429205850137427,0.0276745462078804,0.0,0.0,-0.44517980232382603,5.422779490938875,229.88819133428154,60.0,4,0.0,0.0,0,0.0071324597911260265,245.73,58.9792,5.4228,5.4228,0.0,0.0,3.174065393288923,3.6610000133514404,4.884943976700125,0.0,0.0,0.2500980227628262,0.016091010121882743,0.0,0.0,-0.27475486060438753,1.9501214299402383,0.0,60.0,2,0.0,0.0,0,0.0,219.66,-0.0,1.9501,1.9501,0.0,0.0,3.120368069998514,0.5632108134030283,3.138490247995945,0.0,0.0,0.4474484798525387,0.0270123491005117,0.0,0.0,0.02716562778649549,0.5450886354055973,114.13380902832698,60.0,4,0.0,0.0,0,0.0,33.7926,-0.0,0.5451,0.5451,0.0,0.0,6.680519484890441,3.1575000286102295,2.835481155832251,0.0,0.0,0.4882796430269105,0.06402904736290749,0.0,0.0,0.12176048831127648,7.00253835766842,0.0,103.41676330566406,2,0.0,0.0,0,3.7119619141984685,189.45,-0.0,7.0025,7.0025,0.0,0.0,2.915806751811764,1.8055000305175781,1.353675990476868,0.0,0.0,0.7544750161173057,0.03653807921164076,0.0,0.0,0.03591435399278463,3.367630791852474,133.41024506303273,60.0,5,0.0,0.0,0,1.8273520052140952,108.33,-0.0,3.3676,3.3676,0.0,0.0,2.5265702058555717,2.8340001106262207,1.7695000000000003,1.071761965751648,60.05097699376438,0.7000000000000001,0.0,0.0,0.0,-0.49410675547958177,4.66283228223344,424.61792601618583,70.75100708007812,3,0.0,0.0,0,3.0247531354493304,170.04,-60.051,4.6628,4.6628,0.0,0.0,0.14362910040943055,1.0110000371932983,0.685,0.0,0.0,0.8999999999999999,0.0,0.0,0.0,0.03812498282921031,0.46962913760272884,143.59801980355846,66.66322326660156,3,0.0,0.0,0,0.0,60.66,-0.0,0.4696,0.4696,0.0,0.0,2.6743106482635683,0.8065000176429749,0.6234474683503957,0.0,0.0,0.9128502153757002,0.0,0.0,0.0,-0.10427720890154268,2.8573631975561478,303.08374960815905,93.72941589355469,5,0.0,0.0,0,7.575951240670181,48.39,-0.0,2.8574,2.8574,0.0,0.0
24,2,21.5224515,17.519735502432496,26.27798332319792,60.0,70.75082204489132,13.941221589139998,5.422779490938875,4.142000198364258,4.759657991911738,-0.2582366168498993,-18.20242821327821,0.26706586227230045,0.02414527725855775,0.0,0.0,-0.2455594071683036,4.546885080541496,0.0,81.08771514892578,3,0.0,0.0,0,0.0,248.52,18.2024,4.5469,4.5469,0.0,0.0,1.9501214299402383,3.5002351499902318,4.792261210470938,0.0,0.0,0.26210356242981925,0.012005539666993026,0.0,0.0,-0.27058447065694485,0.6580953694595317,0.0,60.0,1,0.0,0.0,0,0.0,210.0141,-0.0,0.6581,0.6581,0.0,0.0,0.5450886354055973,4.0995001792907715,2.8107467006117544,0.0,0.0,0.4879879679115249,0.04053948805898616,0.0,0.0,-0.0033062187929406156,1.8338421140846144,0.0,97.6900634765625,2,0.0,0.0,0,0.0,245.97,-0.0,1.8338,1.8338,0.0,0.0,7.00253835766842,2.5399999618530273,2.724402324403968,0.0,0.0,0.5026680926937865,0.014388449666876024,0.0,0.0,0.06739241299262366,6.81813599511748,0.0,99.11979675292969,0,0.0,0.0,0,3.7701801595349447,152.4,-0.0,6.8181,6.8181,0.0,0.0,3.367630791852474,0.382999986410141,1.1023218177775727,-1.1827495992183685,-84.71682680296487,0.8089708900726515,0.05449587395534583,0.0,0.0,0.3799537058158435,1.4655593612666737,0.0,64.24610137939453,2,0.0,0.0,0,0.034354546840471054,22.98,84.7168,1.4656,1.4656,0.0,0.0,4.66283228223344,1.9555000066757202,1.2587221440374852,0.0,0.0,0.7782302841544152,0.07823028415441513,0.0,0.0,-0.3914840502227337,5.3596101448716755,589.7227750914868,65.7165298461914,3,0.0,0.0,0,12.057852489678105,117.33,-0.0,5.3596,5.3596,0.0,0.0,0.46962913760272884,0.7950000166893005,0.5669256140370418,-0.6693572402000427,-45.3341075836629,0.924701754385556,0.024701754385556107,0.0,0.0,0.2524421908360451,0.028346300054944873,0.0,103.53216552734375,2,0.0,0.0,0,0.0,47.7,45.3341,0.0283,0.0283,0.0,0.0,2.8573631975561478,0.10450000315904617,0.3231653354308414,2.1103434562683105,150.3637060561743,0.9807873495203958,0.0679371341446956,0.0,0.0,-0.033039738392326976,4.749041321552663,88.4088836849262,80.35287475585938,4,0.0,0.0,0,112.15817957073124,6.27,-150.3637,4.749,4.749,0.0,0.0
24,3,20.5969860855,16.79070232063222,25.45951568694908,60.0,62.788177490234375,17.747505354007778,4.546885080541496,4.197675580158055,4.564555894456005,0.5403547286987305,34.198065977572696,0.2911823143681884,0.024116452095887975,0.0,0.0,-0.34686345093497506,4.720359494942278,77.18738911737957,81.5726089477539,2,0.0,0.0,0,0.0004912651244594701,251.8605,-34.1981,4.7204,4.7204,0.0,0.0,0.6580953694595317,4.197675580158055,4.792261210470938,0.0,0.0,0.26210356242981925,0.0,0.0,0.0,-0.35088748909532386,0.06350973914664859,0.0,84.17158508300781,0,0.0,0.0,0,0.0,251.8605,-0.0,0.0635,0.0635,0.0,0.0,1.8338421140846144,2.0236755404613618,2.8107467006117544,0.0,0.0,0.4879879679115249,0.0,0.0,0.0,-0.24399981114417646,1.0467709539342218,279.1950352145855,60.0,3,0.0,0.0,0,0.0,121.4205,-0.0,1.0468,1.0468,0.0,0.0,6.81813599511748,4.197675580158055,2.724402324403968,0.0,0.0,0.5026680926937865,0.0,0.0,0.0,-0.22326600643121702,8.291409250871567,155.19300374827762,84.79806518554688,1,0.0,0.0,0,8.130505449985653,251.8605,-0.0,8.2914,8.2914,0.0,0.0,1.4655593612666737,0.796500027179718,0.9894519498349724,0.0,0.0,0.8325345368247602,0.023563646752108647,0.0,0.0,-0.39808663538564587,1.2726074386114195,662.3669783015785,77.56914520263672,2,0.0,0.0,0,0.021674066558356127,47.79,-0.0,1.2726,1.2726,0.0,0.0,5.3596101448716755,0.6255000233650208,1.1598900273918622,-0.5403547286987305,-33.657711248873966,0.7988632938925408,0.02063300973812565,0.0,0.0,-0.1668058986331844,4.284865412146104,447.7262718866125,87.13133239746094,3,0.0,0.0,0,6.909733295592114,37.53,33.6577,4.2849,4.2849,0.0,0.0,0.028346300054944873,0.5174999833106995,0.5669256140370418,0.0,0.0,0.924701754385556,0.0,0.021079330671397445,2.1079330671397445,-0.46084812373652595,0.0,612.2207884270517,69.90605163574219,3,0.0,0.0,0,0.0,31.05,-0.0,-0.0211,0.0,0.0,0.0,4.749041321552663,0.2345000058412552,0.2264339470109585,0.0,0.0,0.9999999999999999,0.019212650479604076,0.0,0.0,0.11688281344820792,4.757107380382959,0.0,81.94942474365234,1,0.0,0.0,0,202.75174394725047,14.07,-0.0,4.7571,4.7571,0.0,0.0
25,0,23.5,19.207963183168857,27.48348673679642,60.0,69.30108144216969,4.292036816831141,7.369951712444958,4.801990795792214,5.014450993740506,1.049628496170044,66.65140950679779,0.23352769081553354,0.03352769081553353,0.0,0.0,-0.3702226104078987,8.20712001066671,0.0,103.75358581542969,3,0.0,0.0,0,0.8109977729263006,288.1194,-66.6514,8.2071,8.2071,0.0,0.0,6.2225988697357995,4.801990795792214,5.281,0.03779172897338867,2.396638790205543,0.2,0.0,0.0,0.0,-0.7087901867003357,5.781381394501403,252.0561420192933,104.36038970947266,4,0.0,0.0,0,0.007297072074426513,288.1194,-2.3966,5.7814,5.7814,0.0,0.0,5.769965319600065,4.801990795792214,3.2649099634412067,-2.8848705291748047,-206.99859506835492,0.4326541498133151,0.0326541498133151,0.0,0.0,-0.36701129705487134,4.422175622776267,466.77267185671195,88.09967041015625,6,0.0,0.0,0,0.12210848857277898,288.1194,206.9986,4.4222,4.4222,0.0,0.0,2.223572130984362,0.0,3.5169999999999995,0.0,0.0,0.4,0.0,1.2934278690156376,129.34278690156376,-1.0323098322060535,0.0,461.7710137159404,60.0,4,0.0,0.0,0,0.0,0.0,-0.0,-1.2934,0.0,0.0,0.0,1.807993151778801,1.1724908835302514,1.7695000000000003,1.0983526706695557,78.30481424675781,0.7000000000000001,0.0,0.0,0.0,-0.33325782938066445,2.3093367059786076,358.07912525496766,60.0,1,0.0,0.0,0,0.04548311296730273,70.3495,-78.3048,2.3093,2.3093,0.0,0.0,1.8866235712500499,2.566499948501587,1.7247951517617466,0.0,0.0,0.7055259392136285,0.005525939213628428,0.0,0.0,-0.22606071372419084,2.7283283679898904,260.36913733259587,60.0,3,0.0,0.0,0,0.22268609518471158,153.99,-0.0,2.7283,2.7283,0.0,0.0,1.1384298682236136,0.0,0.6289654198353309,2.026759147644043,146.68642969933262,0.9126775068245856,0.012677506824585683,0.0,0.0,-0.07555360197848826,2.5362235960323254,193.0751784285672,60.0,3,0.0,0.0,0,5.035627127091045,0.0,-146.6864,2.5362,2.5362,0.0,0.0,1.0643521127787707,1.062999963760376,0.685,-1.3276615142822266,-82.82816513128182,0.8999999999999999,0.0,0.0,0.0,-0.6865253144828984,0.11469056225692009,814.6450834539362,60.0,5,0.0,0.0,0,0.0,63.78,82.8282,0.1147,0.1147,0.0,0.0
25,1,22.4895,18.52967849755149,26.099256260202125,60.0,62.81813823534677,8.25185831927965,8.20712001066671,4.632419624387873,4.870411249147637,0.8923870325088501,52.05141386684886,0.25133235640179696,0.017804665586263424,0.0,0.0,-0.7313763181789772,8.861515418415795,349.1436117658969,60.0,3,0.0,0.0,0,1.4803152442368748,277.9452,-52.0514,8.8615,8.8615,0.0,0.0,5.781381394501403,4.632419624387873,4.924937760293484,0.8433836698532104,57.85435541017705,0.24612205177545549,0.046122051775455475,0.0,0.0,-0.5952657832544019,6.332246928449002,290.24723833349833,67.6158676147461,4,0.0,0.0,0,0.10748371708753156,277.9452,-57.8544,6.3322,6.3322,0.0,0.0,4.422175622776267,1.1670000553131104,2.457328467748406,0.0,0.0,0.5363536221505852,0.10369947233727012,0.0,0.0,0.3190474802399629,3.1318472103409714,57.22776846829344,60.0,5,0.0,0.0,0,0.04850206628848551,70.02,-0.0,3.1318,3.1318,0.0,0.0,0.0,1.9588390160792137,2.8702494169473645,0.0,0.0,0.48377598226070406,0.08377598226070404,2.2048382698837887,220.48382698837887,-0.7423263363759112,0.0,0.0,60.0,3,0.0,0.0,0,0.0,117.5303,-0.0,-0.9114,0.0,0.0,0.0,2.3093367059786076,2.051500082015991,1.7695000000000003,0.0,0.0,0.7000000000000001,0.0,0.0,0.0,-0.17243940927775847,2.591336787994598,208.74003154962628,92.48577880859375,2,0.0,0.0,0,0.1300642970969186,123.09,-0.0,2.5913,2.5913,0.0,0.0,2.7283283679898904,2.440000057220459,1.5755296188816392,0.0,0.0,0.7248608527991347,0.019334913585506208,0.0,0.0,-0.4599886964113782,3.59279880632871,531.6090871815201,96.24797821044922,3,0.0,0.0,0,1.4613013441680964,146.4,-0.0,3.5928,3.5928,0.0,0.0,2.5362235960323254,0.9175000190734863,0.5993177355023845,-1.7357707023620605,-108.16999857466385,0.9193851277143925,0.00670762088980692,0.0,0.0,-0.11581407492041461,1.1186351772413667,428.33671817153714,60.0,3,0.0,0.0,0,0.20944335304758369,55.05,108.17,1.1186,1.1186,0.0,0.0,0.11469056225692009,0.7300000190734863,0.4849548209380178,0.0,0.0,0.9417630853991612,0.04176308539916129,0.0,0.0,-0.02457638488262477,0.35973576039238864,269.04751173637493,85.06217193603516,4,0.0,0.0,0,0.0,43.8,-0.0,0.3597,0.3597,0.0,0.0
25,2,21.5224515,17.589303638600917,25.988116089162833,60.0,59.85301399230957,12.18500618067873,8.861515418415795,4.397325909650229,4.234884284297274,0.0,0.0,0.3333141913051195,0.08198183490332256,0.0,0.0,-0.04194421403321141,9.02395704376875,0.0,107.03187561035156,0,0.0,0.0,0,2.8796272222431636,263.8396,-0.0,9.024,9.024,0.0,0.0,6.332246928449002,4.397325909650229,4.589344530263799,0.0,0.0,0.28959267742696926,0.04347062565151377,0.0,0.0,-0.2408622866458529,6.140228307835431,44.67599827179955,96.55358123779297,3,0.0,0.0,0,0.15233235078314677,263.8396,-0.0,6.1402,6.1402,0.0,0.0,3.1318472103409714,1.8680000305175781,2.150005168407781,-1.2529783248901367,-74.36804004926489,0.5937668861013259,0.057413263950740645,0.0,0.0,0.32074172775619336,1.596863747560632,0.0,93.72139739990234,2,0.0,0.0,0,0.0,112.08,74.368,1.5969,1.5969,0.0,0.0,0.0,1.725000023841858,2.5925570309036896,0.0,0.0,0.5192035276247111,0.03542754536400705,2.9324253053164195,293.24253053164193,-1.801481700816924,0.0,758.8461274459013,107.03187561035156,2,0.0,0.0,0,0.0,103.5,-0.0,-0.8676,0.0,0.0,0.0,2.591336787994598,1.6480000019073486,1.7695000000000003,0.0,0.0,0.7000000000000001,0.0,0.0,0.0,-0.49813020641578737,2.469836789901946,543.2772320722667,84.82403564453125,3,0.0,0.0,0,0.08718896189989468,98.88,-0.0,2.4698,2.4698,0.0,0.0,3.59279880632871,1.5379999876022339,0.9577892944980775,0.0,0.0,0.8441269320796743,0.11926607928053956,0.0,0.0,0.286824906117153,4.173009499432867,0.0,60.0,1,0.0,0.0,0,9.887621712235738,92.28,-0.0,4.173,4.173,0.0,0.0,1.1186351772413667,0.3395000100135803,0.24185497650195376,1.2529783248901367,75.62101837415503,1.0,0.08061487228560749,0.0,0.0,0.20887417021522392,2.46925853564313,0.0,72.01094055175781,1,0.0,0.0,0,31.126818655435077,20.37,-75.621,2.4693,2.4693,0.0,0.0,0.35973576039238864,0.559499979019165,0.4485476584023103,0.0,0.0,0.95,0.008236914600838752,0.0,0.0,-0.13724726586268057,0.47068808100924336,376.6070763710129,60.0,3,0.0,0.0,0,0.0001214008924093273,33.57,-0.0,0.4707,0.4707,0.0,0.0
25,3,20.5969860855,16.57846400426352,26.343842005152,60.0,64.13157844543457,17.320180048313905,9.02395704376875,4.14461600106588,4.234884284297274,0.0,0.0,0.3333141913051195,0.0,0.0,0.0,-0.4274261874719907,8.933688760537358,176.62654513278014,60.0,1,0.0,0.0,0,2.7458456242025435,248.677,-0.0,8.9337,8.9337,0.0,0.0,6.140228307835431,4.14461600106588,4.548708499746791,-3.0,-190.8947353363037,0.29461567254650034,0.005022995119531082,0.0,0.0,-0.3155630607238914,2.7361358091545203,218.42255954766293,60.0,3,0.0,0.0,0,0.0,248.677,190.8947,2.7361,2.7361,0.0,0.0,1.596863747560632,2.6045000553131104,2.0186165920492267,0.0,0.0,0.6212540359671321,0.02748714986580625,0.0,0.0,-0.2831329762374296,2.1827472108245156,430.33634328352395,60.0,1,0.0,0.0,0,0.001902669092347965,156.27,-0.0,2.1827,2.1827,0.0,0.0,0.0,2.753499984741211,2.450364835137007,0.0,0.0,0.5368015716552412,0.017598044030530113,1.409751210937956,140.9751210937956,-0.812689181566724,0.0,283.39374758132067,63.02140808105469,2,0.0,0.0,0,0.0,165.21,-0.0,0.3031,0.0,0.0,0.0,2.469836789901946,1.6299999952316284,1.1625,0.0,0.0,0.8,0.09999999999999998,0.0,0.0,0.2072940886104831,2.937336785133574,39.34313426665964,77.44264221191406,3,0.0,0.0,0,1.6740815698285145,97.8,-0.0,2.9373,2.9373,0.0,0.0,4.173009499432867,0.35499998927116394,0.9577892944980775,0.0,0.0,0.8441269320796743,0.0,0.0,0.0,0.1584940663762026,3.5702201942059535,123.42562218655428,60.0,1,0.0,0.0,0,5.884059645496316,21.3,-0.0,3.5702,3.5702,0.0,0.0,2.46925853564313,0.2045000046491623,0.24185497650195376,3.0,193.8947353363037,1.0,0.0,0.0,0.0,-0.14979111268019704,5.431903563790338,0.0,112.60447692871094,1,0.0,0.0,0,257.9681096375973,12.27,-193.8947,5.4319,5.4319,0.0,0.0,0.47068808100924336,0.2879999876022339,0.4485476584023103,0.0,0.0,0.95,0.0,0.0,0.0,0.017679756177370685,0.3101404102091669,230.79549148084854,67.76301574707031,4,0.0,0.0,0,0.0,17.28,-0.0,0.3101,0.3101,0.0,0.0
26,0,23.5,18.593766605260114,30.04263914474953,60.0,65.18304035004145,4.906233394739886,6.471856572796307,1.499383169115653,5.281,-0.8800830841064453,-61.33107528996334,0.2,0.0,0.0,0.0,-0.19428772966134833,1.810156657805515,0.0,60.0,3,0.0,0.0,0,0.0,89.963,61.3311,1.8102,1.8102,0.0,0.0,9.130500324869436,4.648441651315029,5.167574685382293,0.0,0.0,0.21469239826654246,0.01469239826654245,0.0,0.0,-0.5875440958808725,8.611367290802171,211.13886392988812,116.0284194946289,3,0.0,0.0,0,0.9367686197951844,278.9065,-0.0,8.6114,8.6114,0.0,0.0,3.7912732392616193,2.7960000038146973,3.5169999999999995,0.24250982701778412,16.088002050393868,0.4,0.0,0.0,0.0,-0.4142854595688846,3.312783070094101,286.90359370474863,71.17339324951172,3,0.0,0.0,0,0.0,167.76,-16.088,3.3128,3.3128,0.0,0.0,4.156943033956271,4.648441651315029,3.4091184699033774,0.8905010968446732,56.4684782178457,0.4139742914632931,0.013974291463293098,0.0,0.0,-0.8945939390365963,6.286767312212595,669.1467807127678,88.82839965820312,3,0.0,0.0,0,1.115838531886249,278.9065,-56.4685,6.2868,6.2868,0.0,0.0,2.815234519601163,2.4000000953674316,1.7695000000000003,-1.6676934957504272,-104.51990849088634,0.7000000000000001,0.0,0.0,0.0,-0.036769219769450454,1.7780411192181673,171.36501361886604,66.84585571289062,2,0.0,0.0,0,1.4321256179970275e-06,144.0,104.5199,1.778,1.778,0.0,0.0,1.9111430668174854,1.38100004196167,1.6358877870840676,-1.1550145149230957,-72.98360364040087,0.7173072814657945,0.01730728146579441,0.0,0.0,-0.19065761589537766,0.501240806771992,401.45236613840086,112.0440673828125,2,0.0,0.0,0,0.0,82.86,72.9836,0.5012,0.5012,0.0,0.0,1.0367878541925746,0.5249999761581421,0.685,3.0,198.91224301098032,0.8999999999999999,0.0,0.0,0.0,-0.12136592094296263,3.876787830350717,127.734037847971,116.0284194946289,4,0.0,0.0,0,16.051631588199164,31.5,-198.9122,3.8768,3.8768,0.0,0.0,0.7289005332546734,0.6955000162124634,0.5130149642185874,-0.430219829082489,-28.501124934106883,0.9359801330086637,0.03598013300866376,0.0,0.0,-0.023293085221209986,0.4811657561660604,295.96216806651125,93.9697036743164,3,0.0,0.0,0,0.0,41.73,28.5011,0.4812,0.4812,0.0,0.0
26,1,22.4895,18.395505637578882,26.658309843421318,73.05516052246094,83.64000927755681,9.000227757161003,1.810156657805515,3.35075296494003,4.351517331947658,-0.4982694387435913,-41.89543619171718,0.23490708135393007,0.03490708135393006,0.0,0.0,-0.5479125053152686,0.3111228520542957,315.9022161403373,73.05516052246094,2,0.0,0.0,0,0.0,244.7898,41.8954,0.3111,0.3111,0.6599999999999999,42.89999999999999,8.611367290802171,4.5988764093947205,4.507574685382293,2.5794878005981445,218.86448917648704,0.21469239826654246,0.0,0.0,0.0,-0.9296435194927113,11.282156815412742,201.05720453415526,98.90579986572266,4,0.0,0.0,0,6.241110731579678,335.9717,-218.8645,11.2822,11.2822,0.6599999999999999,42.89999999999999,3.312783070094101,0.0,2.70733644100423,0.7160696983337402,59.51066280590021,0.47119085045153153,0.0711908504515315,0.0,0.0,-0.07522287050397544,1.3215163274236108,335.1262940021853,68.82291412353516,2,0.0,0.0,0,0.0,0.0,-59.5107,1.3215,1.3215,0.26007019350994615,16.9045625781465,6.286767312212595,4.5988764093947205,2.9343480281971495,-0.8741930723190308,-72.16452564060819,0.4193783840593461,0.005404092596052956,0.0,0.0,-0.7314148840061017,7.077102621091136,553.3610269847012,107.47111511230469,3,0.0,0.0,0,3.474766212754057,335.9717,72.1645,7.0771,7.0771,0.43105133260415773,28.018336619270254,1.7780411192181673,2.5924999713897705,1.464937965244055,-2.0350499153137207,-169.95354377863623,0.731575120985508,0.031575120985507965,0.0,0.0,0.2519924982302358,0.8705532100501625,0.0,94.2346420288086,1,0.0,0.0,0,0.0,189.3955,169.9535,0.8706,0.8706,0.06080210074782373,3.9521365486085425,0.501240806771992,2.797499895095825,1.5280018159211892,-1.6943387985229492,-140.15445255988016,0.7173072814657945,0.0,0.0,0.0,0.14797575156354748,0.07640008742367876,0.0,107.47111511230469,2,0.0,0.0,0,0.0,204.3718,140.1545,0.0764,0.0764,0.10788597116287844,7.012588125587099,3.876787830350717,0.4569999873638153,0.34228780662892155,1.8062937259674072,150.8946574133538,0.974314934387803,0.07431493438780312,0.0,0.0,-0.14144127299046713,5.797793737053017,134.9273025921131,107.47111511230469,1,0.0,0.0,0,173.5683129201756,33.3862,-150.8947,5.7978,5.7978,0.0,0.0,0.4811657561660604,0.0,0.5130149642185874,0.0,0.0,0.9359801330086637,0.0,0.031849208052527,3.1849208052527,0.22633704037583258,0.0,0.0,60.0,3,0.0,0.0,0,0.0,0.0,-0.0,-0.0318,0.0,0.0,0.0
26,2,21.5224515,17.409656543877926,26.736645650508642,60.0,65.27026456222227,13.113022713283076,0.3111228520542957,2.8380000591278076,5.011517331947658,2.333637535572052,152.85812521154122,0.23490708135393007,0.0,0.0,0.0,-0.9351292874716296,0.47124311480649705,481.8751853787087,64.72174835205078,2,0.0,0.0,0,0.0,170.28,-152.8581,0.4712,0.4712,0.0,0.0,11.282156815412742,4.3524141359694815,5.116051088659641,-0.965363621711731,-61.08271418105028,0.22106119885030667,0.006368800583764211,0.0,0.0,-0.3339046793687702,9.55315624101085,0.0,105.52372741699219,3,0.0,0.0,0,1.7919133195279346,261.1448,61.0827,9.5532,9.5532,0.0,0.0,1.3215163274236108,2.359499931335449,2.331981574364793,-1.2324355840682983,-80.81086198904131,0.5561127659808163,0.08492191552928474,0.0,0.0,-0.06381614875736041,0.11659910032596876,415.9930627896332,75.79705047607422,1,0.0,0.0,0,0.0,141.57,80.8109,0.1166,0.1166,0.0,0.0,7.077102621091136,1.8795000314712524,2.5933993608013086,0.18507984280586243,12.79858312184109,0.5193783840593461,0.10000000000000003,0.0,0.0,0.2867265258058363,6.548283134566942,0.0,60.0,2,0.0,0.0,0,3.723918927884272,112.77,-12.7986,6.5483,6.5483,0.0,0.0,0.8705532100501625,2.11899995803833,1.468854200464498,-0.32091817259788513,-21.244414784912806,0.7389437564165157,0.007368635431007631,0.0,0.0,-0.7106061336042425,1.1997807950261092,815.5912821034203,86.81381225585938,1,0.0,0.0,0,0.0,127.14,21.2444,1.1998,1.1998,0.0,0.0,0.07640008742367876,1.846500039100647,1.553469406982383,0.0,0.0,0.727983237437515,0.010675955971720552,0.0,0.0,-0.41267416342611163,0.36943071954194284,512.3047220220635,86.26789093017578,2,0.0,0.0,0,0.0,110.79,-0.0,0.3694,0.3694,0.0,0.0,5.797793737053017,0.27000001072883606,0.22875981662301115,0.0,0.0,1.0,0.025685065612196967,0.0,0.0,-0.026949961580538875,5.839033931158842,0.0,91.5473403930664,0,0.0,0.0,0,340.69095023407465,16.2,-0.0,5.839,5.839,0.0,0.0,0.0,0.3009999990463257,0.5130149642185874,0.0,0.0,0.9359801330086637,0.0,0.2438641732247887,24.38641732247887,-0.38372845219588697,0.0,127.04477021562539,104.36579132080078,4,0.0,0.0,0,0.0,18.06,-0.0,-0.212,0.0,0.0,0.0
26,3,20.5969860855,17.117579596755082,24.097527036437153,60.0,65.28277206420898,18.03617158108779,0.47124311480649705,4.2793948991887705,5.011517331947658,0.0,0.0,0.23490708135393007,0.0,0.2608793179523907,26.087931795239072,-0.4967311992154207,0.0,0.0,103.125,2,0.0,0.0,0,0.0,256.7637,-0.0,-0.2609,0.0,0.0,0.0,9.55315624101085,4.2793948991887705,5.041095486666832,0.0,0.0,0.2303264154130767,0.009265216562770018,0.0,0.0,-0.6369928040418893,8.791455653532788,264.273431052361,103.125,3,0.0,0.0,0,1.203275466470739,256.7637,-0.0,8.7915,8.7915,0.0,0.0,0.11659910032596876,2.4730000495910645,2.331981574364793,-0.14101849496364594,-9.135569016067677,0.5561127659808163,0.0,0.0,0.0,0.04174882010013892,0.11659908058859436,75.54006320532821,61.50285720825195,1,0.0,0.0,0,0.0,148.38,9.1356,0.1166,0.1166,0.0,0.0,6.548283134566942,4.228000164031982,2.3993182826340647,0.11860889196395874,7.8024217048534865,0.543368628579401,0.023990244520054937,0.0,0.0,0.00195559343258582,8.495573907928819,15.649143518002903,103.125,2,0.0,0.0,0,12.34514322086858,253.68,-7.8024,8.4956,8.4956,0.0,0.0,1.1997807950261092,0.348289558051615,1.468854200464498,0.0,0.0,0.7389437564165157,0.0,0.0,0.0,-0.33320443948038003,0.07921615261322623,522.6062065167631,60.0,2,0.0,0.0,0,0.0,20.8974,-0.0,0.0792,0.0792,0.0,0.0,0.36943071954194284,1.152500033378601,1.0599015818596678,0.022409602999687195,1.4741658061778367,0.8232123117964552,0.09522907435894012,0.0,0.0,0.15665108740548583,0.48443877406056335,140.03787881955196,60.0,2,0.0,0.0,0,0.0,69.15,-1.4742,0.4844,0.4844,0.0,0.0,5.839033931158842,0.16949999332427979,0.22875981662301115,0.0,0.0,1.0,0.0,0.0,0.0,-0.022751264954486237,5.779774107860111,0.0,63.42437744140625,0,0.0,0.0,0,331.7655276389808,10.17,-0.0,5.7798,5.7798,0.0,0.0,0.0,0.1875,0.3390004876888225,0.0,0.0,0.9741859257221221,0.038205792713458475,0.3953646609136112,39.53646609136112,-0.608354876159394,0.0,135.61646451069774,84.15315246582031,1,0.0,0.0,0,0.0,11.25,-0.0,-0.1515,0.0,0.0,0.0
27,0,23.5,17.840755407260495,33.18018580308128,60.0,76.66818221319886,5.6592445927395065,9.849085421476504,4.460188851815124,5.212082418816241,-1.1726494431495667,-90.88033184409142,0.2089271478217305,0.008927147821730486,0.0,0.0,-0.2998765174616404,7.92454241132582,0.0,96.06375885009766,3,0.0,0.0,0,0.5091684034622798,267.6113,90.8803,7.9245,7.9245,0.0,0.0,9.296197738343972,4.460188851815124,5.214446818843494,0.0,0.0,0.20862087838814852,0.008620878388148512,0.0,0.0,-0.43704751542955517,8.541939771315601,44.514934806339824,66.25686645507812,4,0.0,0.0,0,0.8481067141155806,267.6113,-0.0,8.5419,8.5419,0.0,0.0,6.560179848469487,1.559999942779541,3.5169999999999995,3.0,231.50454663959658,0.4,0.0,0.0,0.0,-0.508038798469435,7.60317979124903,237.67372869704514,106.700927734375,5,0.0,0.0,0,2.5586161148945,93.6,-231.5045,7.6032,7.6032,0.0,0.0,3.5046451793616957,3.126499891281128,3.436546862787219,0.0,0.0,0.4099447635615304,0.0099447635615304,0.0,0.0,-0.48395375244093036,3.1945982078556043,392.41466592695264,60.0,3,0.0,0.0,0,0.0,187.59,-0.0,3.1946,3.1946,0.0,0.0,1.432984044544805,1.432877870523253,1.7695000000000003,0.0,0.0,0.7000000000000001,0.0,0.0,0.0,-0.4541672781459544,1.0963619150680577,543.1024515609938,60.0,6,0.0,0.0,0,0.0,85.9727,-0.0,1.0964,1.0964,0.0,0.0,1.101854449955215,1.6119999885559082,1.708193674811515,-0.9202510714530945,-68.95469039267914,0.7075780377241639,0.0075780377241638774,0.0,0.0,0.0753299400308906,0.08540969224651351,92.32083720970687,60.0,5,0.0,0.0,0,0.0,96.72,68.9547,0.0854,0.0854,0.0,0.0,0.8333303641801681,0.3610000014305115,0.685,-0.0798749327659607,-5.643668702821287,0.8999999999999999,0.0,0.0,0.0,-0.6800323968533613,0.4294554328447189,808.6050231227788,62.03825759887695,4,0.0,0.0,0,0.0,21.66,5.6437,0.4295,0.4295,0.0,0.0,0.6019087567494295,0.828000009059906,0.5739849869521914,-0.8272245526313782,-63.02585570000474,0.9231764119097721,0.023176411909772154,0.0,0.0,0.007027975562504378,0.028699226225765928,289.4492560402354,83.2162857055664,3,0.0,0.0,0,0.0,49.68,63.0259,0.0287,0.0287,0.0,0.0
27,1,22.4895,17.856495252448532,28.90418644813111,60.0,66.7944444836429,10.292249340290972,7.92454241132582,0.0,5.038585709717605,-0.8227540850639343,-56.2097082913308,0.23037297094887954,0.021445823127149044,0.0,0.0,-0.16318918957742612,2.063202616544281,158.361939716158,60.0,3,0.0,0.0,0,0.0,0.0,56.2097,2.0632,2.0632,0.0,0.0,8.541939771315601,4.464123813112133,4.917670725207182,0.0,0.0,0.24610374131529283,0.03748286292714431,0.0,0.0,-0.7404329348861384,8.088392859220551,482.33781619988224,105.2354507446289,2,0.0,0.0,0,0.8207791128290869,267.8474,-0.0,8.0884,8.0884,0.0,0.0,7.60317979124903,4.066371315120319,2.926967383917335,0.0,0.0,0.4760598459183931,0.0760598459183931,0.0,0.0,0.0740211460541762,8.742583722452014,0.0,60.0,2,0.0,0.0,0,8.1439022048823,243.9823,-0.0,8.7426,8.7426,0.0,0.0,3.1945982078556043,3.7920000553131104,3.163949478949941,0.0,0.0,0.4452553055093642,0.035310541947833785,0.0,0.0,-0.5836270178025345,3.822648784218773,553.0172695333389,87.19132232666016,2,0.0,0.0,0,0.031285543750756505,227.52,-0.0,3.8226,3.8226,0.0,0.0,1.0963619150680577,1.7065000534057617,1.7255727925265134,1.2949399948120117,87.14226759052576,0.7056900527815398,0.005690052781539778,0.0,0.0,-0.008242223492969578,2.3722291707593177,0.0,74.66748809814453,5,0.0,0.0,0,0.07417439136451343,102.39,-87.1423,2.3722,2.3722,0.0,0.0,0.08540969224651351,2.809000015258789,1.6414839549816507,-0.1384739875793457,-7.88784955589108,0.7158341911684541,0.008256153444290204,0.0,0.0,0.0363568425545124,1.1144517649443064,0.0,105.2354507446289,4,0.0,0.0,0,0.0,168.54,7.8878,1.1145,1.1145,0.0,0.0,0.4294554328447189,0.5419999957084656,0.6073747742747784,-0.3337119221687317,-21.74976974849187,0.9175622682636247,0.017562268263624836,0.0,0.0,0.2569274093792207,0.03036873210967439,0.0,105.2354507446289,3,0.0,0.0,0,0.0,32.52,21.7498,0.0304,0.0304,0.0,0.0,0.028699226225765928,0.476500004529953,0.5739849869521914,0.0,0.0,0.9231764119097721,0.0,0.06878575619647243,6.8785756196472425,-0.30903584644835924,0.0,413.73215456876375,105.2354507446289,3,0.0,0.0,0,0.0,28.59,-0.0,-0.0688,0.0,0.0,0.0
27,2,21.5224515,17.530320863940258,26.233877650248917,60.0,62.99577952384063,14.284379976350714,2.063202616544281,2.944000005722046,4.874659596567891,0.0,0.0,0.25160692342941227,0.021233952480532725,0.0,0.0,-0.21734972827977808,0.13254302569843546,0.0,60.0,2,0.0,0.0,0,0.0,176.64,-0.0,0.1325,0.1325,0.0,0.0,8.088392859220551,4.382580215985064,4.743472492239217,-0.3668423593044281,-22.894507042277155,0.268668279264511,0.022564537949218144,0.0,0.0,-0.25218697346338864,7.3606582236619715,0.0,89.22708129882812,1,0.0,0.0,0,0.5363049241268995,262.9548,22.8945,7.3607,7.3607,0.0,0.0,8.742583722452014,1.159500002861023,2.7057799529338644,1.4672458171844482,90.5482325053299,0.5043603876130189,0.028300541694625814,0.0,0.0,-0.06330041523426763,8.66354958956362,149.93608563952856,60.0,1,0.0,0.0,0,9.732861852080418,69.57,-90.5482,8.6635,8.6635,0.0,0.0,3.822648784218773,2.821500062942505,2.391949478949942,-2.1723275184631348,-135.5742225731192,0.5452553055093642,0.09999999999999998,0.0,0.0,0.161262575426306,2.079871849748201,242.98217469886652,60.0,2,0.0,0.0,0,0.0,169.29,135.5742,2.0799,2.0799,0.0,0.0,2.3722291707593177,2.203000068664551,1.618586788604057,-2.141961246728897,-134.08220906332258,0.7192173840236434,0.01352733124210359,0.0,0.0,-0.11731918827121551,0.8146812040909144,317.5150147892517,68.42462158203125,4,0.0,0.0,0,0.0,132.18,134.0822,0.8147,0.8147,0.0,0.0,1.1144517649443064,0.5964999794960022,1.5202596879211434,0.21388530731201172,13.398762767792505,0.7308186493959581,0.014984458227503938,0.0,0.0,0.16722177106057265,0.40457736383117693,0.0,103.89749908447266,3,0.0,0.0,0,0.0,35.79,-13.3988,0.4046,0.4046,0.0,0.0,0.03036873210967439,0.22200000286102295,0.4640000000000001,3.0,193.28507453009297,0.95,0.03243773173637521,0.0,0.0,-0.3478088165570363,2.7883687349706974,405.67032016918165,60.0,2,0.0,0.0,0,13.0303354521429,13.32,-193.2851,2.7884,2.7884,0.0,0.0,0.0,0.6165000200271606,0.548041597092346,0.0,0.0,0.9290459571269316,0.005869545217159544,0.00032733326165779175,0.032733326165779175,-0.1014562741136861,0.0,327.8504940263938,103.89749908447266,3,0.0,0.0,0,0.0,36.99,-0.0,0.0685,0.0,0.0,0.0
27,3,20.5969860855,17.562366087524396,22.244249991565017,60.0,61.09469012357742,19.9037404797072,0.13254302569843546,1.8246830797634033,4.812597969219933,0.0,0.0,0.2592783235960327,0.0076714001666204346,2.8553718637580943,285.5371863758094,-1.4404917443388239,0.0,94.44450630462897,60.0,2,0.0,0.0,0,0.0,109.481,-0.0,-2.8554,0.0,0.0,0.0,7.3606582236619715,4.390591521881099,4.743472492239217,-3.0,-181.7311647706906,0.268668279264511,0.0,0.0,0.0,-0.16172542444499804,4.007777253303853,0.0,107.30912017822266,1,0.0,0.0,0,0.0,263.4355,181.7312,4.0078,4.0078,0.0,0.0,8.66354958956362,4.390591521881099,2.7057799529338644,-0.008329510688781738,-0.5576297191094,0.5043603876130189,0.0,0.0,0.0,-0.555410340761662,10.340031647822073,472.3993090524418,73.1440200805664,2,0.0,0.0,0,18.090371169956537,263.4355,0.5576,10.34,10.34,0.0,0.0,2.079871849748201,2.7825000286102295,2.391949478949942,0.9794350862503052,62.19412797689438,0.5452553055093642,0.0,0.0,0.0,-0.09505424526466164,3.4498574856587942,119.3951004235272,76.62903594970703,3,0.0,0.0,0,0.15558286359973372,166.95,-62.1941,3.4499,3.4499,0.0,0.0,0.8146812040909144,1.3919999599456787,1.5404929763805655,2.0288944244384766,123.10299602359441,0.7288705128522579,0.009653128828614466,0.0,0.0,-0.5606044980679309,2.695082612094504,559.5873460715961,73.99146270751953,4,0.0,0.0,0,0.374584288306676,83.52,-123.103,2.6951,2.6951,0.0,0.0,0.40457736383117693,1.653499960899353,1.3571040234585956,0.0,0.0,0.7516656655690706,0.020847016173112465,0.0,0.0,0.15043214985767367,0.7009733012719344,0.0,95.3664779663086,1,0.0,0.0,0,0.0,99.21,-0.0,0.701,0.701,0.0,0.0,2.7883687349706974,0.49950000643730164,0.4640000000000001,0.0,0.0,0.95,0.0,0.0,0.0,0.23768946681140407,2.823868741407999,0.0,107.30912017822266,2,0.0,0.0,0,13.533578698174097,29.97,-0.0,2.8239,2.8239,0.0,0.0,0.0,0.6290000081062317,0.4476717317303491,0.0,0.0,0.95,0.020954042873068346,0.0,0.0,0.24654597437726342,0.18100094311422482,0.0,65.12266540527344,2,0.0,0.0,0,0.0,37.74,-0.0,0.1813,0.181,0.0,0.0
28,0,23.5,17.619542633883608,34.10190569215163,60.0,70.20359083888616,5.880457366116391,9.932574026213182,4.404885658470902,4.619566718920062,2.3437576293945312,163.1948985212075,0.2835838739046891,0.08358387390468908,0.0,0.0,-0.6334999181624711,12.061650595158554,388.78603162750096,70.21368408203125,5,0.0,0.0,0,7.608596263287555,264.2931,-163.1949,12.0617,12.0617,0.0,0.0,9.805206002971614,4.404885658470902,5.0018728126190135,2.896728515625,207.3262896731053,0.2349792205184502,0.03497922051845018,0.0,0.0,-0.4880207219380336,12.104947364448503,0.0,105.42352294921875,6,0.0,0.0,0,6.010172958936771,264.2931,-207.3263,12.1049,12.1049,0.0,0.0,2.5701533180954894,1.5080000162124634,3.4136890544004337,0.0,0.0,0.4127702034115657,0.01277020341156565,0.0,0.0,-0.33734611912908846,0.6644642799075187,347.16856987564523,81.4703369140625,5,0.0,0.0,0,0.0,90.48,-0.0,0.6645,0.6645,0.0,0.0,3.097170568522468,4.404885658470902,3.3392953820668816,-3.0,-205.74203280359507,0.4219659601895078,0.021965960189507805,0.0,0.0,-0.25165761761711464,1.162760844926488,328.33114294425957,99.69705200195312,2,0.0,0.0,0,0.0,264.2931,205.742,1.1628,1.1628,0.0,0.0,3.476606363801423,0.0,1.7695000000000003,-1.330316185951233,-92.7389130047527,0.7000000000000001,0.0,0.0,0.0,0.2610324373333655,0.37679017785018987,0.0,60.0,1,0.0,0.0,0,0.0,0.0,92.7389,0.3768,0.3768,0.0,0.0,2.9588141838462025,2.0840001106262207,1.7695000000000003,0.0,0.0,0.7000000000000001,0.0,0.0,0.0,-0.31220812455535435,3.273314294472423,354.8725549252213,101.22136688232422,6,0.0,0.0,0,0.5890873211726544,125.04,-0.0,3.2733,3.2733,0.0,0.0,1.1562410782171808,0.05188555404356521,0.5965110865534248,-0.5512964725494385,-39.379721286959466,0.9200201161643835,0.020020116164383595,0.0,0.0,0.1372527117724507,0.06031907315788276,172.26870760438658,60.0,4,0.0,0.0,0,0.0,3.1131,39.3797,0.0603,0.0603,0.0,0.0,1.1051401504840686,0.7609999775886536,0.5044328213472127,-0.35887348651885986,-27.420034953986033,0.9389544062777611,0.038954406277761144,0.0,0.0,0.2105370401079956,1.0028338202066496,65.50267196614095,64.54591369628906,2,0.0,0.0,0,0.24474411602629978,45.66,27.42,1.0028,1.0028,0.0,0.0
28,1,22.4895,17.42380069196923,30.707080450128206,60.0,77.1758041381836,10.946156674147161,12.061650595158554,4.355950172992308,4.447486958521072,0.0,0.0,0.3052940034573015,0.021710129552612423,0.0,0.0,-0.6133933212991188,11.97011380962979,381.67921354225723,85.18387603759766,4,0.0,0.0,0,8.274119309678248,261.357,-0.0,11.9701,11.9701,0.0,0.0,12.104947364448503,4.355950172992308,4.406256282841418,0.0,0.0,0.3103441326656897,0.07536491214723953,0.0,0.0,-0.27430117284888555,12.054641254599392,197.3623903066977,74.20994567871094,2,0.0,0.0,0,8.745602268188442,261.357,-0.0,12.0546,12.0546,0.0,0.0,0.6644642799075187,2.668400399390377,3.4136890544004337,1.3063186407089233,101.46935087776455,0.4127702034115657,0.0,0.0,0.0,-0.5381546540357318,1.2254942656063847,340.01803016216337,60.0,6,0.0,0.0,0,0.0,160.104,-101.4694,1.2255,1.2255,0.0,0.0,1.162760844926488,1.4709999561309814,3.3392953820668816,0.0,0.0,0.4219659601895078,0.0,0.7055345810094122,70.55345810094123,-0.4644178691014589,0.0,101.33530040673142,60.0,3,0.0,0.0,0,0.0,88.26,-0.0,-0.7055,0.0,0.0,0.0,0.37679017785018987,2.7335000038146973,1.6433395969915234,-1.3063186407089233,-100.16303223705563,0.7163420211150877,0.016342021115087646,0.0,0.0,-0.1954983182301332,0.16063194396444036,337.13499643628967,65.24012756347656,1,0.0,0.0,0,0.0,164.01,100.163,0.1606,0.1606,0.0,0.0,3.273314294472423,1.3654999732971191,1.5184358690818038,0.0,0.0,0.7321607472910787,0.03216074729107865,0.0,0.0,-0.2258166493856032,3.1203783986877376,386.59511494406485,60.0,4,0.0,0.0,0,0.8679458914980671,81.93,-0.0,3.1204,3.1204,0.0,0.0,0.06031907315788276,0.47350001335144043,0.5965110865534248,0.0,0.0,0.9200201161643835,0.0,0.06269200004410158,6.269200004410158,-0.2823332333063757,0.0,396.2675173648879,94.55239868164062,5,0.0,0.0,0,0.0,28.41,-0.0,-0.0627,0.0,0.0,0.0,1.0028338202066496,0.0,0.5044328213472127,0.0,0.0,0.9389544062777611,0.0,0.0,0.0,0.18748818542921342,0.4984009988594369,90.65473008037021,60.0,3,0.0,0.0,0,0.0,0.0,-0.0,0.4984,0.4984,0.0,0.0
28,2,21.5224515,16.859332938876676,29.029660671347184,60.0,64.0570291403828,15.609275235270486,11.97011380962979,4.214833234719169,4.395496082635167,2.558826446533203,165.09189670985137,0.31202857287257385,0.00673456941527234,0.0,0.0,-0.43428885217918817,14.348277408246997,0.0,60.0,3,0.0,0.0,0,16.95584015862278,252.89,-165.0919,14.3483,14.3483,0.0,0.0,12.054641254599392,4.214833234719169,4.220247947114591,-3.0,-192.42220388601754,0.33333651038223205,0.022992377716542334,0.0,0.0,-0.13914282787734747,9.049226542203971,151.63455722555386,63.0977668762207,2,0.0,0.0,0,2.9552978258230547,252.89,192.4222,9.0492,9.0492,0.0,0.0,1.2254942656063847,3.053999900817871,3.0070302083873686,0.9053896516561508,58.54760288954196,0.4642876075899257,0.05151740417836004,0.0,0.0,-0.15921710878050682,2.1778536096930377,165.11337946311716,60.0,4,0.0,0.0,0,0.0,183.24,-58.5476,2.1779,2.1779,0.0,0.0,0.0,2.5021665791108845,3.2143852233109076,0.0,0.0,0.4374251382533659,0.015459178063858048,1.4177532252094354,141.77532252094355,-1.0515378889611484,0.0,381.6423821022798,60.0,3,0.0,0.0,0,0.0,150.13,-0.0,-0.7122,0.0,0.0,0.0,0.16063194396444036,1.6369999647140503,1.6433395969915234,-0.07212533056735992,-4.368503036937682,0.7163420211150877,0.0,0.0,0.0,0.08710190913211513,0.0821669811196073,0.0,87.32830047607422,1,0.0,0.0,0,0.0,98.22,4.3685,0.0822,0.0822,0.0,0.0,3.1203783986877376,0.5285000205039978,1.3619165354450535,-0.392090767621994,-23.384576578248755,0.7542534621547237,0.022092714863644947,0.0,0.0,0.2485209972719669,1.8948711161246878,0.0,90.03357696533203,3,0.0,0.0,0,0.0652333622251802,31.71,23.3846,1.8949,1.8949,0.0,0.0,0.0,0.0,0.5245880535117979,0.0,0.0,0.9355916041219482,0.01557148795756469,0.5872800535558995,58.72800535558995,-0.8442595142324509,0.0,0.0,60.0,3,0.0,0.0,0,0.0,0.0,-0.0,-0.5246,0.0,0.0,0.0,0.4984009988594369,0.7080000042915344,0.5044328213472127,0.0,0.0,0.9389544062777611,0.0,0.0,0.0,0.22965064831225307,0.7019681818037586,0.0,93.61111450195312,3,0.0,0.0,0,0.024203441477527253,42.48,-0.0,0.702,0.702,0.0,0.0
28,3,20.5969860855,16.119938764093906,28.25436383919206,75.54729461669922,80.06910086122214,20.086322556676578,14.348277408246997,4.0299846910234765,3.636958493963615,0.48345090448856354,36.707532491531765,0.32420874452542353,0.01218017165284968,0.0,0.0,-0.9631295594489162,15.22475450979542,599.4028714100035,102.24454498291016,2,0.0,0.0,0,32.95069589738849,304.4544,-36.7075,15.2248,15.2248,0.6599999999999999,42.89999999999999,9.049226542203971,4.0299846910234765,3.344689195516591,3.0,243.95097477732284,0.3612586284648746,0.027922118082642555,0.0,0.0,-0.4643190853517622,12.734522037710857,0.0,112.44688415527344,1,0.0,0.0,0,22.08416615572523,304.4544,-243.951,12.7345,12.7345,0.6599999999999999,42.89999999999999,2.1778536096930377,4.0299846910234765,2.7241793134341235,-3.0,-239.7628119567567,0.4642876075899257,0.0,0.0,0.0,0.05006029080048924,0.4836589872823902,23.681572649318312,109.98861694335938,5,0.0,0.0,0,0.0,304.4544,239.7628,0.4837,0.4837,0.28285089495324517,18.385308171960936,0.0,1.0624847792383498,2.5150356799874944,0.0,0.0,0.505870336491262,0.06844519823789613,2.87030412595858,287.030412595858,-1.2345551218118473,0.0,191.58185082010564,75.54729461669922,3,0.0,0.0,0,0.0,80.2679,-0.0,-1.4526,0.0,0.14562788957883557,9.465812822624311,0.0821669811196073,0.0,1.5322682666713126,0.0,0.0,0.7163420211150877,0.0,1.4501012855517053,145.01012855517052,-1.1749562651317518,0.0,131.82316527930223,66.19850158691406,2,0.0,0.0,0,0.0,0.0,-0.0,-1.4501,0.0,0.11107133032021083,7.219636470813704,1.8948711161246878,2.172499895095825,1.3000461216064279,0.0,0.0,0.7671700412442071,0.012916579089483404,0.0,0.0,0.11420059467836198,2.767324889614085,0.0,94.47003936767578,2,0.0,0.0,0,0.8796571708333699,164.1265,-0.0,2.7673,2.7673,0.0,0.0,0.0,0.7950000166893005,0.2767391917024954,-0.18396206200122833,-14.607897136088326,0.9873646616935731,0.05177305757162487,0.0,0.0,0.2991928606409756,0.029097052504445275,0.0,82.62356567382812,1,0.0,0.0,0,0.0,60.0601,14.6079,0.3343,0.0291,0.0,0.0,0.7019681818037586,0.0,0.38331364780294175,-0.2994888424873352,-22.80434727152101,0.9642402462661266,0.025285839988365533,0.0,0.0,0.1556882187066238,0.019165691513481686,188.23637885931439,60.0,2,0.0,0.0,0,0.0,0.0,22.8043,0.0192,0.0192,0.0,0.0
29,0,23.5,20.77306210665643,20.96224122226488,60.0,63.28135108947754,2.726937893343571,3.0608817799582595,5.193265526664107,5.281,0.0,0.0,0.2,0.0,0.0,0.0,-1.1154213011031306,2.9731473066223666,636.562642233627,125.4979248046875,2,0.0,0.0,0,0.0,311.5959,-0.0,2.9731,2.9731,0.0,0.0,6.252950546784571,5.193265526664107,5.226390449014199,0.0,0.0,0.20707377603442997,0.007073776034429963,0.0,0.0,-0.9371773918976418,6.219825624434479,491.75894173288486,114.70004272460938,6,0.0,0.0,0,0.04116385696651709,311.5959,-0.0,6.2198,6.2198,0.0,0.0,3.385657664683593,1.0880311115023495,3.5169999999999995,0.0,0.0,0.4,0.0,0.0,0.0,-0.5730911249033792,0.9566887761859437,562.668482163093,60.0,4,0.0,0.0,0,0.0,65.2819,-0.0,0.9567,0.9567,0.0,0.0,2.488161857544127,4.770999908447266,3.120770814154856,-0.9112310409545898,-57.20831590580019,0.4504222939494787,0.05042229394947867,0.0,0.0,-0.0937293605813812,3.227159910881947,108.64442639975277,105.40170288085938,3,0.0,0.0,0,0.0003348266323439662,286.26,57.2083,3.2272,3.2272,0.0,0.0,1.3376191868093497,2.3355000019073486,1.7695000000000003,0.0,0.0,0.7000000000000001,0.0,0.0,0.0,-0.4403911838975694,1.9036191887166978,472.7287644963454,125.4979248046875,4,0.0,0.0,0,0.0013993341990181016,140.13,-0.0,1.9036,1.9036,0.0,0.0,2.2097947765605253,0.5755000114440918,1.4717604124296788,0.0,0.0,0.736803410082858,0.036803410082857924,0.0,0.0,0.23323668883212254,1.3135343755749382,0.0,60.690216064453125,2,0.0,0.0,0,0.0,34.53,-0.0,1.3135,1.3135,0.0,0.0,1.0449715916932545,0.7615000009536743,0.685,0.0,0.0,0.8999999999999999,0.0,0.0,0.0,-0.5575374159335724,1.1214715926469287,701.7399252562013,60.0,4,0.0,0.0,0,0.11100028793685851,45.69,-0.0,1.1215,1.1215,0.0,0.0,1.1822038182311978,0.8550000190734863,0.6388554867754689,0.9112310409545898,58.11954694675478,0.910439935118672,0.010439935118672139,0.0,0.0,0.04420533044427798,2.309579391483805,108.13268362630826,61.01335906982422,4,0.0,0.0,0,3.5328709779124807,51.3,-58.1195,2.3096,2.3096,0.0,0.0
29,1,22.4895,19.987493720028695,20.025026166547107,60.0,64.76476802367199,5.228944173314877,2.9731473066223666,0.0,5.281,0.0,0.0,0.2,0.0,2.307852693377633,230.7852693377633,-1.0763081522981564,0.0,0.0,60.0,2,0.0,0.0,0,0.0,0.0,-0.0,-2.3079,0.0,0.0,0.0,6.219825624434479,4.692500114440918,4.3232044460743895,-3.0,-193.4374974318281,0.32346207120856674,0.11638829517413676,0.0,0.0,0.24159242350120674,3.589121292801008,0.0,103.125,3,0.0,0.0,0,0.0,281.55,193.4375,3.5891,3.5891,0.0,0.0,0.9566887761859437,4.996873430007174,3.1965048512813508,2.0814208984375,136.80830507562496,0.4396162112136772,0.0396162112136772,0.0,0.0,-0.24285326086996895,4.838478253349267,0.0,103.125,2,0.0,0.0,0,0.30225413225999226,299.8124,-136.8083,4.8385,4.8385,0.0,0.0,3.227159910881947,4.914120202045066,3.0072954575301356,0.09991604089736938,5.766742742309589,0.46446627372976584,0.014043979780287152,0.0,0.0,-0.13123081199683861,5.233900696294247,0.0,60.0,1,0.0,0.0,0,0.7092738091371144,294.8472,-5.7667,5.2339,5.2339,0.0,0.0,1.9036191887166978,2.194000005722046,1.6637942735140923,0.0,0.0,0.7136924516173456,0.013692451617345558,0.0,0.0,-0.31297120829350944,2.4338249209246516,380.27589435482366,71.02566528320312,4,0.0,0.0,0,0.12122455342233805,131.64,-0.0,2.4338,2.4338,0.0,0.0,1.3135343755749382,2.2174999713897705,1.3250769686673238,1.4663846492767334,95.492655477742,0.7601370519461581,0.023333641863300114,0.0,0.0,0.04026582693925729,3.672342027574118,0.0,60.0,1,0.0,0.0,0,2.767028809851514,133.05,-95.4927,3.6723,3.6723,0.0,0.0,1.1214715926469287,0.24549999833106995,0.685,-0.6477215886116028,-40.98248427523686,0.8999999999999999,0.0,0.0,0.0,0.05139951325641991,0.03425000236639586,215.61370836521326,103.125,5,0.0,0.0,0,0.0,14.73,40.9825,0.0343,0.0343,0.0,0.0,2.309579391483805,0.7269999980926514,0.4843444382850867,0.0,0.0,0.9453971859083514,0.03495725078967937,0.0,0.0,0.24055340508047296,2.55223495129137,0.0,60.0,2,0.0,0.0,0,9.121313456120829,43.62,-0.0,2.5522,2.5522,0.0,0.0
29,2,21.5224515,18.461454985295745,22.354152144601056,60.0,72.9723257960286,8.289940688019131,0.0,3.8615000247955322,5.213538714064129,0.5147671699523926,38.08513289678069,0.20873850854091575,0.008738508540915735,3.1451242126938377,314.51242126938376,-1.9505465029680327,0.0,491.19823385533624,86.96737670898438,2,0.0,0.0,0,0.0,231.69,-38.0851,-0.8373,0.0,0.0,0.0,3.589121292801008,4.615363746323936,4.070304743183696,-0.40801945328712463,-30.089705440985767,0.3554018559787052,0.03193978477013848,0.0,0.0,-0.7421286865537684,3.7261608426541226,635.8713389709557,103.06114959716797,2,0.0,0.0,0,0.0,276.9218,30.0897,3.7262,3.7262,0.0,0.0,4.838478253349267,3.4755001068115234,3.097534477866063,0.0,0.0,0.45184987912656827,0.012233667912891044,0.0,0.0,-0.18875327449590357,5.216443882294728,124.54741450378538,60.0,2,0.0,0.0,0,0.5994138203216716,208.53,-0.0,5.2164,5.2164,0.0,0.0,5.233900696294247,1.2545000314712524,2.900187543589789,-0.10674771666526794,-7.216896379339005,0.47770581809816476,0.013239544368398914,0.0,0.0,-0.014556705729472572,3.481465467510443,128.52264172005357,106.83125305175781,1,0.0,0.0,0,0.02607897112530148,75.27,7.2169,3.4815,3.4815,0.0,0.0,2.4338249209246516,1.184000015258789,1.4776766836000357,0.0,0.0,0.7378009477202025,0.024108496102856924,0.0,0.0,0.01101640675795906,2.140148252583405,158.19186286310713,95.09881591796875,4,0.0,0.0,0,0.09943035382548743,71.04,-0.0,2.1401,2.1401,0.0,0.0,3.672342027574118,0.9574999809265137,1.2502994899856086,-3.0,-217.41674961765045,0.7770550335483563,0.01691798160219815,0.0,0.0,0.43500753255013846,0.37954251851502274,0.0,60.0,0,0.0,0.0,0,0.0,57.45,217.4167,0.3795,0.3795,0.0,0.0,0.03425000236639586,0.6460000276565552,0.5042174085229636,3.0,220.15298571114693,0.9409010387957095,0.04090103879570961,0.0,0.0,0.009706890401261688,3.1760326214999877,0.0,89.63304901123047,4,0.0,0.0,0,16.295185031037384,38.76,-220.153,3.176,3.176,0.0,0.0,2.55223495129137,0.6840000152587891,0.45802220475649025,0.0,0.0,0.951352442362785,0.005955256454433622,0.0,0.0,0.23250733641427687,2.778212761793669,0.0,92.9997787475586,1,0.0,0.0,0,13.226634184030258,41.04,-0.0,2.7782,2.7782,0.0,0.0
29,3,20.5969860855,17.88546456225567,20.89800634685138,60.0,68.45528288448722,12.784553248056316,0.0,2.879499912261963,4.528491692853935,0.0,0.0,0.2974751693194383,0.08873666077852255,4.79411599328581,479.41159932858096,-1.5478072550949953,0.0,0.0,60.0,1,0.0,0.0,0,0.0,172.77,-0.0,-1.649,0.0,0.0,0.0,3.7261608426541226,4.471366140563918,4.0035671648685325,0.0,0.0,0.3636512476122238,0.008249391633518566,0.0,0.0,-0.5870975434850929,4.193959818349508,401.37999731532136,60.0,2,0.0,0.0,0,0.0009872446587710789,268.282,-0.0,4.194,4.194,0.0,0.0,5.216443882294728,4.471366140563918,3.097534477866063,0.0,0.0,0.45184987912656827,0.0,0.0,0.0,-0.21323564446430338,6.590275544992583,51.63273982492557,84.19890594482422,2,0.0,0.0,0,2.0910371908487413,268.282,-0.0,6.5903,6.5903,0.0,0.0,3.481465467510443,1.399999976158142,2.900187543589789,0.0,0.0,0.47770581809816476,0.0,0.0,0.0,-0.22302589570203307,1.981277900078796,284.08135655372087,60.0,2,0.0,0.0,0,0.0,84.0,-0.0,1.9813,1.9813,0.0,0.0,2.140148252583405,1.0490000247955322,0.9174923387085127,1.7805064916610718,122.77532881015509,0.846345305208343,0.1085443574881404,0.0,0.0,0.02050670826027194,4.052162430331496,167.9621436809125,83.73774719238281,3,0.0,0.0,0,9.897965489231277,62.94,-122.7753,4.0522,4.0522,0.0,0.0,0.37954251851502274,2.0794999599456787,1.2502994899856086,-1.1462279558181763,-72.97002364956757,0.7770550335483563,0.0,0.0,0.0,-0.05588686307944907,0.0625150326569166,254.71064248654602,65.4970703125,1,0.0,0.0,0,0.0,124.77,72.97,0.0625,0.0625,0.0,0.0,3.1760326214999877,0.2720000147819519,0.35340059658414213,-0.6342785358428955,-48.02479866892645,0.972386803292332,0.03148576449662244,0.0,0.0,0.09527124059582585,2.460353503854902,223.66811863908768,76.24755859375,3,0.0,0.0,0,15.335790205963205,16.32,48.0248,2.4604,2.4604,0.0,0.0,2.778212761793669,0.38600000739097595,0.36582244929848656,0.0,0.0,0.970600825548172,0.019248383185386908,0.0,0.0,0.25086351069669505,2.7983903198861584,3.781629107174677,92.78367614746094,1,0.0,0.0,0,20.855801769091325,23.16,-0.0,2.7984,2.7984,0.0,0.0
30,0,23.5,18.28546881917999,31.327213253416716,60.0,57.17954437624326,5.214531180820011,4.032140674221887,4.571367204794997,5.120207340162249,-1.510869026184082,-79.36891480984355,0.21987548329267625,0.019875483292676244,0.0,0.0,-0.2878130047795825,1.9724315126705534,17.133322307853792,93.28199005126953,5,0.0,0.0,0,0.0,274.282,79.3689,1.9724,1.9724,0.0,0.0,10.025446084313115,3.6446018237165045,5.281,1.0323418378829956,51.76807165165587,0.2,0.0,0.0,0.0,-0.6880932225765948,9.421389745912617,247.88355342061413,60.0,1,0.0,0.0,0,1.4371391285725528,218.6761,-51.7681,9.4214,9.4214,0.0,0.0,6.485835773110318,4.557499885559082,3.28689676449085,0.0,0.0,0.4288361010968179,0.02883610109681789,0.0,0.0,-0.6091691738892854,7.756438894178549,496.37271470434393,60.0,3,0.0,0.0,0,3.543631035959065,273.45,-0.0,7.7564,7.7564,0.0,0.0,5.201609863736182,0.0,3.3724050404822146,-1.3011530637741089,-76.98243432614436,0.41787329536684614,0.01787329536684612,0.0,0.0,0.06016820961249035,0.5280517594798582,139.68976121202866,60.0,3,0.0,0.0,0,0.0,0.0,76.9824,0.5281,0.5281,0.0,0.0,1.842493156518682,2.4674999713897705,1.4569050088735878,0.0,0.0,0.738639677518716,0.03863967751871589,0.0,0.0,-0.15872055317942532,2.8530881190348643,281.187684387792,60.0,4,0.0,0.0,0,0.6549061965796832,148.05,-0.0,2.8531,2.8531,0.0,0.0,2.042302830609151,1.2254999876022339,1.6861972815584492,0.0,0.0,0.710790507570149,0.010790507570148988,0.0,0.0,0.0941715360558304,1.5816055366529358,33.033674718160555,82.29769134521484,4,0.0,0.0,0,0.0,73.53,-0.0,1.5816,1.5816,0.0,0.0,0.9720697303844995,0.9674999713897705,0.685,-1.2203197479248047,-72.19994900448364,0.8999999999999999,0.0,0.0,0.0,-0.07144113652464232,0.034249953849465165,335.75054317102666,103.125,3,0.0,0.0,0,0.0,58.05,72.1999,0.0342,0.0342,0.0,0.0,0.725315140522881,0.8514999747276306,0.6440621129560975,3.0,180.81556832669867,0.909261965394548,0.009261965394548044,0.0,0.0,0.011802848636849054,3.9327530022944135,0.0,87.1462631225586,3,0.0,0.0,0,18.973000300824452,51.09,-180.8156,3.9328,3.9328,0.0,0.0
30,1,22.4895,18.05429795422242,28.080008524073254,60.0,52.73212573245547,9.649733226597593,1.9724315126705534,4.513574488555605,4.866163746846878,0.0,0.0,0.25278268449933045,0.03290720120665419,0.0,0.0,-0.2688339240028822,1.6198422543792805,0.0,60.0,2,0.0,0.0,0,0.0,270.8145,-0.0,1.6198,1.6198,0.0,0.0,9.421389745912617,4.513574488555605,5.281,-1.2529174089431763,-65.79672038065041,0.2,0.0,0.0,0.0,-0.5377056185759623,7.401046825525046,154.1197007187558,77.59178924560547,2,0.0,0.0,0,0.26962452087820316,270.8145,65.7967,7.401,7.401,0.0,0.0,7.756438894178549,3.3949999809265137,2.592496375296362,2.376573622226715,126.51006587080963,0.5187843380391092,0.08994823694229126,0.0,0.0,-0.7257111235012175,10.935516122035416,773.3538858352448,86.02568054199219,3,0.0,0.0,0,24.082465472585152,203.7,-126.5101,10.9355,10.9355,0.0,0.0,0.5280517594798582,1.3365000486373901,3.0693555259577074,0.0,0.0,0.45712841382856984,0.03925511846172369,1.2048037178404591,120.48037178404591,-0.7372963105122895,0.0,241.44359049294337,60.0,2,0.0,0.0,0,0.0,80.19,-0.0,-1.2048,0.0,0.0,0.0,2.8530881190348643,0.7149999737739563,1.2790550925458608,-0.699373722076416,-36.93854268861287,0.7699195396675749,0.03127986214885892,0.0,0.0,0.07738928221027414,1.5896592781865437,203.52272279606308,74.72807312011719,2,0.0,0.0,0,0.01858465003248027,42.9,36.9385,1.5897,1.5897,0.0,0.0,1.5816055366529358,0.5910000205039978,1.5090702275717944,-0.4242824912071228,-21.398229179319628,0.7337344264803375,0.022943918910188432,0.0,0.0,0.22448316653486264,0.23925283837801659,0.0,73.14888000488281,1,0.0,0.0,0,0.0,35.46,21.3982,0.2393,0.2393,0.0,0.0,0.034249953849465165,1.062999963760376,0.685,0.0,0.0,0.8999999999999999,0.0,0.0,0.0,-0.027399248085839226,0.4122499176098411,203.80851073462298,68.68522644042969,4,0.0,0.0,0,0.0,63.78,-0.0,0.4122,0.4122,0.0,0.0,3.9327530022944135,0.7409999966621399,0.5888333384913884,0.0,0.0,0.9207919809404164,0.01153001554586841,0.0,0.0,-0.1723452809771523,4.0849196604651645,366.7152536878038,101.27394104003906,3,0.0,0.0,0,25.289298710852503,44.46,-0.0,4.0849,4.0849,0.0,0.0
30,2,21.5224515,17.518654644820966,26.282486896579307,70.76518249511719,74.19526781751854,14.839179074623463,1.6198422543792805,4.3796636612052415,4.064582533716914,0.0,0.0,0.2711222198788593,0.01833953537952887,0.0,0.0,-0.7930795753856386,1.9349233818676081,443.8409845969534,92.31294250488281,2,0.0,0.0,0,0.0,309.9277,-0.0,1.9349,1.9349,0.6599999999999999,42.89999999999999,7.401046825525046,4.3796636612052415,4.6209999999999996,0.6614760756492615,48.66620442006456,0.2,0.0,0.0,0.0,-0.835907354886203,7.821186562379549,273.05100348412026,103.68775177001953,3,0.0,0.0,0,0.9221557842831848,309.9277,-48.6662,7.8212,7.8212,0.6599999999999999,42.89999999999999,10.935516122035416,2.9110000133514404,2.3910977777111775,0.5850614905357361,44.169410772507035,0.541043820644142,0.022259482605032854,0.0,0.0,-0.07153562763014529,12.040479848211415,97.8135470254217,103.68775177001953,3,0.0,0.0,0,39.11314676085861,205.9974,-44.1694,12.0405,12.0405,0.029555391874331195,1.9211004718315277,0.0,0.8283273281325272,2.7628792915919878,0.0,0.0,0.45712841382856984,0.0,3.1393556812999197,313.93556812999196,-1.5169297143653866,0.0,169.73034666378445,70.76518249511719,3,0.0,0.0,0,0.0,58.6167,-0.0,-1.9346,0.0,0.3064762343657196,19.92095523377177,1.5896592781865437,1.49399995803833,1.2790550925458608,-0.944466233253479,-70.32267726781788,0.7699195396675749,0.0,0.0,0.0,0.24056225411268453,0.860137910425534,0.0,81.50218200683594,2,0.0,0.0,0,0.0,105.7232,70.3227,0.8601,0.8601,0.0,0.0,0.23925283837801659,1.9275000095367432,1.3899875661633736,0.34352564811706543,25.934582446505374,0.7485322248499156,0.014797798369578063,0.0,0.0,0.10730807548776455,1.1202909298684514,0.0,99.22665405273438,0,0.0,0.0,0,0.0,136.3999,-25.9346,1.1203,1.1203,0.004843657995278877,0.314837769693127,0.4122499176098411,0.9100000262260437,0.644431419023524,-0.645596981048584,-46.857457156957025,0.9091784119856283,0.00917841198562841,0.0,0.0,0.25292071628867807,0.03222154376377684,0.0,90.96984100341797,3,0.0,0.0,0,0.0,64.3963,46.8575,0.0322,0.0322,0.0,0.0,4.0849196604651645,0.6884999871253967,0.5577781366522824,0.0,0.0,0.92781804470492,0.007026063764503654,0.0,0.0,0.2078654713382481,4.215641510938279,0.0,103.68775177001953,2,0.0,0.0,0,30.714713852743504,48.7218,-0.0,4.2156,4.2156,0.0,0.0
30,3,20.5969860855,16.175014480510892,28.024881687454613,60.0,63.86042907634888,19.261150679612573,1.9349233818676081,4.043753620127723,4.663422073421018,-1.082083821296692,-66.236937855409,0.27868222733199866,0.007560007453139339,0.0,0.0,-0.22248189715707023,0.23317110727762103,0.0,60.0,1,0.0,0.0,0,0.0,242.6252,66.2369,0.2332,0.2332,0.0,0.0,7.821186562379549,4.043753620127723,4.895727833122015,-3.0,-192.40564458757126,0.2499057210981846,0.049905721098184586,0.0,0.0,-0.3553270887968864,3.9692123493852574,342.68629073504087,123.4698715209961,2,0.0,0.0,0,0.0,242.6252,192.4056,3.9692,3.9692,0.0,0.0,12.040479848211415,1.5269999504089355,2.3543708207282528,2.396137833595276,152.66361546023973,0.5492369416400946,0.008193120995952596,0.0,0.0,-0.35689257888866444,13.609246811487374,320.0415539504698,91.97947692871094,3,0.0,0.0,0,58.8178966439242,91.62,-152.6636,13.6092,13.6092,0.0,0.0,0.0,3.3710072410899095,2.895557727094058,0.0,0.0,0.47861145447920633,0.021483040650636498,1.5989353729172189,159.89353729172188,-0.7233467741265555,0.0,78.19080262291331,60.0,3,0.0,0.0,0,0.0,202.2604,-0.0,0.4754,0.0,0.0,0.0,0.860137910425534,0.3400000035762787,0.98971542305004,0.0,0.0,0.8303244811072035,0.0604049414396286,0.0,0.0,0.32515604504066886,0.21042249095177268,0.0,76.04369354248047,1,0.0,0.0,0,0.0,20.4,-0.0,0.2104,0.2104,0.0,0.0,1.1202909298684514,1.8630000352859497,1.3948312241586525,1.685945987701416,110.06105080403722,0.7485322248499156,0.0,0.0,0.0,-0.2391940748698994,3.2744057286971646,241.31279170667867,73.38827514648438,1,0.0,0.0,0,1.4700644546653892,111.78,-110.0611,3.2744,3.2744,0.0,0.0,0.03222154376377684,0.24150000512599945,0.21083693751740787,0.0,0.0,0.9996991805672808,0.09052076858165248,0.0,0.0,0.32698991256232307,0.06288461137236842,1.3818202580705379,88.19927978515625,2,0.0,0.0,0,0.0,14.49,-0.0,0.0629,0.0629,0.0,0.0,4.215641510938279,0.7450000047683716,0.5024085618296884,0.0,0.0,0.93940163776404,0.011583593059119934,0.0,0.0,0.17771782987032106,4.458232953876962,0.0,60.0,1,0.0,0.0,0,43.69955018709972,44.7,-0.0,4.4582,4.4582,0.0,0.0
31,0,23.5,18.82094489355495,29.096062943521037,60.0,60.965858459472656,4.679055106445049,6.87688234126599,4.705236223388738,5.205346339434903,0.0,0.0,0.20935150316008616,0.00935150316008615,0.0,0.0,-0.40501660173524645,6.376772225219825,0.0,72.89781188964844,1,0.0,0.0,0,0.06252916078435938,282.3142,-0.0,6.3768,6.3768,0.0,0.0,9.156975961133567,4.705236223388738,5.0493572969838745,0.6788297891616821,41.72485573868562,0.2286607948531148,0.02866079485311479,0.0,0.0,-0.6194345878805849,9.491684676700112,252.72586011311333,61.38233947753906,4,0.0,0.0,0,1.8329146923446076,282.3142,-41.7249,9.4917,9.4917,0.0,0.0,3.263566775182294,4.539999961853027,3.3683558144854238,0.0,0.0,0.4192544281754632,0.01925442817546319,0.0,0.0,-0.623795231968989,4.4352109225498975,481.6305926747476,75.5925521850586,4,0.0,0.0,0,0.09508382939042122,272.4,-0.0,4.4352,4.4352,0.0,0.0,4.057418969567278,2.262472444870127,3.5169999999999995,-0.6788297891616821,-41.04602594952394,0.4,0.0,0.0,0.0,-0.2555167754529013,2.124061625275724,216.3521161872061,60.0,6,0.0,0.0,0,0.0,135.7483,41.046,2.1241,2.1241,0.0,0.0,2.6244940607689857,0.0,1.607526013405767,0.0,0.0,0.7209810863464033,0.020981086346403277,0.0,0.0,-0.14137585480606962,1.0169680473632188,370.7009507883907,60.0,3,0.0,0.0,0,0.0,0.0,-0.0,1.017,1.017,0.0,0.0,1.6553097702970974,2.6080000400543213,1.7695000000000003,0.0,0.0,0.7000000000000001,0.0,0.0,0.0,0.01657257221718396,2.493809810351418,0.0,78.2635498046875,5,0.0,0.0,0,0.09484295410623265,156.48,-0.0,2.4938,2.4938,0.0,0.0,0.5478209666649518,0.0,0.685,0.0,0.0,0.8999999999999999,0.0,0.13717903333504822,13.717903333504822,-0.2564451857309302,0.0,280.6515316665287,60.0,4,0.0,0.0,0,0.0,0.0,-0.0,-0.1372,0.0,0.0,0.0,0.9135940986408738,0.0,0.6212646192531539,0.0,0.0,0.9144197693997389,0.01441976939973899,0.0,0.0,0.07648844175780714,0.2923294793877199,194.61276577748146,60.0,4,0.0,0.0,0,0.0,0.0,-0.0,0.2923,0.2923,0.0,0.0
31,1,22.4895,18.4980991711565,26.230836786847917,60.0,61.62838314041351,8.67045593528855,6.376772225219825,3.8465744875630854,5.043712914543626,2.901651382446289,184.25486278533936,0.23028847529626212,0.020936972136175958,0.0,0.0,-0.480977620872048,8.081285180685573,0.0,60.0,0,0.0,0.0,0,0.7098408906927102,230.7945,-184.2549,8.0813,8.0813,0.0,0.0,9.491684676700112,4.624524792789125,4.863815468204908,-3.0,-186.95227889183298,0.2515955079283891,0.022934713075274282,0.0,0.0,-0.1261493383611238,6.25239400128433,0.0,108.07472229003906,2,0.0,0.0,0,0.1059084195823783,277.4715,186.9523,6.2524,6.2524,0.0,0.0,4.4352109225498975,1.8919999599456787,3.212694188469464,0.0,0.0,0.43941785123452554,0.020163423059062324,0.0,0.0,-0.07596467348481069,3.114516694026112,114.58731796038158,65.4621353149414,3,0.0,0.0,0,0.0,113.52,-0.0,3.1145,3.1145,0.0,0.0,2.124061625275724,4.224999904632568,3.248668114616735,0.0,0.0,0.4347580162413555,0.034758016241355494,0.0,0.0,-0.5209053389233483,3.100393415291557,445.645564965089,76.15608215332031,5,0.0,0.0,0,0.0,253.5,-0.0,3.1004,3.1004,0.0,0.0,1.0169680473632188,1.746500015258789,1.4421598992585445,0.0,0.0,0.7414471895824456,0.020466103236042255,0.0,0.0,-0.03990716870186391,1.3213081633634631,177.31761113468457,108.07472229003906,3,0.0,0.0,0,0.0,104.79,-0.0,1.3213,1.3213,0.0,0.0,2.493809810351418,1.5509999990463257,1.5805187157584712,-1.8583895564079285,-110.0332193576545,0.7244794409639286,0.02447944096392851,0.0,0.0,0.08624947461958396,0.6059015372313445,158.91569879225432,71.88008117675781,5,0.0,0.0,0,0.0,93.06,110.0332,0.6059,0.6059,0.0,0.0,0.0,0.3310000002384186,0.34629872959474917,1.31256902217865,78.66431228812257,0.974811978338759,0.07481197833875908,0.0,0.0,0.11419625306245793,1.1600912594872712,115.97275654893824,80.99832153320312,3,0.0,0.0,0,1.4658107563680327,19.86,-78.6643,1.2973,1.1601,0.0,0.0,0.2923294793877199,0.2815000116825104,0.39255337135903845,0.6441691517829895,38.92471273243348,0.9661643956201269,0.051744626220388,0.0,0.0,0.08346005820035204,0.8254452714941812,178.00764602863592,60.75718688964844,3,0.0,0.0,0,0.25065166073765144,16.89,-38.9247,0.8254,0.8254,0.0,0.0
31,2,21.5224515,17.95573097451268,24.46133552286383,60.0,56.0621522493558,12.237176460775869,8.081285180685573,4.48893274362817,5.043712914543626,-0.8348800837993622,-48.595563091790495,0.23028847529626212,0.0,0.0,0.0,-0.45908214226268473,6.691624925970753,101.10219512077263,60.0,1,0.0,0.0,0,0.15387905633386856,269.336,48.5956,6.6916,6.6916,0.0,0.0,6.25239400128433,4.48893274362817,4.7847207436730415,0.010149747133255005,0.6445089429616928,0.26137235892120314,0.009776850992814057,0.0,0.0,-0.41834390652139253,5.966755748372712,80.61214396336403,99.82991790771484,2,0.0,0.0,0,0.07257064042393285,269.336,-0.6445,5.9668,5.9668,0.0,0.0,3.114516694026112,1.3654999732971191,2.94689631068932,0.0,0.0,0.47384762814905185,0.03442977691452631,0.0,0.0,0.14381619210938987,1.5331203566339116,0.0,108.25476837158203,1,0.0,0.0,0,0.0,81.93,-0.0,1.5331,1.5331,0.0,0.0,3.100393415291557,4.2870001792907715,3.00797770295956,0.0,0.0,0.46593553070472016,0.03117751446336464,0.0,0.0,-0.10564250013656619,4.379415891622768,55.74509983501804,60.0,4,0.0,0.0,0,0.21110507875759763,257.22,-0.0,4.3794,4.3794,0.0,0.0,1.3213081633634631,1.097499966621399,1.4421598992585445,0.0,0.0,0.7414471895824456,0.0,0.0,0.0,-0.38841856955948556,0.9766482307263178,536.1972372356664,81.1236801147461,3,0.0,0.0,0,0.0,65.85,-0.0,0.9766,0.9766,0.0,0.0,0.6059015372313445,1.5805000066757202,1.1567537640683012,2.5856199264526367,146.17781053866412,0.7984801578113467,0.07400071684741816,0.0,0.0,-0.39842582944259963,3.6152677062914007,487.49862944175396,91.93336486816406,2,0.0,0.0,0,3.8088187909236106,94.83,-146.1778,3.6153,3.6153,0.0,0.0,1.1600912594872712,0.08799999952316284,0.27186968512287535,-0.9626280665397644,-52.54496583559637,0.9903504009842441,0.015538422645485106,0.0,0.0,0.32878101565067913,0.013593507347794298,44.36418145583619,108.25476837158203,3,0.0,0.0,0,0.0,5.28,52.545,0.0136,0.0136,0.0,0.0,0.8254452714941812,0.22699999809265137,0.2420797756594169,-0.7982615232467651,-43.08602088065305,0.9999999999999998,0.033835604379872875,0.0,0.0,0.37014522067636507,0.012103970680650444,0.0,108.25476837158203,1,0.0,0.0,0,0.0,13.62,43.086,0.0121,0.0121,0.0,0.0
31,3,20.5969860855,17.335738804464885,23.188530337646313,60.0,63.74541252268077,15.830789105566502,6.691624925970753,4.333934701116221,5.043712914543626,1.7719769477844238,115.54449826336509,0.23028847529626212,0.0,0.0,0.0,-0.5273069859626358,7.753823660327772,0.0,109.36125183105469,1,0.0,0.0,0,0.5337182602439933,260.0361,-115.5445,7.7538,7.7538,0.0,0.0,5.966755748372712,4.333934701116221,4.661241146672642,0.0,0.0,0.2766355971165552,0.01526323819535208,0.0,0.0,-0.853031366998954,5.63944930281629,549.8935159667052,60.0,2,0.0,0.0,0,0.04702143145456472,260.0361,-0.0,5.6394,5.6394,0.0,0.0,1.5331203566339116,3.7279999256134033,2.2165934835811916,-0.14753535389900208,-9.23500998837028,0.5738476281490519,0.10000000000000003,0.0,0.0,0.20545954381841514,2.8969914447671217,0.0,60.0,0,0.0,0.0,0,0.057856004076737584,223.68,9.235,2.897,2.897,0.0,0.0,4.379415891622768,1.4355000257492065,2.915123672155752,-2.14245343208313,-134.63941908809318,0.4774131612119894,0.011477630507269243,0.0,0.0,0.20720663001048517,0.7573388131330931,9.754865038073586,64.51268768310547,4,0.0,0.0,0,0.0,86.13,134.6394,0.7573,0.7573,0.0,0.0,0.9766482307263178,0.5920000076293945,0.5615294397736399,-0.9790423512458801,-62.876793747010424,0.9271269777049875,0.18567978812254193,0.0,0.0,0.4358880832123995,0.0280764473361923,0.0,70.20392608642578,0,0.0,0.0,0,0.0,35.52,62.8768,0.0281,0.0281,0.0,0.0,3.6152677062914007,0.5580000281333923,0.6810156843493299,0.0,0.0,0.9048931545916505,0.1064129967803038,0.0,0.0,-0.16725117466748177,3.492252050075463,506.007479004539,81.12100219726562,1,0.0,0.0,0,11.789020922046667,33.48,-0.0,3.4923,3.4923,0.0,0.0,0.013593507347794298,0.0729999989271164,0.2252903611438217,0.0,0.0,1.0,0.009649599015755905,0.138696854868911,13.8696854868911,-0.3275534909170044,0.0,0.0,60.0,2,0.0,0.0,0,0.0,4.38,-0.0,-0.1387,0.0,0.0,0.0,0.012103970680650444,0.3375000059604645,0.24049395835887297,1.4970541894435883,94.47575569733681,1.0,2.220446049250313e-16,0.0,0.0,0.19699239494105344,1.6061642077258302,0.0,97.03069305419922,0,0.0,0.0,0,9.240136137799672,20.25,-94.4758,1.6062,1.6062,0.0,0.0
32,0,23.5,19.319504961503277,27.01872932706967,60.0,73.56513476111391,4.180495038496721,7.5987994061421205,4.829876240375819,5.281,2.8605144023895264,211.09437798629233,0.2,0.0,0.0,0.0,-1.0369902958728805,10.008190048907466,367.8222110066424,95.45567321777344,3,0.0,0.0,0,2.001720375964759,289.7926,-211.0944,10.0082,10.0082,0.0,0.0,9.713523131989806,4.829876240375819,5.184014718379234,-1.8056503534317017,-136.6527149761523,0.21256286031357072,0.012562860313570706,0.0,0.0,-0.6007556923039638,7.55373430055469,340.15652315836775,75.57661437988281,6,0.0,0.0,0,0.3661955469605032,289.7926,136.6527,7.5537,7.5537,0.0,0.0,3.5205746846821837,4.152500152587891,3.416588153990047,0.0,0.0,0.4124118474672377,0.012411847467237669,0.0,0.0,-0.6268145927502357,4.256486683280027,481.7000183688439,85.03551483154297,1,0.0,0.0,0,0.05118563673448339,249.15,-0.0,4.2565,4.2565,0.0,0.0,2.1577062113651655,1.9517523572508146,3.364369428906366,0.0,0.0,0.41886657244667913,0.01886657244667911,0.0,0.0,-0.20945321425507268,0.7450891397096142,221.0366947319759,60.0,4,0.0,0.0,0,0.0,117.1051,-0.0,0.7451,0.7451,0.0,0.0,1.426773950161557,0.0,1.5864365222467087,0.0,0.0,0.722628365606093,0.022628365606092937,0.15966257208515167,15.966257208515167,0.06304799810191958,0.0,37.70579562428607,60.0,3,0.0,0.0,0,0.0,0.0,-0.0,-0.1597,0.0,0.0,0.0,1.0310843132205565,2.2864999771118164,1.7695000000000003,-1.4596092700958252,-101.92391944691053,0.7000000000000001,0.0,0.0,0.0,0.07659633048445351,0.08847502023654741,61.58988557138959,63.22675323486328,4,0.0,0.0,0,0.0,137.19,101.9239,0.0885,0.0885,0.0,0.0,1.0905093447962955,0.7605000138282776,0.6417688064348582,0.4047452211380005,30.74751606029804,0.9097808130237877,0.009780813023787749,0.0,0.0,0.16137730062491154,1.6139857733277152,26.750326385667023,108.37252044677734,3,0.0,0.0,0,0.9063795288751265,45.63,-30.7475,1.614,1.614,0.0,0.0,0.4797582847119863,0.5084999799728394,0.630485397121259,0.0,0.0,0.9113809191813655,0.011380919181365634,0.0,0.0,0.15839883751119163,0.35777286756356674,78.30669446515478,109.72016143798828,4,0.0,0.0,0,0.0,30.51,-0.0,0.3578,0.3578,0.0,0.0
32,1,22.4895,18.88380387994089,24.623733833579625,60.0,59.346806540781785,7.78619115855583,10.008190048907466,4.720950969985222,5.130709137863284,0.0,0.0,0.2185773624396436,0.018577362439643585,0.0,0.0,-0.38263321944431505,9.598431881029402,11.772827835818331,80.27140045166016,3,0.0,0.0,0,1.8151789505348899,283.2571,-0.0,9.5984,9.5984,0.0,0.0,7.55373430055469,1.8844510107547983,4.919716325712825,-0.4105461835861206,-25.277420015508824,0.2467984034050745,0.034235543091503784,0.0,0.0,-0.08397152692797331,4.107922802010544,0.0,60.0,4,0.0,0.0,0,0.0,113.0671,25.2774,4.1079,4.1079,0.0,0.0,4.256486683280027,4.720950969985222,3.416588153990047,0.0,0.0,0.4124118474672377,0.0,0.0,0.0,-0.21499724682926913,5.560849499275202,0.0,93.95500946044922,1,0.0,0.0,0,0.5330590852650743,283.2571,-0.0,5.5608,5.5608,0.0,0.0,0.7450891397096142,4.720950969985222,3.2217854267233137,0.0,0.0,0.4365131073703242,0.017646534923645096,0.0,0.0,-0.17401542371820947,2.244254682971522,31.043763117512512,106.81269836425781,3,0.0,0.0,0,0.0,283.2571,-0.0,2.2443,2.2443,0.0,0.0,0.0,2.427999973297119,1.4147984559986806,0.0,0.0,0.7448612757418479,0.022232910135754902,0.0,0.0,0.10654993879617097,0.8535389452132869,7.277022712976108,60.1366081237793,2,0.0,0.0,0,0.0,145.68,-0.0,1.0132,0.8535,0.0,0.0,0.08847502023654741,0.0,1.5856538734863603,0.0,0.0,0.7238142650924404,0.023814265092440334,1.497178853249813,149.7178853249813,-1.0481730299623302,0.0,35.35895115212298,60.0,3,0.0,0.0,0,0.0,0.0,-0.0,-1.4972,0.0,0.0,0.0,1.6139857733277152,0.0,0.5664429379317549,-1.0192207098007202,-58.85979575804117,0.9255064640682769,0.015725651044489197,0.0,0.0,-0.06085598899457749,0.028322125595240055,395.3237746480449,60.0,3,0.0,0.0,0,0.0,0.0,58.8598,0.0283,0.0283,0.0,0.0,0.35777286756356674,0.40849998593330383,0.5982134046494614,1.4297668933868408,85.56698266693684,0.9181182871295488,0.006737367948183248,0.0,0.0,0.1546056218346953,1.5978263422342498,0.0,60.0,3,0.0,0.0,0,1.079606435531326,24.51,-85.567,1.5978,1.5978,0.0,0.0
32,2,21.5224515,18.06857639320093,23.991146278329445,60.0,56.828523305699655,11.240066265354898,9.598431881029402,4.517144098300233,5.130709137863284,-1.7181851863861084,-97.30885631752648,0.2185773624396436,0.0,0.0,0.0,-0.6201412744843335,7.266681655080242,297.5216088327843,111.01908874511719,4,0.0,0.0,0,0.28687523789701036,271.0286,97.3089,7.2667,7.2667,0.0,0.0,4.107922802010544,3.987499952316284,4.691177370831834,0.397214412689209,22.26502372979087,0.27589333935101623,0.02909493594594173,0.0,0.0,-0.5893388105372045,3.8014597961842025,349.88478622788676,106.35957336425781,2,0.0,0.0,0,0.0,239.25,-22.265,3.8015,3.8015,0.0,0.0,5.560849499275202,1.6920000314712524,3.416588153990047,0.0,0.0,0.4124118474672377,0.0,0.0,0.0,-0.037493925147190466,3.8362613767564073,0.0,95.18077087402344,1,0.0,0.0,0,0.00903356571236957,101.52,-0.0,3.8363,3.8363,0.0,0.0,2.244254682971522,1.2829999923706055,2.9577090406854034,1.6662834584712982,96.03226206829589,0.4691554295010918,0.032642322130767565,0.0,0.0,-0.5077613628318381,2.235829093128023,549.9720865321824,64.30191802978516,1,0.0,0.0,0,0.0,76.98,-96.0323,2.2358,2.2358,0.0,0.0,0.8535389452132869,1.996999979019165,1.4147984559986806,0.0,0.0,0.7448612757418479,0.0,0.0,0.0,-0.06218633276424641,1.435740468233771,174.4256096103601,60.0,3,0.0,0.0,0,1.885706773292627e-05,119.82,-0.0,1.4357,1.4357,0.0,0.0,0.0,2.947000026702881,1.4379353021531538,-0.3453126847743988,-18.924931609399778,0.7429487950578817,0.019134529965441294,0.0,0.0,0.09141512135019277,0.12388988135283086,0.0,74.83467864990234,1,0.0,0.0,0,0.0,176.82,18.9249,1.1638,0.1239,0.0,0.0,0.028322125595240055,0.5270000100135803,0.5664429379317549,0.0,0.0,0.9255064640682769,0.0,0.011120802322934553,1.1120802322934553,0.12019774958836324,0.0,92.48978512181863,60.0,3,0.0,0.0,0,0.0,31.62,-0.0,-0.0111,0.0,0.0,0.0,1.5978263422342498,0.36000001430511475,0.4455872921828537,0.0,0.0,0.95,0.03188171287045116,0.0,0.0,0.15575073935480183,1.512239064356511,113.95733484266073,69.11200714111328,2,0.0,0.0,0,1.975274501698307,21.6,-0.0,1.5122,1.5122,0.0,0.0
32,3,20.5969860855,18.050081765077923,20.212101335091987,60.0,63.99100557445706,14.54490287447879,7.266681655080242,4.512520441269481,5.0732027265516395,0.0,0.0,0.22568569511104555,0.007108332671401957,0.0,0.0,-0.7764859605366403,6.705999369798083,373.55342951240783,74.56658935546875,4,0.0,0.0,0,0.14906542606178283,270.7512,-0.0,6.706,6.706,0.0,0.0,3.8014597961842025,4.512520441269481,4.199022145852911,1.6477265357971191,107.4549769521218,0.33964401616175766,0.06375067681074142,0.0,0.0,-0.34825630411116915,5.762684627397892,159.2408633945656,60.0,2,0.0,0.0,0,0.17766639745983895,270.7512,-107.455,5.7627,5.7627,0.0,0.0,3.8362613767564073,1.3324999809265137,2.6075881539900476,1.20224928855896,76.34282982349396,0.5124118474672377,0.09999999999999998,0.0,0.0,0.23990739677911616,3.763422492251834,0.0,60.0,0,0.0,0.0,0,0.17054951422923964,79.95,-76.3428,3.7634,3.7634,0.0,0.0,2.235829093128023,2.0954999923706055,2.248921958039006,-0.8692502975463867,-60.08660185707413,0.569155429501092,0.1000000000000002,0.0,0.0,0.33489523854174796,1.213156829913236,20.79184792295933,93.16297149658203,1,0.0,0.0,0,0.0,125.73,60.0866,1.2132,1.2132,0.0,0.0,1.435740468233771,1.7684999704360962,1.1652523149393272,-1.9807255268096924,-120.86122909418555,0.7960025854168588,0.05114130967501085,0.0,0.0,0.3197772674749526,0.058262596920847454,0.0,83.13833618164062,1,0.0,0.0,0,0.0,106.11,120.8612,0.0583,0.0583,0.0,0.0,0.12388988135283086,2.263000011444092,1.3476582780894424,0.0,0.0,0.7569379490776564,0.013989154019774741,0.0,0.0,-0.3230537300944004,1.0392316147074803,431.6764782964481,80.80948638916016,1,0.0,0.0,0,0.0,135.78,-0.0,1.0392,1.0392,0.0,0.0,0.0,0.11900000274181366,0.34330592892882883,0.0,0.0,0.9734523713588714,0.04794590729059456,0.23542672850994972,23.542672850994972,-0.41241091701409943,0.0,0.0,110.97158813476562,0,0.0,0.0,0,0.0,7.14,-0.0,-0.2243,0.0,0.0,0.0,1.512239064356511,0.4909999966621399,0.34964069643955514,0.0,0.0,0.9717073746025562,0.02170737460255623,0.0,0.0,0.20075807114239227,1.6535983645790957,61.44575039066972,60.0,2,0.0,0.0,0,4.695650568349997,29.46,-0.0,1.6536,1.6536,0.0,0.0
33,0,23.5,19.719551973599348,25.35186677666938,60.0,62.506625764594176,3.780448026400651,9.879031047246427,4.929887993399837,5.281,0.0,0.0,0.2,0.0,0.0,0.0,-0.4648435714855057,9.527919040646264,0.0,82.46295928955078,3,0.0,0.0,0,1.531372021945461,295.7933,-0.0,9.5279,9.5279,0.0,0.0,4.49812253120519,4.929887993399837,5.168730871207321,0.0,0.0,0.2145426332633005,0.014542633263300492,0.0,0.0,-0.7582921018458373,4.259279653397705,363.3781658890001,60.0,4,0.0,0.0,0,0.0,295.7933,-0.0,4.2593,4.2593,0.0,0.0,3.5404756423906707,1.531499981880188,3.4607334938146574,-1.4382054805755615,-90.45238196792025,0.4072884075369615,0.007288407536961472,0.0,0.0,-0.30547582217115676,0.17303664988064016,387.3015128571252,60.50504684448242,2,0.0,0.0,0,0.0,91.89,90.4524,0.173,0.173,0.0,0.0,2.8145490636435113,4.374000072479248,3.444922628585847,-2.9006521105766296,-178.58553693252225,0.40933644707437217,0.009336447074372145,0.0,0.0,-0.2808428242177529,0.8429743969602828,288.2287046933655,60.0,5,0.0,0.0,0,0.0,262.44,178.5855,0.843,0.843,0.0,0.0,1.4108151625998668,1.0214999914169312,1.6026019566196847,0.8905044794082642,54.64661056675095,0.7216189175363104,0.02161891753631029,0.0,0.0,-0.11309915893382802,1.7202176768053774,227.20450658182034,72.02933502197266,2,0.0,0.0,0,0.0011692164902363494,61.29,-54.6466,1.7202,1.7202,0.0,0.0,1.550516248903817,1.5670000314712524,1.457305597307801,0.0,0.0,0.7393558237894138,0.03935582378941371,0.0,0.0,0.18010904897248092,1.660210683067268,0.0,60.0,3,0.0,0.0,0,0.005270798170020741,94.02,-0.0,1.6602,1.6602,0.0,0.0,0.4492854630241598,0.4090000092983246,0.6332621328846622,0.5335434079170227,31.577854848462266,0.9117053997998501,0.011705399799850191,0.0,0.0,-0.5834761670465952,0.758566747354845,718.5759923602361,60.0,4,0.0,0.0,0,0.005514579307720551,24.54,-31.5779,0.7586,0.7586,0.0,0.0,1.2090716176557381,0.8970000147819519,0.6190217169687694,2.9148097038269043,187.15231107638147,0.914927213355482,0.014927213355482083,0.0,0.0,-0.36309617319242726,4.401859619295824,355.12755963914816,60.0,4,0.0,0.0,0,28.57297792135123,53.82,-187.1523,4.4019,4.4019,0.0,0.0
33,1,22.4895,19.19092452782203,23.344064467408206,60.0,63.167966423150126,7.138799384050396,9.527919040646264,2.436000108718872,5.1957864744883615,2.1900546550750732,132.60777068106472,0.2110380214393311,0.01103802143933108,0.0,0.0,-0.668133662643588,8.958187329951848,261.9433971518618,84.52178192138672,3,0.0,0.0,0,1.1591929281305078,146.16,-132.6078,8.9582,8.9582,0.0,0.0,4.259279653397705,4.256999969482422,4.991104170745767,-1.0982372760772705,-75.19848195441136,0.23649896212134158,0.02195632885804108,0.0,0.0,-0.33319157201975214,2.4269381760570896,98.13725975037693,92.7413330078125,4,0.0,0.0,0,0.0,255.42,75.1985,2.4269,2.4269,0.0,0.0,0.17303664988064016,4.797731131955508,2.9162673374511696,-1.9086871147155762,-120.08277654469657,0.47781511172912305,0.07052670419216156,0.0,0.0,0.14482514756881962,0.14581332966940241,0.0,88.4464340209961,1,0.0,0.0,0,0.0,287.8639,120.0828,0.1458,0.1458,0.0,0.0,0.8429743969602828,4.669693293108114,3.2199799809108303,0.0,0.0,0.4378615514148592,0.02852510434048705,0.0,0.0,-0.11741657718038297,2.2926877091575673,0.0,60.0,3,0.0,0.0,0,0.0,280.1816,-0.0,2.2927,2.2927,0.0,0.0,1.7202176768053774,2.177000045776367,1.322510324601384,-2.1831302642822266,-129.96891235945077,0.7637985690947096,0.0421796515583992,0.0,0.0,-0.18059336147234858,0.39157713369813396,472.9127677883121,60.0,2,0.0,0.0,0,0.0,130.62,129.9689,0.3916,0.3916,0.0,0.0,1.660210683067268,0.5379999876022339,1.383184918215444,3.0,197.83245483256906,0.7489569480241751,0.009601124234761338,0.0,0.0,0.01397465768637639,3.8150257524540576,0.0,63.017330169677734,2,0.0,0.0,0,2.8345720702640156,32.28,-197.8325,3.815,3.815,0.0,0.0,0.758566747354845,0.0,0.5796757381904771,0.0,0.0,0.9238290185089417,0.012123618709091621,0.0,0.0,0.06889954449609834,0.17889100916436784,198.51653368450584,60.0,4,0.0,0.0,0,0.0,0.0,-0.0,0.1789,0.1789,0.0,0.0,4.401859619295824,0.3154999911785126,0.25670960545681454,0.0,0.0,0.9957719988499192,0.08084478549443719,0.0,0.0,0.15411700865920533,4.460650005017523,34.18910352206721,100.38581085205078,3,0.0,0.0,0,139.2990649453854,18.93,-0.0,4.4607,4.4607,0.0,0.0
33,2,21.5224515,18.385706593159203,22.669770445169988,60.0,57.63353173911096,10.275544290891192,8.958187329951848,3.6064999103546143,4.875748023922377,-1.9581459760665894,-113.41765315858083,0.25249377928466626,0.04145575784533517,0.0,0.0,-0.08281421862609722,5.730793240317496,0.0,106.21420288085938,0,0.0,0.0,0,0.03139647047272969,216.39,113.4177,5.7308,5.7308,0.0,0.0,2.4269381760570896,4.596426648289801,4.602587790545932,1.2644991874694824,75.2316527577168,0.28682491810577637,0.05032595598443479,0.0,0.0,-0.4530987929969048,3.685276221270441,194.94277090738169,63.600120544433594,2,0.0,0.0,0,0.0,275.7856,-75.2317,3.6853,3.6853,0.0,0.0,0.14581332966940241,3.4835000038146973,2.9162673374511696,1.8179759085178375,102.65453910760539,0.47781511172912305,0.0,0.0,0.0,-0.18747580584050347,2.5310219045507676,33.70732375698172,93.6043472290039,2,0.0,0.0,0,0.0,209.01,-102.6545,2.531,2.531,0.0,0.0,2.2926877091575673,2.746500015258789,2.8942275366647827,-1.7717474699020386,-98.26139294119935,0.4800574638819639,0.04219591246710469,0.0,0.0,-0.06405608927443143,0.373212717849535,242.39917754607805,60.0,2,0.0,0.0,0,0.0,164.79,98.2614,0.3732,0.3732,0.0,0.0,0.39157713369813396,0.8995000123977661,1.2741993268644862,0.0,0.0,0.7747286590804331,0.010930089985723535,0.0,0.0,-0.236159558716936,0.01687781923141385,448.56928306300625,60.0,1,0.0,0.0,0,0.0,53.97,-0.0,0.0169,0.0169,0.0,0.0,3.8150257524540576,2.197999954223633,1.3133750984342913,-1.3796031475067139,-80.21365484017906,0.7639722756850194,0.015015327660844235,0.0,0.0,-0.3726223925372579,3.320047460736685,578.5671663135729,106.21420288085938,2,0.0,0.0,0,1.8948638509551294,131.88,80.2137,3.32,3.32,0.0,0.0,0.17889100916436784,0.4449999928474426,0.5212722291830881,-0.07655516266822815,-4.404751670341511,0.9370424820852741,0.013213463576332352,0.0,0.0,0.04228529250449118,0.02606361016049419,208.13938617261093,106.21420288085938,3,0.0,0.0,0,0.0,26.7,4.4048,0.0261,0.0261,0.0,0.0,4.460650005017523,0.3230000138282776,0.23449702471083564,2.10357666015625,123.59731250112213,1.0,0.004228001150080818,0.0,0.0,-0.27764993906503316,6.652729654291215,0.0,60.0,1,0.0,0.0,0,459.518112587136,19.38,-123.5973,6.6527,6.6527,0.0,0.0
33,3,20.5969860855,17.54034065468207,22.33602262840805,60.0,68.18717744923157,13.419469763853307,5.730793240317496,2.259999990463257,4.875748023922377,0.0,0.0,0.25249377928466626,0.0,0.0,0.0,-0.2482291927718593,3.115045206858376,0.0,60.0,0,0.0,0.0,0,0.0,135.6,-0.0,3.115,3.115,0.0,0.0,3.685276221270441,3.236999988555908,3.991115988326182,1.592467188835144,106.25896084115399,0.3624085772182298,0.0755836591124534,0.0,0.0,-0.11486408454990779,4.523627410335312,63.71025688530453,75.54879760742188,2,0.0,0.0,0,0.012976297663239421,194.22,-106.259,4.5236,4.5236,0.0,0.0,2.5310219045507676,3.2850000858306885,2.8611078128861274,-1.0542017221450806,-76.85141208120983,0.4846333471512544,0.006818235422131336,0.0,0.0,-0.65464169839614,1.9007124553502481,707.9565628667111,101.58734130859375,1,0.0,0.0,0,0.0,197.1,76.8514,1.9007,1.9007,0.0,0.0,0.373212717849535,4.103000164031982,2.407629728661357,0.0,0.0,0.5402055242037718,0.06014806032180786,0.0,0.0,-0.24545337870068817,2.0685831532201604,344.18129526353374,77.7977066040039,2,0.0,0.0,0,0.0,246.18,-0.0,2.0686,2.0686,0.0,0.0,0.01687781923141385,0.4894999861717224,1.2741993268644862,0.0,0.0,0.7747286590804331,0.0,0.76782152146135,76.78215214613499,-0.5378598603324102,0.0,0.0,100.38710021972656,1,0.0,0.0,0,0.0,29.37,-0.0,-0.7678,0.0,0.0,0.0,3.320047460736685,1.7300000190734863,1.1947354396560599,0.6494128117337823,47.72944857780724,0.7887404716721238,0.024768195987104447,0.0,0.0,0.12211383218424603,4.504724851887894,0.0,60.0,1,0.0,0.0,0,7.631833660494159,103.8,-47.7294,4.5047,4.5047,0.0,0.0,0.02606361016049419,0.3165000081062317,0.315646830131329,-0.01113444659858942,-0.7958712091749653,0.9830223577440167,0.04597987565874262,0.0,0.0,0.21873618656466415,0.015782341536807465,78.10730057811124,60.0,2,0.0,0.0,0,0.0,18.99,0.7959,0.0158,0.0158,0.0,0.0,6.652729654291215,0.10100000351667404,0.23449702471083564,-1.1765438318252563,-74.09924612800751,1.0,0.0,0.0,0.0,0.12349806549250097,5.342688801271797,0.0,60.0,1,0.0,0.0,0,259.6761018917023,6.06,74.0992,5.3427,5.3427,0.0,0.0
34,0,23.5,17.8047521921876,33.33019919921834,60.0,75.14581595632353,5.695247807812401,4.559191255191761,4.4511880480469,5.281,0.766060546040535,57.94927507718302,0.2,0.0,0.0,0.0,-0.6451729471727347,4.4954398492791965,154.66178288728761,84.2720947265625,11,0.0,0.0,0,0.0,267.0713,-57.9493,4.4954,4.4954,0.0,0.0,9.795971751616033,4.4511880480469,5.162856229251589,-0.1960442215204239,-14.973334354578753,0.21460367994417945,0.014603679944179437,0.0,0.0,-0.436282348934079,8.88825934889092,85.87055848669246,100.37397003173828,3,0.0,0.0,0,1.1417424332640718,267.0713,14.9733,8.8883,8.8883,0.0,0.0,6.7359018255441425,1.5115000009536743,3.419951961683097,0.0,0.0,0.4119960492357111,0.01199604923571107,0.0,0.0,-0.017210521961755387,4.827449864814721,29.61391202737794,107.63108825683594,5,0.0,0.0,0,0.1858058515169988,90.69,-0.0,4.8274,4.8274,0.0,0.0,6.84075704393899,2.3233761297108195,3.331409789844124,0.0,0.0,0.4240401826626782,0.024040182662678156,0.0,0.0,-0.14813455555410177,5.832723383805685,157.47224528659132,60.0,4,0.0,0.0,0,0.8136699484252823,139.4026,-0.0,5.8327,5.8327,0.0,0.0,2.2038091723855016,1.6644999980926514,1.7238694745705807,0.0,0.0,0.7059106898224637,0.005910689822463677,0.0,0.0,-0.006240951377271636,2.144439695907572,96.76912098443904,101.8497085571289,3,0.0,0.0,0,0.025340182170861265,99.87,-0.0,2.1444,2.1444,0.0,0.0,1.2852775460156949,2.5264999866485596,1.7165431977260062,0.0,0.0,0.7068596894137298,0.006859689413729719,0.0,0.0,-0.2925545806026284,2.0952343349382483,333.9406223127082,81.44324493408203,3,0.0,0.0,0,0.019620078986199576,151.59,-0.0,2.0952,2.0952,0.0,0.0,0.7592663634822744,0.5299999713897705,0.685,-0.5700163245201111,-42.20988017656373,0.8999999999999999,0.0,0.0,0.0,0.021068921745045335,0.034250010351933646,242.3381587007309,60.0,2,0.0,0.0,0,0.0,31.8,42.2099,0.0343,0.0343,0.0,0.0,1.1500242410439465,0.3465000092983246,0.685,0.0,0.0,0.8999999999999999,0.0,0.0,0.0,0.03150932862856254,0.811524250342271,200.69284746013977,68.59635925292969,4,0.0,0.0,0,0.0050219059969495395,20.79,-0.0,0.8115,0.8115,0.0,0.0
34,1,22.4895,17.80246302280067,29.12932073833055,60.0,58.563401355206686,10.382284785011732,4.4954398492791965,4.450615755700167,4.439809278796206,2.5173330307006836,145.90814141474527,0.3083691744219371,0.10836917442193711,0.0,0.0,-0.12513453422847276,7.023579356883841,0.0,60.0,5,0.0,0.0,0,0.573532712594501,267.0369,-145.9081,7.0236,7.0236,0.0,0.0,8.88825934889092,3.5824999809265137,5.162856229251589,0.0,0.0,0.21460367994417945,0.0,0.0,0.0,-0.7966515759308118,7.307903100565844,427.36720256694457,88.24208068847656,3,0.0,0.0,0,0.2872280985655938,214.95,-0.0,7.3079,7.3079,0.0,0.0,4.827449864814721,2.3010001182556152,3.178002728462468,0.1656683087348938,10.235535833253152,0.44333662348708786,0.03134057425137676,0.0,0.0,-0.2735204332293735,4.1161155633427615,307.93938010704153,60.0,3,0.0,0.0,0,0.07522744301000873,138.06,-10.2355,4.1161,4.1161,0.0,0.0,5.832723383805685,4.450615755700167,3.0555998980147185,-1.2975916862487793,-73.18922070067674,0.4591407814463921,0.03510059878371391,0.0,0.0,0.018434954420393793,5.930147555242354,0.0,92.94976043701172,1,0.0,0.0,0,1.3114419061486096,267.0369,73.1892,5.9301,5.9301,0.0,0.0,2.144439695907572,1.116231425569648,1.6751724113879392,-1.5017400979995728,-86.7232968885993,0.7122185995611479,0.006307909738684114,0.0,0.0,0.20933426395850446,0.08375861208970825,0.0,60.0,2,0.0,0.0,0,0.0,66.9739,86.7233,0.0838,0.0838,0.0,0.0,2.0952343349382483,0.6085000038146973,1.549187357856832,-1.077087640762329,-65.16557930623867,0.7285379070133639,0.021678217599634064,0.0,0.0,0.2600004941137466,0.07745934013378442,0.0,74.71793365478516,2,0.0,0.0,0,0.0,36.51,65.1656,0.0775,0.0775,0.0,0.0,0.034250010351933646,0.5130000114440918,0.5956502012370162,1.1934180855751038,72.81083907252696,0.918653402664506,0.018653402664506102,0.0,0.0,0.16222089178534255,1.145017906134113,0.0,103.125,1,0.0,0.0,0,0.24329931075917108,30.78,-72.8108,1.145,1.145,0.0,0.0,0.811524250342271,0.7799999713897705,0.5166290523856878,0.0,0.0,0.9380929745733737,0.038092974573373795,0.0,0.0,0.24199508257241567,1.0748951693463538,0.0,60.0,3,0.0,0.0,0,0.3135486546653944,46.8,-0.0,1.0749,1.0749,0.0,0.0
34,2,21.5224515,17.404321115102697,26.75887660373876,61.306861877441406,63.160191705850686,14.500415169909035,7.023579356883841,4.351080278775674,4.282293059698304,0.0,0.0,0.327839658859255,0.01947048443731786,0.0,0.0,-0.6380135153618165,7.092366575961211,433.9439279895458,92.99845123291016,5,0.0,0.0,0,0.7468779390590353,266.7511,-0.0,7.0924,7.0924,0.0,0.0,7.307903100565844,4.351080278775674,4.419613860406968,0.0,0.0,0.3108785981883012,0.09627491824412177,0.0,0.0,-0.15189324354187478,7.2393695189345495,138.66963406845352,99.41647338867188,2,0.0,0.0,0,0.7184924454081336,266.7511,-0.0,7.2394,7.2394,0.0,0.0,4.1161155633427615,4.078499794006348,2.862027609112748,2.0461113452911377,128.940564093381,0.4823941166081905,0.03905749312110263,0.0,0.0,-0.42874563649929437,7.378699093527499,291.7566197367557,109.46685791015625,2,0.0,0.0,0,4.477190104876966,250.04,-128.9406,7.3787,7.3787,0.0,0.0,5.930147555242354,3.428999900817871,3.0555998980147185,-2.4502127170562744,-152.4786664419853,0.4591407814463921,0.0,0.0,0.0,-0.3717425778214601,3.8533348409892314,444.1859228322592,73.21630859375,2,0.0,0.0,0,0.053207372551416,210.2212,152.4787,3.8533,3.8533,0.0,0.0,0.08375861208970825,0.0,1.5271620714449246,1.198939323425293,77.63998357230594,0.7305140680337083,0.018295468472560472,0.24446413592992333,24.446413592992332,-0.08727876792796413,0.0,23.40916456038024,60.0,2,0.0,0.0,0,0.0,0.0,-77.64,-0.2445,0.0,0.0,0.0,0.07745934013378442,0.012660881323778739,1.5040392953279182,0.0,0.0,0.734118631677012,0.005580724663648118,1.413919073870355,141.3919073870355,-1.0087421407522992,0.0,0.0,61.306861877441406,1,0.0,0.0,0,0.0,0.7762,-0.0,-1.4139,0.0,0.0,0.0,1.145017906134113,0.7699999809265137,0.5956502012370162,0.0,0.0,0.918653402664506,0.0,0.0,0.0,-0.1718371517407698,1.3193676858236105,376.7146298605091,109.46685791015625,2,0.0,0.0,0,0.48462490367900013,47.2063,-0.0,1.3194,1.3194,0.0,0.0,1.0748951693463538,0.41200000047683716,0.2866717166131021,-0.7948379516601562,-50.85683055498521,0.9880929745733738,0.050000000000000044,0.0,0.0,0.25284126084500236,0.4053855015499326,96.3374081972234,109.46685791015625,1,0.0,0.0,0,0.01581778299737126,25.2584,50.8568,0.4054,0.4054,0.0,0.0
34,3,20.5969860855,16.351740513471352,27.288523216786032,60.0,49.410511467507206,18.745660741937684,7.092366575961211,4.087935128367838,4.034274912741957,0.07367251813411713,3.666253099328088,0.35849703178340175,0.030657372924146775,0.0,0.0,-0.1190435370384739,7.219699309721211,0.0,90.35359954833984,3,0.0,0.0,0,1.1174806839068012,245.2761,-3.6663,7.2197,7.2197,0.0,0.0,7.2393695189345495,4.087935128367838,4.279103548055128,1.7632073163986206,88.01335894655085,0.32824699279297853,0.017368394604677317,0.0,0.0,-0.27937483059570295,8.81140841564588,0.0,83.16224670410156,0,0.0,0.0,0,2.4702368636850736,245.2761,-88.0134,8.8114,8.8114,0.0,0.0,7.378699093527499,1.9964350993999815,2.862027609112748,0.0,0.0,0.4823941166081905,0.0,0.0,0.0,-0.47892866475090456,6.513106583814731,516.2776566428681,60.0,2,0.0,0.0,0,2.6303427507262382,119.7861,-0.0,6.5131,6.5131,0.0,0.0,3.8533348409892314,4.087935128367838,3.0555998980147185,0.0,0.0,0.4591407814463921,0.0,0.0,0.0,-0.28420573866327387,4.885670071342351,162.90684701160657,95.3113021850586,2,0.0,0.0,0,0.42412574088425053,245.2761,-0.0,4.8857,4.8857,0.0,0.0,0.0,0.0,1.3463983994739745,0.0,0.0,0.7551625425630939,0.024648474529385567,1.5908625354038979,159.08625354038978,-1.0618244367881289,0.0,0.0,60.0,0,0.0,0.0,0,0.0,0.0,-0.0,-1.3464,0.0,0.0,0.0,0.0,0.9695000052452087,1.5040392953279182,0.0,0.0,0.734118631677012,0.0,1.5163047836047912,151.63047836047912,-0.7682903513153132,0.0,0.0,60.0,1,0.0,0.0,0,0.0,58.17,-0.0,-0.5345,0.0,0.0,0.0,1.3193676858236105,0.9125000238418579,0.5956502012370162,-1.606434941291809,-78.41188721300841,0.918653402664506,0.0,0.0,0.0,0.2703925038349301,0.02978256713664318,0.0,60.0,2,0.0,0.0,0,0.0,54.75,78.4119,0.0298,0.0298,0.0,0.0,0.4053855015499326,0.2094999998807907,0.2866717166131021,-0.23044489324092865,-11.43084499833779,0.9880929745733738,0.0,0.0,0.0,0.2442433854670907,0.09776889157669255,62.375775484097325,88.52377319335938,2,0.0,0.0,0,0.0,12.57,11.4308,0.0978,0.0978,0.0,0.0
35,0,23.5,18.4674660067355,30.568891638602093,60.0,59.21654723434381,5.032533993264503,8.272255495407634,4.616866501683875,5.281,0.4883904755115509,27.392459016250257,0.2,0.0,0.0,0.0,-0.4683529817317892,8.09651247260306,0.0,95.08769226074219,0,0.0,0.0,0,0.548011146482018,277.012,-27.3925,8.0965,8.0965,0.0,0.0,3.8983207263646533,4.616866501683875,5.281,0.3652973175048828,19.885993259307725,0.2,0.0,0.0,0.0,-0.714104038592932,3.5994845455534117,253.80553376456749,84.35798645019531,1,0.0,0.0,0,0.0,277.012,-19.886,3.5995,3.5995,0.0,0.0,6.550093503742581,1.2087329676049627,3.390000967495894,-1.1383484601974487,-68.07619860546174,0.41645065187877023,0.016450651878770206,0.0,0.0,-0.3207293246275318,3.230477043654201,439.08913470386824,60.0,5,0.0,0.0,0,0.0,72.524,68.0762,3.2305,3.2305,0.0,0.0,4.8916938948023985,0.0,3.5169999999999995,-1.1460267305374146,-69.71575248730983,0.4,0.0,0.0,0.0,0.028659697136860285,0.22866716426498446,99.77748510193742,60.0,3,0.0,0.0,0,0.0,0.0,69.7158,0.2287,0.2287,0.0,0.0,2.443541858710828,3.0490000247955322,1.7695000000000003,0.0,0.0,0.7000000000000001,0.0,0.0,0.0,-0.16702507728223914,3.7230418835063603,159.2832066973957,98.02980041503906,4,0.0,0.0,0,1.1330549461602875,182.94,-0.0,3.723,3.723,0.0,0.0,2.0451883253369036,3.0490000247955322,1.7695000000000003,-1.9092078506946564,-108.44076564046799,0.7000000000000001,0.0,0.0,0.0,0.004580013107742878,1.4154804994377792,97.25193689404203,86.23556518554688,3,0.0,0.0,0,0.0,182.94,108.4408,1.4155,1.4155,0.0,0.0,1.116807093402352,0.8955000042915344,0.6609771618171234,0.33989524841308594,17.807996784682473,0.9054350312630941,0.005435031263094192,0.0,0.0,-0.22836173787873434,1.6912251842898491,418.33984834243904,105.23252868652344,4,0.0,0.0,0,1.0024086309980154,53.73,-17.808,1.6912,1.6912,0.0,0.0,1.350990740834741,1.031499981880188,0.685,3.0,185.33985071442862,0.8999999999999999,0.0,0.0,0.0,-0.02058516337644714,4.697490722714928,0.0,76.62425994873047,3,0.0,0.0,0,28.442597159231727,61.89,-185.3399,4.6975,4.6975,0.0,0.0
35,1,22.4895,18.3897289161541,26.682379516024575,60.0,67.32381335163919,9.1323050771104,8.09651247260306,4.597432229038525,5.281,1.288764476776123,81.65562917064017,0.2,0.0,0.0,0.0,-0.5262195346025305,8.701709178417708,0.0,104.19470977783203,0,0.0,0.0,0,0.8916330036701136,275.8459,-81.6556,8.7017,8.7017,0.0,0.0,3.5994845455534117,2.928999900817871,5.281,0.0,0.0,0.2,0.0,0.0,0.0,-0.343566332734981,1.247484446371283,0.0,86.30223846435547,1,0.0,0.0,0,0.0,175.74,-0.0,1.2475,1.2475,0.0,0.0,3.230477043654201,3.4030001163482666,3.20834803590456,-3.0,-206.83451099637932,0.43890466072813167,0.02245400884936144,0.0,0.0,0.10228372482993706,0.42512912409790715,65.25134303079307,104.71208190917969,5,0.0,0.0,0,0.0,204.18,206.8345,0.4251,0.4251,0.0,0.0,0.22866716426498446,1.5269999504089355,3.4514701106437724,0.0,0.0,0.4084883276368171,0.008488327636817061,1.6958029959698524,169.58029959698524,-1.2372916152250104,0.0,402.81688791635935,60.0,3,0.0,0.0,0,0.0,91.62,-0.0,-1.6958,0.0,0.0,0.0,3.7230418835063603,0.9854999780654907,1.5039763074797443,0.0,0.0,0.7343942606891523,0.03439426068915219,0.0,0.0,0.12073365612101383,3.204565554092106,81.26597810549657,102.23934936523438,3,0.0,0.0,0,1.022367613794522,59.13,-0.0,3.2046,3.2046,0.0,0.0,1.4154804994377792,1.5420000553131104,1.7695000000000003,-1.0995055437088013,-67.11008229042773,0.7000000000000001,0.0,0.0,0.0,0.14649544760280553,0.08847501104208799,0.0,107.53585815429688,2,0.0,0.0,0,0.0,92.52,67.1101,0.0885,0.0885,0.0,0.0,1.6912251842898491,0.49399998784065247,0.49103080142081684,0.0,0.0,0.9409662949177937,0.03553126365469961,0.0,0.0,0.2592549076263751,1.694194370709685,0.0,60.0,2,0.0,0.0,0,2.3073771350764236,29.64,-0.0,1.6942,1.6942,0.0,0.0,4.697490722714928,0.925000011920929,0.6300166708834075,2.8107410669326782,196.38846965987568,0.9124396672209485,0.01243966722094858,0.0,0.0,-0.25244516186614174,7.803215130685127,130.0861602182888,78.99767303466797,3,0.0,0.0,0,137.79201735900492,55.5,-196.3885,7.8032,7.8032,0.0,0.0
35,2,21.5224515,18.26690602430018,23.16477281541591,60.0,52.973202042481795,14.374647239210539,8.701709178417708,0.9859532124216948,5.281,-0.919363260269165,-49.70670259196231,0.2,0.0,0.0,0.0,-0.5352576620339666,3.4872991305702383,353.5751861839618,60.0,1,0.0,0.0,0,0.0,59.1572,49.7067,3.4873,3.4873,0.0,0.0,1.247484446371283,3.557499885559082,5.281,0.0,0.0,0.2,0.0,0.4760156680696346,47.60156680696346,-0.908013040772703,0.0,336.9905172189965,104.93978118896484,2,0.0,0.0,0,0.0,213.45,-0.0,-0.476,0.0,0.0,0.0,0.42512912409790715,4.566726506075045,2.9107764023947187,0.0,0.0,0.4774502091102355,0.038545548382103834,0.0,0.0,-0.023168695800532296,2.0810792277782335,0.0,61.25617218017578,2,0.0,0.0,0,0.0,274.0036,-0.0,2.0811,2.0811,0.0,0.0,0.0,4.566726506075045,3.3596033755973562,0.0,0.0,0.41984391911350627,0.011355591476689186,0.4886798654921636,48.867986549216354,-0.43374223587940913,0.0,72.28294457831592,108.98289489746094,3,0.0,0.0,0,0.0,274.0036,-0.0,1.2071,0.0,0.0,0.0,3.204565554092106,2.109999895095825,1.3606677574658184,2.4992401599884033,132.08772419012166,0.7551656657317154,0.02077140504256314,0.0,0.0,-0.050791308983732915,6.453137851710516,44.69181891365874,91.22868347167969,2,0.0,0.0,0,18.435846428482915,126.6,-132.0877,6.4531,6.4531,0.0,0.0,0.08847501104208799,1.315999984741211,1.6726814814461097,0.0,0.0,0.7119676784368222,0.011967678436822116,0.2682064856628108,26.82064856628108,-0.4048093554365159,0.0,311.54022989835687,76.57392120361328,2,0.0,0.0,0,0.0,78.96,-0.0,-0.2682,0.0,0.0,0.0,1.694194370709685,0.42250001430511475,0.447759354077049,0.15611028671264648,9.902366739917852,0.95,0.009033705082206245,0.0,0.0,0.019149164900715967,1.825045317650397,230.80645228671074,72.54056549072266,2,0.0,0.0,0,3.715038397633844,25.35,-9.9024,1.825,1.825,0.0,0.0,7.803215130685127,0.7415000200271606,0.5685790535584601,-1.7359871864318848,-89.62803789137615,0.9263395806428822,0.013899913421933752,0.0,0.0,0.23220066307982196,6.240148910721944,0.0,101.42826080322266,2,0.0,0.0,0,89.33917428266389,44.49,89.628,6.2401,6.2401,0.0,0.0
35,3,20.5969860855,18.08017558027648,20.08671043843133,60.0,58.85350774289754,16.89145774443406,3.4872991305702383,4.52004389506912,5.281,0.0,0.0,0.2,0.0,0.0,0.0,-0.4472876269140226,2.726343025639358,0.0,75.28728485107422,1,0.0,0.0,0,0.0,271.2026,-0.0,2.7263,2.7263,0.0,0.0,0.0,4.52004389506912,5.281,0.0,0.0,0.2,0.0,1.2369717730005139,123.69717730005138,-0.9095453489809154,0.0,0.0,99.27228546142578,2,0.0,0.0,0,0.0,271.2026,-0.0,-0.761,0.0,0.0,0.0,2.0810792277782335,0.8645877995557747,2.9107764023947187,0.0,0.0,0.4774502091102355,0.0,0.0,0.0,-0.24748960371616924,0.034890624939289516,362.0283498063846,60.0,2,0.0,0.0,0,0.0,51.8753,-0.0,0.0349,0.0349,0.0,0.0,0.0,3.4714999198913574,3.1902932554208325,0.0,0.0,0.4407722405197515,0.02092832140624523,0.2074732010216387,20.74732010216387,-0.23721330734072948,0.0,86.74730056768868,76.54385375976562,3,0.0,0.0,0,0.0,208.29,-0.0,0.2812,0.0,0.0,0.0,6.453137851710516,1.343999981880188,1.3606677574658184,-0.15388524532318115,-10.475621374681396,0.7551656657317154,0.0,0.0,0.0,0.1597336722299439,6.282584830801705,0.0,78.54216766357422,2,0.0,0.0,0,16.93080447134491,80.64,10.4756,6.2826,6.2826,0.0,0.0,0.0,2.4100000858306885,1.2617384057720493,1.6947832107543945,100.59132842204372,0.7760237505321868,0.06405607209536457,0.0,0.0,-0.100413544333488,2.574838405150223,176.98242839883576,103.320068359375,1,0.0,0.0,0,0.6970445295457401,144.6,-100.5913,2.843,2.5748,0.0,0.0,1.825045317650397,0.1860000044107437,0.447759354077049,-1.5408979654312134,-88.42092383660793,0.95,0.0,0.0,0.0,0.36052419822559745,0.02238800255287826,0.0,60.0,2,0.0,0.0,0,0.0,11.16,88.4209,0.0224,0.0224,0.0,0.0,6.240148910721944,0.7639999985694885,0.5066643305407134,0.0,0.0,0.939265410082913,0.012925829440030734,0.0,0.0,0.11642766511726552,6.4974845787507185,0.0,62.643959045410156,1,0.0,0.0,0,121.78820528784496,45.84,-0.0,6.4975,6.4975,0.0,0.0
36,0,23.5,20.139780849725064,23.600913126145564,60.0,57.821115272999826,3.360219150274935,6.056031356372184,2.877000093460083,5.136582487665163,0.0,0.0,0.21870693164959026,0.018706931649590253,0.0,0.0,-0.4579856008024606,3.796448962167104,207.87131044995223,98.64422607421875,2,0.0,0.0,0,0.0,172.62,-0.0,3.7964,3.7964,0.0,0.0,2.984118777718621,5.034945212431266,5.203769263013292,2.5434653759002686,144.18420750456335,0.21000398147496216,0.010003981474962148,0.0,0.0,-0.5642149036094314,5.358760103036863,0.0,82.95204162597656,9,0.0,0.0,0,0.0003983437772580524,302.0967,-144.1842,5.3588,5.3588,0.0,0.0,3.789271055720241,1.6414999961853027,3.5169999999999995,-1.0602294206619263,-59.33685573811886,0.4,0.0,0.0,0.0,0.01780194895899373,0.8535416312436181,0.0,89.49050903320312,2,0.0,0.0,0,0.0,98.49,59.3369,0.8535,0.8535,0.0,0.0,2.423503651646631,3.27533558794115,3.3865314696945976,0.6976615190505981,46.25385238258946,0.4169000686924097,0.016900068692409675,0.0,0.0,-0.5081171090048341,3.0099692889437817,388.1047688803209,60.0,5,0.0,0.0,0,0.0,196.5201,-46.2539,3.01,3.01,0.0,0.0,3.265539873404315,2.868499994277954,1.7226654233694647,-2.7938437461853027,-161.58291652930666,0.7060666550039554,0.006066655003955312,0.0,0.0,-0.1738652662776562,1.6175306981275013,354.5086608707214,72.53968811035156,4,0.0,0.0,0,0.0,172.11,161.5829,1.6175,1.6175,0.0,0.0,3.4015348432854338,2.9839999675750732,1.7695000000000003,0.0,0.0,0.7000000000000001,0.0,0.0,0.0,-0.19313546922406666,4.616034810860507,185.75639521620604,86.08439636230469,6,0.0,0.0,0,2.9039250429101178,179.04,-0.0,4.616,4.616,0.0,0.0,1.0207245346181186,0.4740000069141388,0.685,0.6129462718963623,34.33578554711994,0.8999999999999999,0.0,0.0,0.0,0.10837996477316787,1.4226708134286197,81.75301237188108,117.42981719970703,2,0.0,0.0,0,0.4121835435124377,28.44,-34.3358,1.4227,1.4227,0.0,0.0,0.6601890333800191,0.984499990940094,0.6385400256547079,0.0,0.0,0.9096993683393094,0.009699368339309511,0.0,0.0,0.07064642130218812,1.006148998665405,136.3792842915101,89.24192810058594,3,0.0,0.0,0,0.08028845027442646,59.07,-0.0,1.0061,1.0061,0.0,0.0
36,1,22.4895,19.590034726446383,21.6811053064734,60.0,64.56497605025098,6.259684423828551,3.796448962167104,4.897508681611596,5.136582487665163,-1.8570585250854492,-121.24156508018132,0.21870693164959026,0.0,0.0,0.0,-0.3171898111701867,1.7003166310280866,0.0,66.77391052246094,2,0.0,0.0,0,0.0,293.8505,121.2416,1.7003,1.7003,0.0,0.0,5.358760103036863,4.897508681611596,5.0187812157359275,1.1047778129577637,68.66582632414156,0.23287024195424094,0.022866260479278783,0.0,0.0,-0.6912876167723581,6.342265381870295,275.81297991695277,60.0,8,0.0,0.0,0,0.08961268360944975,293.8505,-68.6658,6.3423,6.3423,0.0,0.0,0.8535416312436181,1.909500002861023,3.5169999999999995,0.0,0.0,0.4,0.0,0.7539583658953584,75.39583658953583,-0.5981322212480736,0.0,166.7260304811781,109.05004119873047,3,0.0,0.0,0,0.0,114.57,-0.0,-0.754,0.0,0.0,0.0,3.0099692889437817,2.8580000400543213,3.0378988833048264,-0.39826858043670654,-27.026146043565404,0.46075887203705074,0.04385880334464104,0.0,0.0,0.022973350323138325,2.43180186525657,64.99640986695131,65.68341064453125,3,0.0,0.0,0,0.0,171.48,27.0261,2.4318,2.4318,0.0,0.0,1.6175306981275013,1.4320000410079956,1.187775752784201,0.0,0.0,0.7942815038949771,0.08821484889102171,0.0,0.0,-0.18158778677256165,1.8617549863512957,455.9227687205432,70.93146514892578,3,0.0,0.0,0,0.14404049653432136,85.92,-0.0,1.8618,1.8618,0.0,0.0,4.616034810860507,2.09751731315529,1.5762019624933612,0.0,0.0,0.7250386058946423,0.02503860589464224,0.0,0.0,-0.264952626119722,5.137350161522436,365.6308929283831,60.0,5,0.0,0.0,0,6.046823985434307,125.851,-0.0,5.1374,5.1374,0.0,0.0,1.4226708134286197,0.7434999942779541,0.6459637485368084,2.3840770721435547,158.33643321777686,0.9088317311002695,0.00883173110026958,0.0,0.0,-0.2887981501141177,3.90428413131332,323.3559554517583,73.16608428955078,2,0.0,0.0,0,18.456198319162464,44.61,-158.3364,3.9043,3.9043,0.0,0.0,1.006148998665405,0.7544999718666077,0.5020202027019439,-1.2335277795791626,-75.24569353307038,0.9398512658196045,0.03015189748029512,0.0,0.0,0.03321682899142249,0.02510098825090623,287.66417452112756,104.38065338134766,2,0.0,0.0,0,0.0,45.27,75.2457,0.0251,0.0251,0.0,0.0
36,2,21.5224515,18.689761705057702,21.40287414559291,60.0,69.70737075805664,9.09237421877085,1.7003166310280866,4.6724404262644255,4.939331412383315,0.0,0.0,0.24308901759295817,0.02438208594336791,0.0,0.0,-0.38226150848755935,1.4334256449091969,56.47494081230082,60.711544036865234,2,0.0,0.0,0,0.0,280.3464,-0.0,1.4334,1.4334,0.0,0.0,6.342265381870295,2.351880822011271,4.364986401331102,-0.40221261978149414,-27.83607790078713,0.31755868941600585,0.0846884474617649,0.0,0.0,-0.07834986308413625,3.92694718276897,193.31163420660488,60.0,5,0.0,0.0,0,0.0,141.1128,27.8361,3.9269,3.9269,0.0,0.0,0.0,2.7044999599456787,3.229377437974461,0.0,0.0,0.43618151750521184,0.03618151750521181,1.2788358439241407,127.88358439241408,-0.6850213748890461,0.0,119.66113111005326,68.36398315429688,1,0.0,0.0,0,0.0,162.27,-0.0,-0.5249,0.0,0.0,0.0,2.43180186525657,4.6724404262644255,2.7523098216654773,0.0,0.0,0.4977522738038059,0.03699340176675514,0.0,0.0,-0.34533377264039783,4.351932469855518,322.3932357780207,97.12471771240234,2,0.0,0.0,0,0.35437892433144835,280.3464,-0.0,4.3519,4.3519,0.0,0.0,1.8617549863512957,1.5010000467300415,1.0101231997020532,0.0,0.0,0.8324883419009508,0.03820683800597369,0.0,0.0,0.24737372831515325,2.352631833379284,0.0,109.26010131835938,1,0.0,0.0,0,1.0284926775329433,90.06,-0.0,2.3526,2.3526,0.0,0.0,5.137350161522436,1.875,1.3946068856161105,0.0,0.0,0.7482481520145624,0.0232095461199201,0.0,0.0,-0.24772564655571444,5.617743275906325,376.44190970774576,102.09492492675781,4,0.0,0.0,0,11.12705066885112,112.5,-0.0,5.6177,5.6177,0.0,0.0,3.90428413131332,0.9125000238418579,0.6459637485368084,0.40221261978149414,28.238290520568626,0.9088317311002695,0.0,0.0,0.0,0.12886590975960321,4.573033026399863,0.0,109.26010131835938,2,0.0,0.0,0,29.432638215642356,54.75,-28.2383,4.573,4.573,0.0,0.0,0.02510098825090623,0.0,0.26140573044683313,0.0,0.0,0.9942889292257382,0.05443766340613365,0.2363047421959269,23.63047421959269,-0.6448853168207183,0.0,29.881373333735386,60.0,2,0.0,0.0,0,0.0,0.0,-0.0,-0.2363,0.0,0.0,0.0
36,3,20.5969860855,17.5596148615274,22.255713433219157,70.52452087402344,83.05991790604318,12.12974544274345,1.4334256449091969,2.7105000019073486,4.279331412383315,0.0,0.0,0.24308901759295817,0.0,0.13540576556676953,13.540576556676953,-0.40199261811229264,0.0,0.0,103.125,1,0.0,0.0,0,0.0,191.1567,-0.0,-0.1354,0.0,0.6599999999999999,42.89999999999999,3.92694718276897,3.5169999599456787,3.4472620384025383,0.0,0.0,0.3494158418175587,0.031857152401552846,0.0,0.0,-0.15199151583119844,3.9966851043121103,0.0,100.58999633789062,1,0.0,0.0,0,0.01747937014349696,248.0347,-0.0,3.9967,3.9967,0.6599999999999999,42.89999999999999,0.0,2.868499994277954,2.8537764457416603,0.0,0.0,0.43618151750521184,0.0,1.2641122953878465,126.41122953878465,-1.1008659379379213,0.0,417.6144612073936,79.58129119873047,2,0.0,0.0,0,0.0,202.2996,-0.0,0.0147,0.0,0.3756009922328009,24.41406449513206,4.351932469855518,1.0449999570846558,2.318407653982953,1.0943588018417358,89.99285173473163,0.5569117016850469,0.05915942788124101,0.0,0.0,-0.5246470649542699,4.1728835747989566,729.7838743100916,102.6085205078125,2,0.0,0.0,0,0.6633432254122009,73.6981,-89.9929,4.1729,4.1729,0.0,0.0,2.352631833379284,1.3845000267028809,1.0101231997020532,-2.218956708908081,-183.19688372451492,0.8324883419009508,0.0,0.0,0.0,0.34384816881180824,0.5080519514720305,64.61684404271885,70.52452087402344,2,0.0,0.0,0,0.0,97.6412,183.1969,0.5081,0.5081,0.0,0.0,5.617743275906325,0.6644999980926514,0.8458182270694999,0.0,0.0,0.8670818676218776,0.11883371560731515,0.0,0.0,0.34365147224719855,5.436425046929477,0.0,103.125,1,0.0,0.0,0,29.022157088844324,46.8635,-0.0,5.4364,5.4364,0.0,0.0,4.573033026399863,0.6244999766349792,0.5608655062986446,1.1245979070663452,95.42298869869137,0.9265975436760866,0.017765812575817108,0.0,0.0,-0.18562620529063872,5.761265403802543,246.42689147436317,81.01725769042969,2,0.0,0.0,0,73.41313323783535,44.0426,-95.423,5.7613,5.7613,0.0,0.0,0.0,0.32850000262260437,0.23616279762459613,0.0,0.0,1.0,0.005711070774261806,0.048821889443281696,4.88218894432817,0.17986220625937144,0.0,0.0,103.0982437133789,0,0.0,0.0,0,0.0,23.1673,-0.0,0.0923,0.0,0.0,0.0
37,0,23.5,19.817085532943707,24.945476946067892,60.0,57.52099084802936,3.682914467056294,3.4199891348057636,3.619499921798706,5.1382149489070335,-0.834462583065033,-46.59431053001583,0.21816448470273114,0.018164484702731132,0.0,0.0,-0.2540111465515704,1.0668115246324037,0.0,87.67692565917969,5,0.0,0.0,0,0.0,217.17,46.5943,1.0668,1.0668,0.0,0.0,7.285045141521111,4.954271383235927,5.17285787052905,0.0,0.0,0.21336738312372688,0.013367383123726873,0.0,0.0,-0.4136974203768788,7.066458654227986,10.39905378640311,69.588134765625,5,0.0,0.0,0,0.20969846293317282,297.2563,-0.0,7.0665,7.0665,0.0,0.0,4.224956726733085,3.4735000133514404,3.5169999999999995,-3.0,-170.9640686612147,0.4,0.0,0.0,0.0,-0.5851281649092832,1.181456740084526,601.3707952982388,67.04865264892578,6,0.0,0.0,0,0.0,208.41,170.9641,1.1815,1.1815,0.0,0.0,5.066892338156271,1.4105000495910645,3.218170553552829,-0.705021858215332,-41.28752158978887,0.4376102012673839,0.0376102012673839,0.0,0.0,-0.32846232257490277,2.5541999759791745,481.5716410181575,111.06745147705078,5,0.0,0.0,0,0.0,84.63,41.2875,2.5542,2.5542,0.0,0.0,1.7761300227104937,1.9170000553131104,1.6369403411421306,0.0,0.0,0.7163856191418875,0.01638561914188741,0.0,0.0,-0.10343378461893087,2.0561897368814734,203.45162065865594,90.36616516113281,4,0.0,0.0,0,0.027170763365468285,115.02,-0.0,2.0562,2.0562,0.0,0.0,1.1282447905592867,2.5934998989105225,1.5260034609579134,0.8954460024833679,50.752206511765166,0.731101499226586,0.031101499226585894,0.0,0.0,-0.17573881049670825,3.091187230995264,221.6503076099784,76.28874969482422,6,0.0,0.0,0,0.8129242259969957,155.61,-50.7522,3.0912,3.0912,0.0,0.0,0.703626719359107,0.6880000233650208,0.6209797504473097,3.0,174.05744952219902,0.9137870498497247,0.013787049849724786,0.0,0.0,-0.5503522334300014,3.770646992276818,524.9437253431155,60.0,4,0.0,0.0,0,17.989352446650667,41.28,-174.0574,3.7706,3.7706,0.0,0.0,1.3405920722227733,0.9934999942779541,0.685,0.6440384387969971,38.57572918833557,0.8999999999999999,0.0,0.0,0.0,0.1489764270653608,2.2931305052977247,0.0,111.06745147705078,3,0.0,0.0,0,2.89226027699036,59.61,-38.5757,2.2931,2.2931,0.0,0.0
37,1,22.4895,19.254280473509912,23.08008136037537,60.0,71.50030504918722,7.085448186646344,1.0668115246324037,4.813570118377478,4.852350901307248,-0.6147747039794922,-46.92211690721888,0.25349996648268014,0.035335481779948996,0.0,0.0,-0.6967737092062984,0.41325603772314157,468.44971964629207,85.25901794433594,3,0.0,0.0,0,0.0,288.8142,46.9221,0.4133,0.4133,0.0,0.0,7.066458654227986,1.0996401139693894,5.0276159490631915,-2.531970977783203,-169.48330507281935,0.23218110352085886,0.018813720397131972,0.0,0.0,0.03677307296987451,0.6065118413509811,0.0,60.0,4,0.0,0.0,0,0.0,65.9784,169.4833,0.6065,0.6065,0.0,0.0,1.181456740084526,4.813570118377478,3.3613111726872327,1.2298498153686523,92.4445149330204,0.4201669465431045,0.02016694654310447,0.0,0.0,-0.30726866084883175,3.8635655011434236,51.95017628786636,67.0355224609375,5,0.0,0.0,0,0.014504947000752713,288.8142,-92.4445,3.8636,3.8636,0.0,0.0,2.5541999759791745,3.130500078201294,3.0061619426294497,-2.5282299518585205,-186.59435405913086,0.4638164572529685,0.02620625598558457,0.0,0.0,0.17749093263736734,0.15030815969249822,23.594826530572128,112.21743774414062,4,0.0,0.0,0,0.0,187.83,186.5944,0.1503,0.1503,0.0,0.0,2.0561897368814734,2.6635000705718994,1.6369403411421306,-0.012147724628448486,-0.7877172489151008,0.7163856191418875,0.0,0.0,0.0,0.03086877644588111,3.0706017416827933,0.0,112.21743774414062,4,0.0,0.0,0,0.5875396879600209,159.81,0.7877,3.0706,3.0706,0.0,0.0,3.091187230995264,1.8739999532699585,1.40828142930612,0.0,0.0,0.7463504670571293,0.015248967830543303,0.0,0.0,-0.28366906602861436,3.556905754959102,422.1231763131565,60.0,6,0.0,0.0,0,2.0245898092009167,112.44,-0.0,3.5569,3.5569,0.0,0.0,3.770646992276818,0.47850000858306885,0.5853473610872109,2.580216884613037,175.5442989061645,0.9212259620334615,0.007438912183736823,0.0,0.0,-0.02487924752869636,6.244016524385714,0.0,94.79215240478516,3,0.0,0.0,0,85.04235257267375,28.71,-175.5443,6.244,6.244,0.0,0.0,2.2931305052977247,0.38100001215934753,0.6375548131429696,1.8770566582679749,141.48580280714896,0.9099257713090021,0.009925771309002185,0.0,0.0,0.07078724540134203,3.913632362582078,0.0,112.21743774414062,2,0.0,0.0,0,19.08003403949335,22.86,-141.4858,3.9136,3.9136,0.0,0.0
37,2,21.5224515,18.589939998355263,21.818797923519732,60.0,60.3202483177454,10.017959688291079,0.41325603772314157,4.647484999588816,4.041979698246829,0.0,0.0,0.3575469808447091,0.10404701436202896,0.0,0.0,-0.17310933036002324,1.0187613390651284,219.39555690496832,71.26155853271484,2,0.0,0.0,0,0.0,278.8491,-0.0,1.0188,1.0188,0.0,0.0,0.6065118413509811,4.647484999588816,4.88929460747021,-0.12023749947547913,-7.599125184668992,0.24927892077586278,0.017097817255003922,0.0,0.0,-0.4207286743050465,0.24446473399410795,90.29116523327073,60.0,4,0.0,0.0,0,0.0,278.8491,7.5991,0.2445,0.2445,0.0,0.0,3.8635655011434236,1.4815000295639038,3.3613111726872327,0.0,0.0,0.4201669465431045,0.0,0.0,0.0,-0.2961863722612005,1.9837543580200943,274.18865218645374,60.0,5,0.0,0.0,0,0.0,88.89,-0.0,1.9838,1.9838,0.0,0.0,0.15030815969249822,1.1345000267028809,2.8270745313728365,0.0,0.0,0.48595334368765497,0.022136886434686476,1.5422663449774574,154.22663449774575,-0.8286567402974375,0.0,119.95922276988688,85.2044448852539,4,0.0,0.0,0,0.0,68.07,-0.0,-1.5423,0.0,0.0,0.0,3.0706017416827933,1.5364999771118164,1.382785549065056,0.0,0.0,0.7493072243332184,0.032921605191330916,0.0,0.0,0.057320972870299934,3.224316169729554,111.68264262872756,105.24531555175781,3,0.0,0.0,0,1.415093439422946,92.19,-0.0,3.2243,3.2243,0.0,0.0,3.556905754959102,0.7264999747276306,0.8328781210997744,0.0,0.0,0.8717885862380255,0.1254381191808962,0.0,0.0,0.36415691063500266,3.450527608586958,0.0,105.24531555175781,2,0.0,0.0,0,7.292501969470569,43.59,-0.0,3.4505,3.4505,0.0,0.0,6.244016524385714,0.1720000058412552,0.4945834255046581,-2.258302927017212,-134.68575376191984,0.9417607890883377,0.020534827054876192,0.0,0.0,0.06556877391915544,3.663130177705099,307.98515834566945,105.24531555175781,3,0.0,0.0,0,25.689814360170484,10.32,134.6858,3.6631,3.6631,0.0,0.0,3.913632362582078,0.6539999842643738,0.6375548131429696,2.378540426492691,144.66341937308152,0.9099257713090021,0.0,0.0,0.0,-0.08957125975308693,6.308617960196173,68.7923480747196,64.1953353881836,3,0.0,0.0,0,75.22373949702606,39.24,-144.6634,6.3086,6.3086,0.0,0.0
37,3,20.5969860855,18.12652872214869,19.893572347297113,60.0,62.01405839149878,16.078387052608157,1.0187613390651284,4.531632180537173,3.669441642584584,0.0,0.0,0.40543817391263715,0.04789119306792805,0.0,0.0,-0.040674494836570665,1.8809518770177172,0.0,100.01136779785156,0,0.0,0.0,0,0.0,271.8979,-0.0,1.881,1.881,0.0,0.0,0.24446473399410795,3.7130000591278076,4.6912683610842185,1.426672101020813,93.05604891385542,0.2737568251499036,0.02447790437404085,0.0,0.0,-0.7042929265873059,0.69286853305851,371.62802263038037,72.796630859375,4,0.0,0.0,0,0.0,222.78,-93.056,0.6929,0.6929,0.0,0.0,1.9837543580200943,4.531632180537173,2.9974859557162667,-3.0,-185.272626718398,0.4651673322788443,0.045000385735739834,0.0,0.0,-0.35353185686882466,0.5179005828410008,477.33298845956904,95.06723022460938,3,0.0,0.0,0,0.0,271.8979,185.2726,0.5179,0.5179,0.0,0.0,0.0,4.531632180537173,2.0388675861279326,0.0,0.0,0.6080920268130316,0.12213868312537668,0.0,0.0,0.17601006727191829,0.9504982494317828,0.0,112.03913879394531,2,0.0,0.0,0,0.0,271.8979,-0.0,2.4928,0.9505,0.0,0.0,3.224316169729554,0.0,1.299018913119687,-0.1467512845993042,-8.98030346380915,0.7663177621714208,0.01701053783820239,0.0,0.0,0.13714397384319815,1.7785459720105627,119.05730627470798,60.0,2,0.0,0.0,0,0.05377489730693448,0.0,8.9803,1.7785,1.7785,0.0,0.0,3.450527608586958,0.0,0.5025648420696549,2.101367473602295,127.49602306165207,0.940747517142017,0.06895893090399152,0.0,0.0,0.018265507608058125,5.049330240119598,172.18371928695777,60.0,1,0.0,0.0,0,61.86403101488472,0.0,-127.496,5.0493,5.0493,0.0,0.0,3.663130177705099,0.2549999952316284,0.23612692692255588,-0.3812882900238037,-22.771102218677242,1.0,0.05823921091166229,0.0,0.0,0.2609649726621981,3.300714955990368,0.0,68.19630432128906,1,0.0,0.0,0,71.64435609697416,15.3,22.7711,3.3007,3.3007,0.0,0.0,6.308617960196173,0.5636321261777368,0.5295904377796908,0.0,0.0,0.9324939483136285,0.022568177004626433,0.0,0.0,0.1075325622472321,6.3426596485942195,0.0,60.0,0,0.0,0.0,0,105.69964683870147,33.8179,-0.0,6.3427,6.3427,0.0,0.0
38,0,23.5,18.018954771800452,32.43768845083146,61.581485748291016,61.581485748291016,5.48104522819955,6.654304987526898,2.865000009536743,5.281,0.0,0.0,0.2,0.0,0.0,0.0,-0.6716746508528899,4.238304997063643,330.61770293860667,92.88475799560547,4,0.0,0.0,0,0.0,176.431,-0.0,4.2383,4.2383,0.0,0.0,9.89091682053112,4.504738692950113,5.281,0.0,0.0,0.2,0.0,0.0,0.0,-0.5845235813735467,9.114655513481232,141.3035156425446,79.48103332519531,4,0.0,0.0,0,1.1855734531770223,277.4085,-0.0,9.1147,9.1147,0.0,0.0,6.1692848732190795,2.67847729625484,3.3554022817651106,0.0,0.0,0.41997499607353395,0.019974996073533924,0.0,0.0,-0.2910298905402355,5.49235988770881,260.07546118331743,61.581485748291016,4,0.0,0.0,0,0.543053825356176,164.9446,-0.0,5.4924,5.4924,0.0,0.0,4.586941968946425,4.504738692950113,3.3355538783899705,0.0,0.0,0.42350338362824225,0.023503383628242225,0.0,0.0,-0.24939082742659133,5.756126783506567,119.6282518347893,108.49431610107422,6,0.0,0.0,0,0.7481927289766679,277.4085,-0.0,5.7561,5.7561,0.0,0.0,0.9770219738086486,0.0,1.4602463465369757,0.0,0.0,0.7382266567939461,0.03822665679394599,0.4832243727283271,48.32243727283271,-0.47433273242998714,0.0,320.63921345177783,60.0,4,0.0,0.0,0,0.0,0.0,-0.0,-0.4832,0.0,0.0,0.0,2.7390607686226436,2.745500087738037,1.608067129405814,0.0,0.0,0.7209109936002831,0.020910993600283034,0.0,0.0,-0.29692228773521223,3.876493726954866,357.0515801647369,75.02376556396484,4,0.0,0.0,0,1.9003148818606357,169.072,-0.0,3.8765,3.8765,0.0,0.0,0.40696436178329803,0.0,0.5746321513274112,0.0,0.0,0.9230413045245488,0.02304130452454889,0.16766778954411315,16.766778954411315,-0.3692868201125477,0.0,327.1403608937613,60.0,3,0.0,0.0,0,0.0,0.0,-0.0,-0.1677,0.0,0.0,0.0,1.013192696393352,0.7204999923706055,0.685,0.0,0.0,0.8999999999999999,0.0,0.0,0.0,0.2094220031597277,1.0486926887639574,0.0,81.38702392578125,3,0.0,0.0,0,0.07035104836425259,44.3695,-0.0,1.0487,1.0487,0.0,0.0
38,1,22.4895,17.70710793660502,29.526633597479076,66.22305297851562,78.17686960116771,10.263437291594528,4.238304997063643,4.426776984151255,4.04082904119615,0.0,0.0,0.27479671567378444,0.07479671567378443,0.0,0.0,-0.17037138792706316,4.624252940018747,0.0,103.71805572509766,1,0.0,0.0,0,0.01600386307953422,293.1547,-0.0,4.6243,4.6243,0.6599999999999999,42.89999999999999,9.114655513481232,3.443554001681111,4.28204218506645,0.0,0.0,0.24390645271159966,0.04390645271159965,0.0,0.0,-0.23927394065031982,8.276167330095893,0.0,66.22305297851562,2,0.0,0.0,0,1.7990687610958098,228.0427,-0.0,8.2762,8.2762,0.6599999999999999,42.89999999999999,5.49235988770881,4.426776984151255,2.859218508757375,0.0,0.0,0.43515627662792244,0.015181280554388499,0.0,0.0,-0.2673432685103463,7.05991836310269,88.7547132060121,103.71805572509766,4,0.0,0.0,0,3.740271377853557,293.1547,-0.0,7.0599,7.0599,0.3789842871278559,24.633978663310636,5.756126783506567,0.0,2.6878828957144982,-1.6075572967529297,-129.82814589382906,0.4716075751297627,0.048104191501520455,0.0,0.0,0.04283189488085816,1.4606865910391393,331.0797288468019,60.0,4,0.0,0.0,0,0.0,0.0,129.8281,1.4607,1.4607,0.2586950020717832,16.815175134665907,0.0,2.680500030517578,1.3390331279385677,3.0,236.03060880350313,0.7568604092868038,0.018633752492857703,0.0,0.0,-0.7547836978520571,3.8582425298506835,586.7900958738406,79.23284912109375,4,0.0,0.0,0,3.2504515198527972,177.5109,-236.0306,4.3415,3.8582,0.0,0.0,3.876493726954866,1.6664999723434448,1.150598952742255,0.0,0.0,0.8019632372963881,0.08105224369610498,0.0,0.0,0.2472799123584643,4.3923947465560556,0.0,103.71805572509766,1,0.0,0.0,0,7.665635748035386,110.3607,-0.0,4.3924,4.3924,0.0,0.0,0.0,0.0,0.5746321513274112,0.0,0.0,0.9230413045245488,0.0,0.7422999408715243,74.22999408715243,-0.8756370685316668,0.0,0.0,60.0,3,0.0,0.0,0,0.0,0.0,-0.0,-0.5746,0.0,0.0,0.0,1.0486926887639574,1.062999963760376,0.685,-1.3924427032470703,-103.20246290967407,0.8999999999999999,0.0,0.0,0.0,0.1068738768821756,0.03424994927726299,176.54121329398495,94.59984588623047,4,0.0,0.0,0,0.0,70.3951,103.2025,0.0342,0.0342,0.0,0.0
38,2,21.5224515,16.697032512014285,29.70591244994047,64.91126251220703,60.51497598769084,15.088856279580241,4.624252940018747,4.174258128003571,4.625655514326227,-0.10527724027633667,-6.467195238870431,0.2840888697986204,0.009292154124835972,0.0,0.0,-0.283574808259567,4.067578313419754,0.0,105.45864868164062,0,0.0,0.0,0,0.0,270.9564,6.4672,4.0676,4.0676,0.0,0.0,8.276167330095893,4.174258128003571,4.8207525164088665,-0.6228476762771606,-37.231204144127105,0.2596175496879706,0.01571109697637091,0.0,0.0,-0.6256825552141121,7.006825265413436,354.6617850541528,98.77436828613281,2,0.0,0.0,0,0.3337792047565459,270.9564,37.2312,7.0068,7.0068,0.0,0.0,7.05991836310269,3.047499895095825,3.051906142602182,0.09672117233276367,6.0811586759837155,0.45928796746769573,0.02413169083977329,0.0,0.0,-0.25517867994291155,7.152233287929096,237.90059751510924,70.21442413330078,4,0.0,0.0,0,3.1927103141239797,197.8171,-6.0812,7.1522,7.1522,0.0,0.0,1.4606865910391393,3.622499942779541,2.7469959294110633,0.13071531057357788,7.888332960065668,0.49627778135661293,0.024670206226850233,0.0,0.0,-0.3840006508510545,2.466905914981195,379.11270659111256,91.89161682128906,4,0.0,0.0,0,0.0,235.141,-7.8883,2.4669,2.4669,0.0,0.0,3.8582425298506835,0.0,1.2753712825901564,0.0,0.0,0.7701509824284345,0.013290573141630735,0.0,0.0,-0.27741941210800003,2.582871247260527,548.8318127944675,60.0,4,0.0,0.0,0,0.6786084578084652,0.0,-0.0,2.5829,2.5829,0.0,0.0,4.3923947465560556,1.6785164181317764,1.150598952742255,0.0,0.0,0.8019632372963881,0.0,0.0,0.0,0.17226732711637033,4.920312211945577,0.0,64.91126251220703,1,0.0,0.0,0,11.177761415961204,108.9546,-0.0,4.9203,4.9203,0.0,0.0,0.0,0.0,0.45099046665902526,0.5006884336471558,30.45703266350165,0.95,0.026958695475451155,0.28780629252146883,28.780629252146884,-0.4211196098831334,0.0,263.9687618998294,60.0,2,0.0,0.0,0,0.0,0.0,-30.457,0.0497,0.0,0.0,0.0,0.03424994927726299,0.0,0.5097894865942698,0.0,0.0,0.9391692260844577,0.03916922608445783,0.4755395373170068,47.55395373170068,-0.7378868701075114,0.0,0.0,60.0,2,0.0,0.0,0,0.0,0.0,-0.0,-0.4755,0.0,0.0,0.0
38,3,20.5969860855,16.1337717876721,28.196726240949587,86.94730377197266,96.58564819687653,19.55207057740814,4.067578313419754,4.033442946918025,3.965655514326227,0.0,0.0,0.2840888697986204,0.0,0.0,0.0,-0.4087783313673434,4.135365746011552,0.0,113.22509765625,0,0.0,0.0,0,0.000751220778608075,350.697,-0.0,4.1354,4.1354,0.6599999999999999,42.89999999999999,7.006825265413436,4.033442946918025,4.160752516408866,-1.166273832321167,-115.06219692308878,0.2596175496879706,0.0,0.0,0.0,-0.3316879532620055,5.713241863601429,0.0,90.96070861816406,2,0.0,0.0,0,0.17692277788262034,350.697,115.0622,5.7132,5.7132,0.6599999999999999,42.89999999999999,7.152233287929096,2.075000047683716,2.4381501979287017,0.5283644199371338,51.599365743380986,0.5249260128365634,0.06563804536886764,0.0,0.0,-0.554864786907662,7.317447557621245,704.2889756471533,108.0279312133789,2,0.0,0.0,0,6.906730905929163,180.4157,-51.5994,7.3174,7.3174,0.08274415763934105,5.378370246557168,2.466905914981195,2.530885850682285,2.51019162630024,-2.362090587615967,-223.96298544136698,0.5087298695548652,0.012452088198252276,0.0,0.0,-0.011310020344309116,0.12550955174727374,265.1672854608926,86.94730377197266,3,0.0,0.0,0,0.0,220.0537,223.963,0.1255,0.1255,0.13619143046894489,8.852442980481417,2.582871247260527,1.555999994277954,1.2298593323034228,0.0,0.0,0.7796524334277526,0.009501450999318095,0.0,0.0,0.17129204749935523,2.909011909235059,0.0,106.78408813476562,3,0.0,0.0,0,1.3394060109754833,135.29,-0.0,2.909,2.909,0.0,0.0,4.920312211945577,1.7170000076293945,1.0561440822658483,3.0,290.9541810410119,0.8216824169365565,0.01971917964016845,0.0,0.0,-0.15580871016934206,8.581168137309122,0.0,111.87092590332031,0,0.0,0.0,0,71.55747059966168,149.2885,-290.9542,8.5812,8.5812,0.0,0.0,0.0,0.0,0.22231471338089046,0.0,0.0,1.0,0.050000000000000044,0.46584956537676414,46.58495653767641,-0.706163270316956,0.0,0.0,66.65373992919922,0,0.0,0.0,0,0.0,0.0,-0.0,-0.2223,0.0,0.0,0.0,0.0,0.18799999356269836,0.2974588747141774,0.0,0.0,0.9835407555103302,0.044371529425872414,0.40521540335339634,40.52154033533964,-0.42409297762507386,0.0,0.0,113.22509765625,0,0.0,0.0,0,0.0,16.3461,-0.0,-0.1095,0.0,0.0,0.0
39,0,23.5,19.331767817553775,26.967634093525927,60.0,67.78408150592537,4.168232182446223,7.653880732116824,4.832941954388444,4.971616413278683,0.0,0.0,0.23898131040294054,0.03898131040294053,0.0,0.0,-0.2805473305673838,7.515206273226584,0.0,116.74663543701172,1,0.0,0.0,0,0.4654159869432032,289.9765,-0.0,7.5152,7.5152,0.0,0.0,6.2052680908061815,4.832941954388444,5.079770172759249,3.0,205.39442920104466,0.2260660397980248,0.026066039798024798,0.0,0.0,-0.5443374284409151,8.958439872435376,0.0,123.1083755493164,2,0.0,0.0,0,1.2939303584407729,289.9765,-205.3944,8.9584,8.9584,0.0,0.0,2.9457846696480625,3.4140000343322754,3.3434344141769157,-1.3956468105316162,-91.8650503511617,0.4224825888371871,0.022482588837187067,0.0,0.0,0.027121792694421103,1.6207034792718065,0.0,123.1083755493164,4,0.0,0.0,0,0.0,204.84,91.8651,1.6207,1.6207,0.0,0.0,2.7815895921056613,2.180000066757202,3.1542881956517275,0.0,0.0,0.44594270022883586,0.04594270022883584,0.0,0.0,0.0681014138598062,1.8073014632111355,27.17043939414367,72.1861343383789,2,0.0,0.0,0,0.0,130.8,-0.0,1.8073,1.8073,0.0,0.0,3.371786751098181,0.703499972820282,1.7695000000000003,0.0,0.0,0.7000000000000001,0.0,0.0,0.0,-0.11547618059126474,2.305786723918463,243.885857730216,87.51380157470703,2,0.0,0.0,0,0.04473905109803215,42.21,-0.0,2.3058,2.3058,0.0,0.0,1.805807288573642,1.9559999704360962,1.7209070518160074,0.06816381216049194,4.112318622053067,0.7060139787356426,0.006013978735642578,0.0,0.0,-0.6541062249038634,2.1090640193542227,716.8607112613339,100.60535430908203,3,0.0,0.0,0,0.020789897528675088,117.36,-4.1123,2.1091,2.1091,0.0,0.0,1.037890166517275,0.5584999918937683,0.685,-0.8771401643753052,-60.19456355618104,0.8999999999999999,0.0,0.0,0.0,0.27610507616279684,0.03424999403573814,0.0,60.0,2,0.0,0.0,0,0.0,33.51,60.1946,0.0342,0.0342,0.0,0.0,1.1656268026601013,0.3490000069141388,0.685,-0.7953768372535706,-54.3789701035945,0.8999999999999999,0.0,0.0,0.0,0.03337101981927727,0.03424997232066951,249.4884619897108,116.85740661621094,3,0.0,0.0,0,0.0,20.94,54.379,0.0342,0.0342,0.0,0.0
39,1,22.4895,18.94109956853424,24.385001797773995,60.0,63.0572739153929,8.221516479535106,7.515206273226584,4.73527489213356,4.971616413278683,0.0,0.0,0.23898131040294054,0.0,0.0,0.0,-0.9514600046447955,7.278864752081461,555.1156494867789,109.92901611328125,2,0.0,0.0,0,0.3647198827471553,284.1165,-0.0,7.2789,7.2789,0.0,0.0,8.958439872435376,2.3304998874664307,5.005124511057358,-1.8309361934661865,-114.8794004834781,0.23573516696148225,0.009669127163457442,0.0,0.0,-0.26960361454571996,4.452879055378262,157.84825889480086,60.0,2,0.0,0.0,0,0.0,139.83,114.8794,4.4529,4.4529,0.0,0.0,1.6207034792718065,3.5179998874664307,3.2554394771555484,0.0,0.0,0.43388089674150937,0.01139830790432228,0.0,0.0,-0.510419555258436,1.8832638895826892,428.01347920322206,109.92901611328125,4,0.0,0.0,0,0.0,211.08,-0.0,1.8833,1.8833,0.0,0.0,1.8073014632111355,2.694999933242798,3.1542881956517275,0.5736455917358398,35.926893364199714,0.44594270022883586,0.0,0.0,0.0,-0.09141802232456764,1.9216587925380462,14.947715109608984,60.0,3,0.0,0.0,0,0.0,161.7,-35.9269,1.9217,1.9217,0.0,0.0,2.305786723918463,0.703499972820282,1.7695000000000003,-0.7076029777526855,-43.92468979541536,0.7000000000000001,0.0,0.0,0.0,0.16928338460183096,0.532183718986059,0.0,74.14175415039062,2,0.0,0.0,0,0.0,42.21,43.9247,0.5322,0.5322,0.0,0.0,2.1090640193542227,2.4725000858306885,1.491657642210525,0.0,0.0,0.7353711822178933,0.029357203482250682,0.0,0.0,-0.1041786881827963,3.089906462974387,206.68018267872313,70.69437408447266,2,0.0,0.0,0,0.8862928582911083,148.35,-0.0,3.0899,3.0899,0.0,0.0,0.03424999403573814,1.0204999446868896,0.6600001674791135,1.9648935794830322,125.41573608591261,0.9056560707060828,0.005656070706082872,0.0,0.0,-0.14597348967537982,2.3596433507265466,209.8690532369917,109.92901611328125,2,0.0,0.0,0,3.5119500282346507,61.23,-125.4157,2.3596,2.3596,0.0,0.0,0.03424997232066951,0.5419999957084656,0.5859362769106922,0.0,0.0,0.9206813618140517,0.02068136181405178,0.009686308881557082,0.9686308881557082,-0.14540711654874863,0.0,367.2448399169279,90.58940887451172,2,0.0,0.0,0,0.0,32.52,-0.0,-0.0097,0.0,0.0,0.0
39,2,21.5224515,18.66203549465581,21.51840002226745,60.0,52.69478858914334,12.00575745405799,7.278864752081461,2.7249999046325684,4.124563907771712,0.0,0.0,0.3487031375411491,0.10972182713820858,0.0,0.0,0.1248353821746652,5.879300748942317,46.87129437757516,60.0,1,0.0,0.0,0,0.24346298050298965,163.5,-0.0,5.8793,5.8793,0.0,0.0,4.452879055378262,4.665508873663953,4.882037814162201,-0.2712027430534363,-14.28392519845238,0.25167903961629523,0.01594387265481298,0.0,0.0,-1.1528517590635157,3.9651473718265766,833.6023334154622,107.64161682128906,1,0.0,0.0,0,0.0,279.9305,14.2839,3.9651,3.9651,0.0,0.0,1.8832638895826892,1.6770000457763672,2.983265464612628,-0.04093151539564133,-2.1047831533729067,0.4681632928197642,0.03428239607825484,0.0,0.0,-0.18436231902921393,0.5360669553507869,298.50549711311385,85.25861358642578,3,0.0,0.0,0,0.0,100.62,2.1048,0.5361,0.5361,0.0,0.0,1.9216587925380462,1.8869999647140503,3.089071973091893,0.0,0.0,0.45439039745161236,0.008447697222776496,0.0,0.0,-0.09500816174083151,0.7195867841602035,124.71282471109987,60.0,3,0.0,0.0,0,0.0,113.22,-0.0,0.7196,0.7196,0.0,0.0,0.532183718986059,2.2060000896453857,1.6969567401778425,-0.956379234790802,-49.82108525030594,0.7089670284081778,0.008967028408177757,0.0,0.0,0.00016395482392298454,0.08484783366280024,99.2239562077712,72.78308868408203,2,0.0,0.0,0,0.0,132.36,49.8211,0.0848,0.0848,0.0,0.0,3.089906462974387,1.1330000162124634,1.491657642210525,1.2685134932398796,67.47830709537111,0.7353711822178933,0.0,0.0,0.0,0.0726109650186106,3.999762330216205,0.0,90.63877868652344,2,0.0,0.0,0,2.7342008751006035,67.98,-67.4783,3.9998,3.9998,0.0,0.0,2.3596433507265466,0.6269999742507935,0.4839849471201456,0.0,0.0,0.9454785187510981,0.039822448045015335,0.0,0.0,0.1365572626135576,2.5026583778571947,107.35453800046908,96.8739242553711,2,0.0,0.0,0,8.59780102337931,37.62,-0.0,2.5027,2.5027,0.0,0.0,0.0,0.17649999260902405,0.4988124714896756,0.0,0.0,0.9403926300088519,0.01971126819480018,0.3319987877622086,33.19987877622086,-0.4976227215201403,0.0,48.33314625114048,107.64161682128906,2,0.0,0.0,0,0.0,10.59,-0.0,-0.3223,0.0,0.0,0.0
39,3,20.5969860855,18.65601718901614,17.687370402016082,60.0,55.39645513638953,17.511752983693057,5.879300748942317,4.175000190734863,4.124563907771712,0.0,0.0,0.3487031375411491,0.0,0.0,0.0,-0.6626646956041065,5.929737031905468,456.87957538301384,66.69391632080078,1,0.0,0.0,0,0.2613365154825853,250.5,-0.0,5.9297,5.9297,0.0,0.0,3.9651473718265766,4.135000228881836,4.882037814162201,0.0,0.0,0.25167903961629523,0.0,0.0,0.0,-0.38668065643960337,3.2181097865462114,32.625308852138986,74.29851531982422,2,0.0,0.0,0,0.0,248.1,-0.0,3.2181,3.2181,0.0,0.0,0.5360669553507869,0.8390165614984397,2.8110160172493006,0.0,0.0,0.4894549426792609,0.021291649859496664,1.435932500400074,143.5932500400074,-1.290610059493333,0.0,653.5569538970145,60.0,2,0.0,0.0,0,0.0,50.341,-0.0,-1.4359,0.0,0.0,0.0,0.7195867841602035,4.554500102996826,2.911442605457238,-1.7320844233036041,-95.08529483632543,0.47739938289651573,0.023008985444903374,0.0,0.0,-0.07624586565042402,0.6305598583961869,101.9469861744261,66.49940490722656,3,0.0,0.0,0,0.0,273.27,95.0853,0.6306,0.6306,0.0,0.0,0.08484783366280024,1.565500020980835,1.317067755643164,0.8183012008666992,43.303820670527784,0.7600067315985043,0.05103970319032647,0.0,0.0,-0.10421239496172972,1.1515812998671702,255.53397953153927,103.125,2,0.0,0.0,0,0.0,93.93,-43.3038,1.1516,1.1516,0.0,0.0,3.999762330216205,2.1075000762939453,1.491657642210525,0.5183078646659851,32.912549406290054,0.7353711822178933,0.0,0.0,0.0,0.039864423776078114,5.133912628965611,0.0,103.125,2,0.0,0.0,0,6.948517163080208,126.45,-32.9125,5.1339,5.1339,0.0,0.0,2.5026583778571947,0.6340000033378601,0.4424229068619556,0.3954753577709198,20.601009182811197,0.9541553538780689,0.008676835126970817,0.0,0.0,-0.002605355264023797,3.0897108321040188,211.50848013049668,81.48633575439453,2,0.0,0.0,0,19.37387725521048,38.04,-20.601,3.0897,3.0897,0.0,0.0,0.0,0.6455000042915344,0.4988124714896756,0.0,0.0,0.9403926300088519,0.0,0.1424177930083692,14.241779300836921,-0.46121290629805534,0.0,484.0027974607343,94.3339614868164,3,0.0,0.0,0,0.0,38.73,-0.0,0.1467,0.0,0.0,0.0
40,0,23.5,18.398774228757862,30.855107380175575,60.0,54.888042254746296,5.101225771242137,8.07699631612843,4.5996935571894655,5.164807926079182,0.0,0.0,0.21436243188143572,0.014362431881435711,0.0,0.0,-0.6249643860981141,7.511881947238712,247.71912735002203,60.0,4,0.0,0.0,0,0.35950563963927673,275.9816,-0.0,7.5119,7.5119,0.0,0.0,6.427249515819821,4.5996935571894655,5.003544865086179,0.0,0.0,0.2359397843152618,0.03593978431526179,0.0,0.0,-0.4068701973124124,6.023398207923107,128.69304881507298,105.87410736083984,5,0.0,0.0,0,0.04692427985421834,275.9816,-0.0,6.0234,6.0234,0.0,0.0,6.223892299854964,1.4420000314712524,3.282691431216216,0.0,0.0,0.4303508508787286,0.030350850878728575,0.0,0.0,-0.46923985860292233,4.383200900110001,553.1761807760993,60.0,12,0.0,0.0,0,0.10680937434036333,86.52,-0.0,4.3832,4.3832,0.0,0.0,6.006491929156009,3.700000047683716,3.374026906063155,-1.852362871170044,-105.50822560527195,0.4176728175447274,0.01767281754472738,0.0,0.0,-0.3930148689450487,4.4801021996065264,398.75457459758275,60.0,3,0.0,0.0,0,0.10380276475785602,222.0,105.5082,4.4801,4.4801,0.0,0.0,1.0917015407900983,1.6725000143051147,1.7695000000000003,0.0,0.0,0.7000000000000001,0.0,0.0,0.0,-0.39854091421752025,0.994701555095213,469.8147141297183,80.35128021240234,3,0.0,0.0,0,0.0,100.35,-0.0,0.9947,0.9947,0.0,0.0,1.2125351806779,0.703499972820282,1.7695000000000003,1.3528070449829102,82.08149417453751,0.7000000000000001,0.0,0.0,0.0,-0.12155085911352588,1.499342198481092,168.8831673402765,60.0,7,0.0,0.0,0,0.0,42.21,-82.0815,1.4993,1.4993,0.0,0.0,0.7192998922215031,0.44999998807907104,0.685,1.6201366186141968,82.5840350857593,0.8999999999999999,0.0,0.0,0.0,-0.050729421871686255,2.104436498914771,189.40827018558682,107.23857116699219,4,0.0,0.0,0,2.1170156470764896,27.0,-82.584,2.1044,2.1044,0.0,0.0,1.0969407055268496,0.5699999928474426,0.520342821110974,-1.120580792427063,-56.184359991427755,0.9362359013954464,0.036235901395446524,0.0,0.0,0.31714244669327374,0.02601708483625531,0.0,60.0,0,0.0,0.0,0,0.0,34.2,56.1844,0.026,0.026,0.0,0.0
40,1,22.4895,18.307960657870638,27.023080592205677,60.0,62.68378992119386,9.944152180543554,7.511881947238712,4.576990164467659,4.814751507451683,-0.16925811767578125,-10.268140714033507,0.2597065275585731,0.045344095677137375,0.0,0.0,-0.22146413932592485,7.1048624865789085,0.0,74.37477111816406,3,0.0,0.0,0,0.3756215579746348,274.6194,10.2681,7.1049,7.1049,0.0,0.0,6.023398207923107,4.576990164467659,4.626557057081524,0.0,0.0,0.2836057771581762,0.047665992842914395,0.0,0.0,-0.7510451308678894,5.973831315309243,553.9544765359921,60.0,2,0.0,0.0,0,0.10585786985987852,274.6194,-0.0,5.9738,5.9738,0.0,0.0,4.383200900110001,2.4119999408721924,2.185245726852584,0.0130891352891922,0.7396282167667323,0.586519396145127,0.15616854526639845,0.0,0.0,0.1738920511686768,4.623044249418802,211.74533426552645,105.41529083251953,8,0.0,0.0,0,1.4361973088145923,144.72,-0.7396,4.623,4.623,0.0,0.0,4.4801021996065264,2.3924999237060547,3.217446040988389,0.0,0.0,0.43795531302073337,0.02028249547600597,0.0,0.0,-0.34568483992410326,3.655156082324192,344.78940686150816,60.0,3,0.0,0.0,0,0.01098169481427183,143.55,-0.0,3.6552,3.6552,0.0,0.0,0.994701555095213,1.63100004196167,1.5896827036573982,0.0,0.0,0.7232923958993008,0.023292395899300766,0.0,0.0,-0.25526692069978574,1.0360188933994847,375.40833188262684,60.0,3,0.0,0.0,0,0.0,97.86,-0.0,1.036,1.036,0.0,0.0,1.499342198481092,0.9794999957084656,1.3014975327234986,0.0,0.0,0.7680251930972677,0.06802519309726762,0.0,0.0,0.2559447687885634,1.177344661466059,0.0,107.84973907470703,3,0.0,0.0,0,0.0,58.77,-0.0,1.1773,1.1773,0.0,0.0,2.104436498914771,0.2694999873638153,0.685,0.4058260917663574,25.729023484300342,0.8999999999999999,0.0,0.0,0.0,-0.174905738516571,2.0947625780449437,365.5321413262936,70.04281616210938,5,0.0,0.0,0,2.081129437490625,16.17,-25.729,2.0948,2.0948,0.0,0.0,0.02601708483625531,0.7699999809265137,0.520342821110974,-0.24965710937976837,-15.781595759978018,0.9362359013954464,0.0,0.0,0.0,0.23364366299005151,0.026017135272026648,6.080478470473535,107.84973907470703,1,0.0,0.0,0,0.0,46.2,15.7816,0.026,0.026,0.0,0.0
40,2,21.5224515,17.66060252356472,25.69103740181366,60.0,71.88353981047703,14.50548161537544,7.1048624865789085,2.1424999237060547,4.6585459423114415,3.0,217.1506194314311,0.27994040905342316,0.02023388149485006,0.0,0.0,-0.361915966533745,7.588816467973523,0.0,60.0,1,0.0,0.0,0,0.7309096939528318,128.55,-217.1506,7.5888,7.5888,0.0,0.0,5.973831315309243,4.41515063089118,3.689086061909158,-0.38670778274536133,-29.236553455139074,0.4050398438903482,0.121434066732172,0.0,0.0,-0.12064558067461179,6.313188101545904,289.49028631681296,60.0,1,0.0,0.0,0,0.7871248453743438,264.909,29.2366,6.3132,6.3132,0.0,0.0,4.623044249418802,3.005500078201294,1.853966307162534,-0.20727038383483887,-14.602123585291338,0.6614694910976273,0.07495009495250027,0.0,0.0,0.22412252574978347,5.567307636622723,0.0,88.94950103759766,3,0.0,0.0,0,5.262952212905583,180.33,14.6021,5.5673,5.5673,0.0,0.0,3.655156082324192,1.3109999895095825,3.016300221458604,-1.5119263976812363,-114.30728554835002,0.4628188259415967,0.024863512920863307,0.0,0.0,-0.3408820305695822,0.4379294526939339,550.8776312462334,110.5499496459961,3,0.0,0.0,0,0.0,78.66,114.3073,0.4379,0.4379,0.0,0.0,1.0360188933994847,0.5770000219345093,1.4161478686393136,-0.12606365978717804,-9.459061179378864,0.744769479441143,0.02147708354184219,0.0,0.0,0.1884807015762074,0.07080738690750232,12.689215611125363,87.1090316772461,3,0.0,0.0,0,0.0,34.62,9.4591,0.0708,0.0708,0.0,0.0,1.177344661466059,1.3359999656677246,1.1633646020492414,-0.7680317759513855,-46.5455956632718,0.7992769873674617,0.03125179427019398,0.0,0.0,-0.0029199387218670457,0.5819482491331567,262.5520761816365,60.0,2,0.0,0.0,0,0.0,80.16,46.5456,0.5819,0.5819,0.0,0.0,2.0947625780449437,0.31049999594688416,0.23138479557138547,0.0,0.0,1.0,0.10000000000000009,0.0,0.0,0.2909873901886425,2.1738777784204424,0.0,86.5984115600586,2,0.0,0.0,0,23.624706628298526,18.63,-0.0,2.1739,2.1739,0.0,0.0,0.026017135272026648,0.6244999766349792,0.520342821110974,0.0,0.0,0.9362359013954464,0.0,0.0,0.0,0.12115718173080865,0.13017429079603193,97.16705560931027,110.15541076660156,2,0.0,0.0,0,0.0,37.47,-0.0,0.1302,0.1302,0.0,0.0
40,3,20.5969860855,17.413614238117628,22.86404936409322,60.0,72.40796579229497,21.627305403830324,7.588816467973523,4.353403559529407,4.546341145092855,-1.979848325252533,-142.36686564619163,0.2938271413824562,0.013886732329033036,0.0,0.0,-0.13863766527451382,5.4160305571575424,0.0,60.0,0,0.0,0.0,0,0.03638207209243332,261.2042,142.3669,5.416,5.416,0.0,0.0,6.313188101545904,4.353403559529407,3.689086061909158,0.0,0.0,0.4050398438903482,0.0,0.0,0.0,-0.7014832101064121,6.977505599166154,552.8238087230176,79.80745697021484,1,0.0,0.0,0,1.3837571356645788,261.2042,-0.0,6.9775,6.9775,0.0,0.0,5.567307636622723,1.6744999885559082,1.7628097612700577,0.7575557827949524,55.42834101733729,0.6805000852296684,0.019030594132041112,0.0,0.0,0.13810378196713208,6.236553646703526,19.7467955864649,102.57440948486328,2,0.0,0.0,0,9.043564260160542,100.47,-55.4283,6.2366,6.2366,0.0,0.0,0.4379294526939339,3.8510000705718994,3.016300221458604,0.0,0.0,0.4628188259415967,0.0,0.0,0.0,-0.2725985664281724,1.2726293018072297,160.08001208269079,60.0,2,0.0,0.0,0,0.0,231.06,-0.0,1.2726,1.2726,0.0,0.0,0.07080738690750232,0.6290000081062317,1.3979745590747232,0.0,0.0,0.7471235350842247,0.002354055643081665,0.6981671640609892,69.81671640609892,-1.0039191468833149,0.0,535.2116800310639,104.07691955566406,2,0.0,0.0,0,0.0,37.74,-0.0,-0.6982,0.0,0.0,0.0,0.5819482491331567,1.2489999532699585,0.9938896097069478,0.1791691780090332,12.595811789715299,0.8346579878564582,0.035381000488996506,0.0,0.0,0.2357491809991539,1.0162277707052003,0.0,60.0,1,0.0,0.0,0,3.7634081446615036e-05,74.94,-12.5958,1.0162,1.0162,0.0,0.0,2.1738777784204424,0.13650000095367432,0.2253910469458336,1.0431233644485474,76.32256116439157,0.9999999999999999,-1.1102230246251565e-16,0.0,0.0,0.16433798691864032,3.1281100968768305,0.0,70.29676818847656,0,0.0,0.0,0,67.0776008389857,8.19,-76.3226,3.1281,3.1281,0.0,0.0,0.13017429079603193,0.6909999847412109,0.520342821110974,0.0,0.0,0.9362359013954464,0.0,0.0,0.0,0.21195221649188395,0.3008314544262689,0.0,60.0,2,0.0,0.0,0,0.0,41.46,-0.0,0.3008,0.3008,0.0,0.0
41,0,23.5,18.71510619798897,29.53705750837929,64.8836669921875,78.17849979339191,4.784893802011029,3.9455231352892404,4.678776549497242,5.164979415425689,2.85762357711792,225.52321758043706,0.21502857313138746,0.015028573131387446,0.0,0.0,-0.6162254476374177,6.316943846478713,0.0,118.50718688964844,5,0.0,0.0,0,0.060668713546037624,303.5762,-225.5232,6.3169,6.3169,0.0,0.0,10.394845938382797,1.789053116637458,5.085506383305788,0.20478138327598572,15.422210463197189,0.22416484755181854,0.024164847551818525,0.0,0.0,-0.17741869218030681,7.303174054990453,0.0,64.8836669921875,2,0.0,0.0,0,0.31930804629474413,116.0803,-15.4222,7.3032,7.3032,0.0,0.0,5.351701957708311,4.678776549497242,3.5169999999999995,-1.0081465393304825,-78.09727990128766,0.4,0.0,0.0,0.0,-0.2711461257857449,5.5053319678750725,109.64662238155756,91.90808868408203,2,0.0,0.0,0,0.42260408375929776,303.5762,78.0973,5.5053,5.5053,0.0,0.0,4.275836793729536,3.015500068664551,3.3890136290887476,0.0,0.0,0.4165785454548254,0.0165785454548254,0.0,0.0,-0.4827194895646483,3.9023232333053395,416.02556731055375,97.4410629272461,6,0.0,0.0,0,0.015128940213741488,195.6567,-0.0,3.9023,3.9023,0.0,0.0,1.2059930455911627,2.1494998931884766,1.4687371906825943,-1.8133188486099243,-141.6113797999019,0.7385038312010755,0.03850383120107548,0.0,0.0,0.284316219474562,0.07343689948712062,0.0,118.50718688964844,4,0.0,0.0,0,0.0,139.4674,141.6114,0.0734,0.0734,0.0,0.0,3.4517956796621303,0.9735000133514404,1.622973195653657,0.0,0.0,0.7181345054884088,0.01813450548840878,0.0,0.0,0.16133095415239057,2.8023224973599135,0.0,80.1829833984375,3,0.0,0.0,0,0.36526589092249456,63.1643,-0.0,2.8023,2.8023,0.0,0.0,0.3458548765456076,0.5394999980926514,0.6137288611719794,-0.24093957245349884,-18.174363382050785,0.9161246920425385,0.016124692042538635,0.0,0.0,0.26529504692716854,0.03068644101278062,0.0,118.50718688964844,3,0.0,0.0,0,0.0,35.0047,18.1744,0.0307,0.0307,0.0,0.0,0.5655060814705075,0.890500009059906,0.685,0.0,0.0,0.8999999999999999,0.0,0.0,0.0,-0.12813905347923132,0.7710060905304135,331.12608825423564,109.86432647705078,4,0.0,0.0,0,0.001913185868946785,57.7789,-0.0,0.771,0.771,0.0,0.0
41,1,22.4895,18.384245992550447,26.705225031039802,60.0,59.44307001464164,8.890147809460586,6.316943846478713,2.1419999599456787,4.657815800743747,0.0,0.0,0.28002231654815274,0.06499374341676528,0.0,0.0,0.003135999348742563,3.8011280056806447,0.0,105.94615173339844,1,0.0,0.0,0,0.0,128.52,-0.0,3.8011,3.8011,0.0,0.0,7.303174054990453,4.168000221252441,5.085506383305788,0.29144105315208435,18.622788569004285,0.22416484755181854,0.0,0.0,0.0,-0.6671941393372844,6.6771089460891915,255.3751394126614,67.13566589355469,3,0.0,0.0,0,0.13933341227289736,250.08,-18.6228,6.6771,6.6771,0.0,0.0,5.5053319678750725,4.596061498137612,3.428558930408554,0.0,0.0,0.4109456769296345,0.010945676929634496,0.0,0.0,-0.34745734086170466,6.67283453560413,151.52656757086373,87.61475372314453,2,0.0,0.0,0,1.4931276190673204,275.7637,-0.0,6.6728,6.6728,0.0,0.0,3.9023232333053395,1.0844999551773071,2.5493201042828293,0.18465471267700195,9.915853255763068,0.5253471367509289,0.1087685912961035,0.0,0.0,0.15549795350150045,2.6221577968768193,213.76401681096144,97.33159637451172,4,0.0,0.0,0,0.00017588301292552645,65.07,-9.9159,2.6222,2.6222,0.0,0.0,0.07343689948712062,1.8559999465942383,1.2586786629479143,-0.4760957658290863,-28.062546058938267,0.7759657720733077,0.0374619408722322,0.0,0.0,-0.16154683093360878,0.1946624173043583,374.521934292561,89.20426940917969,3,0.0,0.0,0,0.0,111.36,28.0625,0.1947,0.1947,0.0,0.0,2.8023224973599135,1.5855000019073486,1.529520280501414,0.0,0.0,0.7296861637272523,0.01155165823884341,0.0,0.0,-0.07500959804338728,2.8583022187658482,191.6082529604391,60.0,3,0.0,0.0,0,0.5379865710988004,95.13,-0.0,2.8583,2.8583,0.0,0.0,0.03068644101278062,0.7540000081062317,0.5005564657441645,0.0,0.0,0.9409476786317874,0.024822986589248863,0.0,0.0,-0.1714557135705056,0.28412998337484785,410.72468161252436,89.3804702758789,2,0.0,0.0,0,0.0,45.24,-0.0,0.2841,0.2841,0.0,0.0,0.7710060905304135,0.8514999747276306,0.559405781981244,0.0,0.0,0.9273229386085025,0.027322938608502545,0.0,0.0,0.2217159227776035,1.0631002832768002,0.0,105.94615173339844,2,0.0,0.0,0,0.21517786914902276,51.09,-0.0,1.0631,1.0631,0.0,0.0
41,2,21.5224515,18.024829695126567,24.17342418697264,60.0,61.83577929420623,13.734454041035978,3.8011280056806447,2.994999885559082,4.657815800743747,0.0,0.0,0.28002231654815274,0.0,0.0,0.0,-0.4626766282952226,2.1383120904959796,224.1164933236851,60.0,2,0.0,0.0,0,0.0,179.7,-0.0,2.1383,2.1383,0.0,0.0,6.6771089460891915,4.506207423781642,5.035875014490387,1.0867470502853394,67.8098669316887,0.2305937813361969,0.006428933784378366,0.0,0.0,-0.5142132357720236,7.234188405665786,59.221474381815845,60.0,2,0.0,0.0,0,0.3170163079372867,270.3724,-67.8099,7.2342,7.2342,0.0,0.0,6.67283453560413,1.5154999494552612,3.428558930408554,0.012967139482498169,0.7416740883860484,0.4109456769296345,0.0,0.0,0.0,-0.11097274348623454,4.772742694133335,71.33177710609938,97.15072631835938,2,0.0,0.0,0,0.16498679637520647,90.93,-0.7417,4.7727,4.7727,0.0,0.0,2.6221577968768193,1.0075000524520874,2.385817093235398,0.0,0.0,0.5465262832596636,0.021179146508734648,0.0,0.0,0.21910530000559247,1.2438407560935087,17.28395257937346,89.35211181640625,4,0.0,0.0,0,0.0,60.45,-0.0,1.2438,1.2438,0.0,0.0,0.1946624173043583,0.49149999022483826,1.1004870325854115,0.0,0.0,0.8117557336937835,0.03578996162047576,0.4143246250562149,41.432462505621494,-0.32296838719948956,0.0,155.82913902020675,103.57221984863281,2,0.0,0.0,0,0.0,29.49,-0.0,-0.4143,0.0,0.0,0.0,2.8583022187658482,2.3440001010894775,1.3897719798525088,-1.0997141897678375,-67.45182683030691,0.747788275210271,0.018102111483018768,0.0,0.0,0.16916179886933352,2.7128161502349792,0.0,66.42144012451172,2,0.0,0.0,0,0.6144556418073994,140.64,67.4518,2.7128,2.7128,0.0,0.0,0.28412998337484785,0.17399999499320984,0.5005564657441645,0.0,0.0,0.9409476786317874,0.0,0.04242648737610677,4.242648737610677,0.1716216477526314,0.0,0.0,82.53628540039062,2,0.0,0.0,0,0.0,10.44,-0.0,-0.0424,0.0,0.0,0.0,1.0631002832768002,0.6604999899864197,0.5138201783204552,0.0,0.0,0.9368397660950971,0.009516827486594659,0.0,0.0,0.22238309808120155,1.2097800949427646,10.756446225998294,60.0,2,0.0,0.0,0,0.5485469941126733,39.63,-0.0,1.2098,1.2098,0.0,0.0
41,3,20.5969860855,18.266182839524074,19.311680191566353,60.0,62.46906661987305,20.39587959459645,2.1383120904959796,4.5665457098810185,4.591765423499289,0.0,0.0,0.2881968681873183,0.008174551639165584,0.0,0.0,-0.30596662819457987,2.1130923768777095,0.0,109.96188354492188,0,0.0,0.0,0,0.0,273.9927,-0.0,2.1131,2.1131,0.0,0.0,7.234188405665786,4.5665457098810185,4.863818101594577,0.0,0.0,0.25186163212677903,0.021267850790582132,0.0,0.0,-0.3207214031213585,6.936916013952227,0.0,78.44261169433594,1,0.0,0.0,0,0.28843871560694784,273.9927,-0.0,6.9369,6.9369,0.0,0.0,4.772742694133335,4.5665457098810185,3.32671351353486,0.0,0.0,0.42413808844177087,0.013192411512136348,0.0,0.0,-0.7198397698993846,6.0125748904794944,541.5690069830932,82.7612075805664,1,0.0,0.0,0,0.9742174087283073,273.9927,-0.0,6.0126,6.0126,0.0,0.0,1.2438407560935087,1.2300000190734863,2.1755042457053975,0.0,0.0,0.5880397659917909,0.041513482732127294,0.0,0.0,0.16953738277716546,0.2983365294615976,93.37140663964784,96.24424743652344,3,0.0,0.0,0,0.0,73.8,-0.0,0.2983,0.2983,0.0,0.0,0.0,1.8819999694824219,0.9695374256899648,-0.3007071018218994,-18.634538425870232,0.841382341588681,0.02962660789489746,0.0,0.0,0.24208491076681496,0.1974308169143426,0.0,108.8719253540039,1,0.0,0.0,0,0.0,112.92,18.6345,0.6118,0.1974,0.0,0.0,2.7128161502349792,1.2239999771118164,1.3360108537412299,0.0,0.0,0.7574881571111423,0.009699881900871232,0.0,0.0,0.02570530447423587,2.600805273605566,138.51489621781568,69.52052307128906,2,0.0,0.0,0,0.5825120007024136,73.44,-0.0,2.6008,2.6008,0.0,0.0,0.0,0.05654574922008493,0.457195846390426,0.3007071018218994,18.935245527692132,0.95,0.009052321368212546,0.1423694827245484,14.23694827245484,-0.22035267286548543,0.0,163.95340959005247,60.0,2,0.0,0.0,0,0.0,3.3927,-18.9352,-0.0999,0.0,0.0,0.0,1.2097800949427646,0.17399999499320984,0.2109918253232274,0.0,0.0,1.0,0.06316023390490288,0.0,0.0,0.32391044741570424,1.172788264612747,0.0,104.56969451904297,0,0.0,0.0,0,4.680362302266974,10.44,-0.0,1.1728,1.1728,0.0,0.0
42,0,23.5,19.443307566767874,26.50288513846719,73.3667984008789,72.57072139934903,4.056692433232126,3.5102156357842733,4.860826891691969,4.271017372448599,0.29796355962753296,21.11452100963419,0.24326114061203963,0.04326114061203962,0.0,0.0,-0.3657648767265855,4.397988714655176,0.0,119.8533935546875,7,0.0,0.0,0,0.0003254147796064057,356.6233,-21.1145,4.398,4.398,0.6599999999999999,42.89999999999999,8.253340819189312,4.860826891691969,4.318203181542791,0.3898255527019501,30.968227642034662,0.23827429335067601,0.038274293350676,0.0,0.0,-0.4881159186095763,9.185790082040437,88.0507822439669,103.08330535888672,3,0.0,0.0,0,2.9127263115926834,356.6233,-30.9682,9.1858,9.1858,0.6599999999999999,42.89999999999999,6.994316930129112,1.559999942779541,3.0219999999999994,-2.24221134185791,-162.44736253541214,0.4,0.0,0.0,0.0,-0.2959036324110631,3.2901055310507443,391.2914984355225,119.8533935546875,4,0.0,0.0,0,0.0035423604337714108,114.4522,162.4474,3.2901,3.2901,0.49499999999999994,32.175,2.184517048914721,2.1466539145141574,2.879242844225172,0.0,0.0,0.4308536135763237,0.030853613576323657,0.0,0.0,-0.0024275038386814968,1.4519281192037061,16.93714607938261,73.3667984008789,1,0.0,0.0,0,0.0,157.4931,-0.0,1.4519,1.4519,0.393183075198132,25.55689988787858,1.6193449521343304,1.6629999876022339,1.4943062144219763,0.0,0.0,0.7240776930540782,0.024077693054078142,0.0,0.0,0.13351609856995839,1.788038725314588,0.0,107.36649322509766,1,0.0,0.0,0,0.012799430451421255,122.009,-0.0,1.788,1.788,0.08554361292154186,5.560334839900221,1.9718779658922485,2.7084999084472656,1.500715791610528,-0.03990289568901062,-2.8954121608478545,0.7234805901333647,0.023480590133364676,0.0,0.0,0.057374071053829266,3.139759187039976,0.0,88.92533111572266,4,0.0,0.0,0,0.9354023483689684,198.714,2.8954,3.1398,3.1398,0.08751405255989643,5.688413416393268,1.224128505993273,0.8420000076293945,0.6164334258864608,2.4689931869506836,178.58561125742864,0.9155127995731989,0.015512799573198954,0.0,0.0,0.02648546693063398,3.9186882746868896,9.203920421268949,110.14331817626953,3,0.0,0.0,0,20.472326558436503,61.7748,-178.5856,3.9187,3.9187,0.0,0.0,0.7451432804299192,0.8015000224113464,0.6399764469757364,-0.8746680617332458,-62.16880291355733,0.9101863242136345,0.010186324213634634,0.0,0.0,0.01360467386351818,0.03199879413228335,279.43174727852187,82.70616912841797,4,0.0,0.0,0,0.0,58.8035,62.1688,0.032,0.032,0.0,0.0
42,1,22.4895,18.264468617250287,27.2042974281238,65.3900375366211,62.809386761413414,8.281723815981838,4.397988714655176,4.566117154312572,4.068646165713888,-3.0,-188.99893236866865,0.26916105108229726,0.025899910470257637,0.0,0.0,-0.13244509687638198,1.8954597032538594,0.0,112.46472930908203,5,0.0,0.0,0,0.0,298.5786,188.9989,1.8955,1.8955,0.6599999999999999,42.89999999999999,9.185790082040437,4.566117154312572,4.318203181542791,0.0,0.0,0.23827429335067601,0.0,0.0,0.0,-0.6978007534151403,9.433704054810217,249.86273898395152,67.19586944580078,3,0.0,0.0,0,3.2978872420478287,298.5786,-0.0,9.4337,9.4337,0.6599999999999999,42.89999999999999,3.2901055310507443,0.005117224407634069,2.9647391939927896,0.21272309124469757,13.175765705428404,0.41295493348579415,0.012954933485794129,0.0,0.0,-0.06165667448595903,0.5432066527102863,129.08792082221524,65.3900375366211,3,0.0,0.0,0,0.0,0.3346,-13.1758,0.5432,0.5432,0.4522487194968795,29.396166767297167,1.4519281192037061,4.566117154312572,2.879242844225172,0.0,0.0,0.4308536135763237,0.0,0.0,0.0,-0.6983024574521386,3.138802429291106,481.5996224360552,108.6166763305664,2,0.0,0.0,0,0.0035127337884115597,298.5786,-0.0,3.1388,3.1388,0.393183075198132,25.55689988787858,1.788038725314588,2.256500005722046,1.4943062144219763,-0.7749671936035156,-46.216958509220206,0.7240776930540782,0.0,0.0,0.0,-0.1829681230254367,1.7752653230111421,290.70197417165696,94.51946258544922,2,0.0,0.0,0,0.011452977071843149,147.5526,46.217,1.7753,1.7753,0.08554361292154186,5.560334839900221,3.139759187039976,1.0644999742507935,1.500715791610528,1.9806609153747559,125.58551585192075,0.7234805901333647,0.0,0.0,0.0,0.0032417578060850855,4.684204285054998,4.921169117575696,77.3746109008789,5,0.0,0.0,0,4.917909547436628,69.6077,-125.5855,4.6842,4.6842,0.08751405255989643,5.688413416393268,3.9186882746868896,0.5759999752044678,0.6164334258864608,0.0,0.0,0.9155127995731989,0.0,0.0,0.0,0.21388094955816678,3.8782548240048964,0.0,112.46472930908203,3,0.0,0.0,0,19.851401708089263,37.6647,-0.0,3.8783,3.8783,0.0,0.0,0.03199879413228335,0.6639999747276306,0.47849607982952025,1.5815831869840622,100.22957651414322,0.9446693464696072,0.03448302225597266,0.0,0.0,0.08361748429801345,1.799085876014456,76.9624189641596,112.46472930908203,3,0.0,0.0,0,3.0274171819291147,43.419,-100.2296,1.7991,1.7991,0.0,0.0
42,2,21.5224515,17.31093554444377,27.147983148150963,60.0,56.36357652686439,12.493239771538068,1.8954597032538594,1.9255000352859497,4.2489330860399335,0.0,0.0,0.32995859864688315,0.060797547564585885,0.4279733475001244,42.79733475001244,-0.12011296595836485,0.0,0.0,104.59883880615234,1,0.0,0.0,0,0.0,115.53,-0.0,-0.428,0.0,0.0,0.0,9.433704054810217,2.9804999828338623,4.799258550881536,0.6255662441253662,33.180926654476934,0.26111101323376157,0.022836719883085554,0.0,0.0,-0.7758921187910585,8.24051173088791,542.8833565144512,61.80095291137695,2,0.0,0.0,0,1.044721055463753,178.83,-33.1809,8.2405,8.2405,0.0,0.0,0.5432066527102863,1.4214999675750732,3.2408655074060992,1.7749918699264526,104.56561039754752,0.43530298916381294,0.022348055678018786,0.0,0.0,-0.5567665955754934,0.498832982805713,512.1940944013238,98.07627868652344,1,0.0,0.0,0,0.0,85.29,-104.5656,0.4988,0.4988,0.0,0.0,3.138802429291106,2.2709999084472656,3.272425919423304,-1.973755121231079,-113.3102146312342,0.4308536135763237,0.0,0.0,0.0,0.06471875818111245,0.16362129708398854,0.0,88.91425323486328,2,0.0,0.0,0,0.0,136.26,113.3102,0.1636,0.1636,0.0,0.0,1.7752653230111421,1.2359999418258667,1.3944276094164545,0.0,0.0,0.748096115065356,0.024018422011277796,0.0,0.0,0.18241183112967477,1.6168376554205546,0.0,60.0,1,0.0,0.0,0,0.0070837307336413255,74.16,-0.0,1.6168,1.6168,0.0,0.0,4.684204285054998,1.9789999723434448,1.291989522482755,0.9715523719787598,54.003725627417225,0.7707037279450781,0.04722313781171339,0.0,0.0,0.10712918209916858,6.342767106894447,0.0,97.7795181274414,1,0.0,0.0,0,19.519879291174487,118.74,-54.0037,6.3428,6.3428,0.0,0.0,3.8782548240048964,0.6474999785423279,0.5177398509556788,0.0,0.0,0.9361599909813123,0.02064719140811344,0.0,0.0,-0.09390777488786614,4.008014951591545,295.1014024069599,60.0,3,0.0,0.0,0,30.545818044651803,38.85,-0.0,4.008,4.008,0.0,0.0,1.799085876014456,0.5669999718666077,0.45493459122518465,-1.3983553647994995,-75.0679375621769,0.95,0.005330653530392748,0.0,0.0,0.07049500241011286,0.5127958918563794,256.7462975877661,86.34515380859375,3,0.0,0.0,0,0.0013122513965814183,34.02,75.0679,0.5128,0.5128,0.0,0.0
42,3,20.5969860855,17.76897449753027,21.38338161654054,60.0,64.1641667484087,19.60418714523117,0.0,4.442243624382567,4.146334114987551,0.0,0.0,0.3426407953159046,0.012682196669021428,0.13206383810510758,13.206383810510758,-0.6520777654444789,0.0,399.0383759070066,69.94808959960938,1,0.0,0.0,0,0.0,266.5346,-0.0,0.2959,0.0,0.0,0.0,8.24051173088791,2.2190001010894775,4.799258550881536,0.0,0.0,0.26111101323376157,0.0,0.0,0.0,-0.589498022505526,5.6602532810958515,366.0323444371842,95.75507354736328,3,0.0,0.0,0,0.032712219872838996,133.14,-0.0,5.6603,5.6603,0.0,0.0,0.498832982805713,1.4899871123897093,3.2408655074060992,0.0,0.0,0.43530298916381294,0.0,1.252045412210677,125.2045412210677,-0.6341799317659035,0.0,0.0,60.0,1,0.0,0.0,0,0.0,89.3992,-0.0,-1.252,0.0,0.0,0.0,0.16362129708398854,4.442243624382567,3.272425919423304,0.035141587257385254,2.375266136897153,0.4308536135763237,0.0,0.0,0.0,-0.18408598646769245,1.3685805893006373,0.0,67.51325988769531,2,0.0,0.0,0,0.0,266.5346,-2.3753,1.3686,1.3686,0.0,0.0,1.6168376554205546,2.3515000343322754,1.3944276094164545,-2.3011341094970703,-145.0309514524888,0.748096115065356,0.0,0.0,0.0,0.058449290251388814,0.27277597083930516,175.02459432800586,103.125,2,0.0,0.0,0,0.0,141.09,145.031,0.2728,0.2728,0.0,0.0,6.342767106894447,1.9865000247955322,1.201798009475325,-0.4503403306007385,-30.214250213742844,0.7895328538338944,0.018829125888816245,0.0,0.0,0.17164322683659633,6.677128791613916,0.0,60.0,0,0.0,0.0,0,26.62249090452145,119.19,30.2143,6.6771,6.6771,0.0,0.0,4.008014951591545,0.559499979019165,0.45144620775616473,3.0,193.88963556654426,0.95,0.013840009018687649,0.0,0.0,-0.3191919143931486,7.116068722854545,181.29984068106808,60.0,2,0.0,0.0,0,189.01657107822382,33.57,-193.8896,7.1161,7.1161,0.0,0.0,0.5127958918563794,0.27799999713897705,0.23991189772526195,-0.2836671471595764,-17.984558449952374,0.9986476682126522,0.048647668212652206,0.0,0.0,0.33521864428087617,0.2672168441105181,6.21255554419005,60.0,2,0.0,0.0,0,0.0005241983450817505,16.68,17.9846,0.2672,0.2672,0.0,0.0
43,0,23.5,18.616276677954886,29.94884717518797,60.0,59.4153624719876,4.883723322045113,9.368522250403476,2.38100004196167,5.094652391258748,2.108914852142334,133.9160931110382,0.22306282286401619,0.023062822864016175,0.0,0.0,-0.3420355817676084,8.763784753248732,0.0,60.0,5,0.0,0.0,0,1.121260739326914,142.86,-133.9161,8.7638,8.7638,0.0,0.0,6.2372569119934145,4.6540691694887215,5.165961445100312,0.0,0.0,0.2149013672149856,0.014901367214985584,0.0,0.0,-0.3734927123493842,5.725364636381824,0.0,110.62660217285156,5,0.0,0.0,0,0.009966796991894318,279.2442,-0.0,5.7254,5.7254,0.0,0.0,6.00045557430473,4.6540691694887215,3.5169999999999995,0.0,0.0,0.4,0.0,0.0,0.0,-0.22331568291833098,7.137524743793453,0.0,103.07743072509766,3,0.0,0.0,0,1.8907767427717588,279.2442,-0.0,7.1375,7.1375,0.0,0.0,2.285473679976283,0.46263813799058084,3.5169999999999995,0.0,0.0,0.4,0.0,0.7688881820331357,76.88881820331358,-0.34373411024444567,0.0,1.3969626675484283,60.0,4,0.0,0.0,0,0.0,27.7583,-0.0,-0.7689,0.0,0.0,0.0,2.25933737104992,2.679500102996826,1.7695000000000003,-3.0,-176.7460874159628,0.7000000000000001,0.0,0.0,0.0,-0.18257071205496717,0.16933747404674593,373.9757933824455,88.9222183227539,2,0.0,0.0,0,0.0,160.77,176.7461,0.1693,0.1693,0.0,0.0,2.4060191179795534,2.69350004196167,1.7695000000000003,0.0,0.0,0.7000000000000001,0.0,0.0,0.0,0.013172797628128133,3.3300191599412234,0.0,98.45404052734375,5,0.0,0.0,0,0.6461999454968028,161.61,-0.0,3.33,3.33,0.0,0.0,1.034897381774015,0.24549999833106995,0.685,0.3378434479236603,18.57237275315896,0.8999999999999999,0.0,0.0,0.0,-0.20553059955564326,0.9332408280287452,426.3862465180594,60.270450592041016,5,0.0,0.0,0,0.027078036861419432,14.73,-18.5724,0.9332,0.9332,0.0,0.0,0.35688488770657967,0.8460000157356262,0.685,0.5532416999340057,27.257621551765624,0.8999999999999999,0.0,0.0,0.0,0.176085768308061,1.0711266033762117,0.0,104.95046997070312,1,0.0,0.0,0,0.08170684833650094,50.76,-27.2576,1.0711,1.0711,0.0,0.0
43,1,22.4895,18.282204432283937,27.130398198816934,66.7914810180664,69.2584746375562,9.091018889761177,8.763784753248732,4.570551108070984,3.9792935226312567,-2.924574851989746,-199.9690277282134,0.28122886901901106,0.05816604615499488,0.0,0.0,-0.05766492078434993,6.430467486698713,35.17996297001574,106.77873229980469,3,0.0,0.0,0,0.5925109479694926,305.2739,199.969,6.4305,6.4305,0.6599999999999999,42.89999999999999,5.725364636381824,4.570551108070984,3.9188712876955334,0.19897082448005676,12.979768877249796,0.29094931506534544,0.07604794785035984,0.0,0.0,-0.1640043164634064,6.576015281237331,0.0,82.68512725830078,1,0.0,0.0,0,0.7417648160930231,305.2739,-12.9798,6.576,6.576,0.6599999999999999,42.89999999999999,7.137524743793453,4.570551108070984,2.945121249061119,0.0,0.0,0.41739338256535746,0.01739338256535744,0.0,0.0,-0.3532204504933171,8.762954602803317,141.4307917460509,116.80133056640625,2,0.0,0.0,0,8.076411312862165,305.2739,-0.0,8.763,8.763,0.43760183753432014,28.44411943973081,0.0,0.0,2.9561390661662217,0.0,0.0,0.41374967303419175,0.013749673034191723,3.7250272481993574,372.50272481993574,-1.6585489772355415,0.0,0.0,60.0,3,0.0,0.0,0,0.0,0.0,-0.0,-2.9561,0.0,0.44962607898716705,29.225695134165857,0.16933747404674593,1.480051170536651,1.5769506819919805,0.0,0.0,0.70623287737738,0.006232877377379986,0.0,0.0,0.08873498635728594,0.07243796259141644,0.0,66.7914810180664,1,0.0,0.0,0,0.0,98.8548,-0.0,0.0724,0.0724,0.14443150465464608,9.388047802551995,3.3300191599412234,2.306999921798706,1.5367097915993537,0.4773978888988495,35.64825208217627,0.7145856515805613,0.014585651580561243,0.0,0.0,-0.38497569483331434,4.577707179039425,399.7497113740526,99.03622436523438,4,0.0,0.0,0,4.232747229790681,154.0879,-35.6483,4.5777,4.5777,0.11686734978414781,7.596377735969607,0.9332408280287452,0.7835000157356262,0.5518941888598907,-0.2640261650085449,-19.2743144283495,0.9301144369095269,0.030114436909526976,0.0,0.0,0.1371162302461654,0.9008204898959358,126.61889722759692,76.7104263305664,4,0.0,0.0,0,0.08770422975853037,52.3311,19.2743,0.9008,0.9008,0.0,0.0,1.0711266033762117,0.0,0.685,2.5122323036193848,173.80392221413513,0.8999999999999999,0.0,0.0,0.0,-0.761007459553051,2.8983589069955964,699.8419513732803,60.0,2,0.0,0.0,0,6.427820696282376,0.0,-173.8039,2.8984,2.8984,0.0,0.0
43,2,21.5224515,16.573948641777182,30.218761909261737,74.29753875732422,76.09403258898222,14.039521747983994,6.430467486698713,4.1434871604442955,3.7470393942143607,-2.9141671657562256,-212.61027294664746,0.3108304669096802,0.02960159789066913,0.0,0.0,-0.39576427965613786,3.912748087172422,352.80615069319555,115.06632995605469,2,0.0,0.0,0,0.0007705500363257288,307.8509,212.6103,3.9127,3.9127,0.6599999999999999,42.89999999999999,6.576015281237331,4.1434871604442955,3.8154728621818412,1.3832321166992188,113.32800195543678,0.3043428934997615,0.013393578434416076,0.0,0.0,-0.5931424526597658,8.287261696199003,175.14329763138167,112.31941986083984,1,0.0,0.0,0,2.8369433845197496,307.8509,-113.328,8.2873,8.2873,0.6599999999999999,42.89999999999999,8.762954602803317,1.3444872101545684,2.863525656259319,2.0371785163879395,156.82066813859274,0.4344635902644791,0.017070207699121653,0.0,0.0,-0.1345570254658841,9.281094673086507,0.0,74.29753875732422,0,0.0,0.0,0,10.765761545380853,99.8921,-156.8207,9.2811,9.2811,0.3812701521272191,24.78255988826924,0.0,4.1434871604442955,2.901618729652616,0.0,0.0,0.4251556011751134,0.011405928140921673,1.2651544082195167,126.51544082195167,-0.9058261281640264,0.0,216.5379540082502,114.91703796386719,3,0.0,0.0,0,0.0,307.8509,-0.0,1.2419,0.0,0.4119865161221257,26.779123547938173,0.07243796259141644,1.9544999599456787,1.5769506819919805,0.0,0.0,0.70623287737738,0.0,0.0,0.0,-0.06969028796801735,0.4499872405451144,113.27154630069924,76.54740905761719,2,0.0,0.0,0,0.0,145.2145,-0.0,0.45,0.45,0.14443150465464608,9.388047802551995,4.577707179039425,0.0,1.4057447085091406,0.8490087985992432,59.783868647311465,0.7425166761389727,0.027931024558411344,0.0,0.0,0.21538588893750504,4.020971269129528,0.0,60.01662063598633,1,0.0,0.0,0,3.3180552558538716,0.0,-59.7839,4.021,4.021,0.024694968741390034,1.6051729681903522,0.9008204898959358,0.1445000022649765,0.44533704247457856,1.174616813659668,87.04815085029622,0.954222388580412,0.024107951670885086,0.0,0.0,-0.03371481634414846,1.7746002633460016,258.1596606637699,74.98553466796875,4,0.0,0.0,0,3.4273956776364485,10.736,-87.0482,1.7746,1.7746,0.0,0.0,2.8983589069955964,0.699999988079071,0.6455025071688376,-2.5298690795898438,-198.92638039964368,0.9089360843509416,0.008936084350941731,0.0,0.0,0.41733283434311597,0.4229873083159861,8.885824743505307,115.06632995605469,2,0.0,0.0,0,0.0,52.0083,198.9264,0.423,0.423,0.0,0.0
43,3,20.5969860855,16.145069956429303,28.14965053779456,60.0,70.32673775671154,18.49143787705469,3.912748087172422,4.036267489107326,4.407039394214361,0.33488208055496216,23.718605298888253,0.3108304669096802,0.0,0.0,0.0,-0.2874526113887972,3.87685826262035,0.0,119.59407806396484,1,0.0,0.0,0,0.0,242.176,-23.7186,3.8769,3.8769,0.0,0.0,8.287261696199003,4.036267489107326,4.475472862181841,0.0,0.0,0.3043428934997615,0.0,0.0,0.0,-0.35293353114122317,7.848056323124488,86.16256336231453,119.59407806396484,2,0.0,0.0,0,1.1031088708055246,242.176,-0.0,7.8481,7.8481,0.0,0.0,9.281094673086507,1.4234999418258667,3.244795808386538,0.0,0.0,0.4344635902644791,0.0,0.0,0.0,-0.08739584280837119,7.459798806525836,82.81525055964282,119.59407806396484,1,0.0,0.0,0,3.120208858975357,85.41,-0.0,7.4598,7.4598,0.0,0.0,0.0,2.013000011444092,3.006642766868825,0.0,0.0,0.4649175803080041,0.0397619791328907,2.2587971636442497,225.87971636442495,-0.8831980014813116,0.0,0.0,74.28599548339844,1,0.0,0.0,0,0.0,120.78,-0.0,-0.9936,0.0,0.0,0.0,0.4499872405451144,0.8399999737739563,1.1988318452612619,-0.031213777139782906,-2.045973109474712,0.7851720917261731,0.07893921434879303,0.0,0.0,-0.0626936307359173,0.05994159191802595,346.38065127426705,60.0,2,0.0,0.0,0,0.0,50.4,2.046,0.0599,0.0599,0.0,0.0,4.020971269129528,0.9054999947547913,1.3203407483438934,0.0,0.0,0.7603836134120372,0.017866937273064543,0.0,0.0,0.1154501167059705,3.6061305155404257,77.056349343807,105.10124969482422,1,0.0,0.0,0,2.6033446963116575,54.33,-0.0,3.6061,3.6061,0.0,0.0,1.7746002633460016,0.07100000232458115,0.21886905179016594,0.0,0.0,1.0,0.04577761141958803,0.0,0.0,0.32930847321178,1.6267312138804169,0.0,119.59407806396484,1,0.0,0.0,0,11.48401661141602,4.26,-0.0,1.6267,1.6267,0.0,0.0,0.4229873083159861,0.8980000019073486,0.6455025071688376,-0.30366830341517925,-21.33775010885858,0.9089360843509416,0.0,0.0,0.0,0.20836413991021652,0.37181649963931784,0.0,65.86846160888672,2,0.0,0.0,0,0.0,53.88,21.3378,0.3718,0.3718,0.0,0.0
44,0,23.5,18.684387807703363,29.66505080123599,60.0,59.318435405699574,4.815612192296638,6.973251686306895,4.671096951925841,5.012558077800903,-3.0,-176.45530621709872,0.234218169953337,0.034218169953336985,0.0,0.0,-0.11324952568000873,3.631790560431832,0.0,109.744384765625,0,0.0,0.0,0,0.0,280.2658,176.4553,3.6318,3.6318,0.0,0.0,5.884622610250346,2.3334999084472656,5.008889864971101,0.0,0.0,0.23427985817835373,0.03427985817835372,0.0,0.0,-0.5672619273500195,3.2092326537265112,417.8751199645918,109.744384765625,4,0.0,0.0,0,0.0,140.01,-0.0,3.2092,3.2092,0.0,0.0,6.718072143460758,4.671096951925841,3.5169999999999995,1.3748621940612793,89.03796146564673,0.4,0.0,0.0,0.0,-0.3205363005077869,9.247031289447879,0.0,61.14686584472656,3,0.0,0.0,0,5.958047147521381,280.2658,-89.038,9.247,9.247,0.0,0.0,3.485289483987193,1.9539999961853027,3.5169999999999995,0.0,0.0,0.4,0.0,0.0,0.0,-0.31720571618944404,1.9222894801724966,254.6912416392575,76.37847137451172,7,0.0,0.0,0,0.0,117.24,-0.0,1.9223,1.9223,0.0,0.0,3.15231765360633,1.7311940216304613,1.541107594530361,1.4745262563228607,81.18718145349669,0.7291722046548017,0.029172204654801637,0.0,0.0,0.05914034763245481,4.816930337029291,0.0,60.0,0,0.0,0.0,0,5.075999230625994,103.8716,-81.1872,4.8169,4.8169,0.0,0.0,1.2248621186026858,1.9390000104904175,1.7695000000000003,0.15061154961585999,9.2301632979553,0.7000000000000001,0.0,0.0,0.0,0.021922181935947263,1.544973678708963,24.84293545516488,109.744384765625,3,0.0,0.0,0,0.0,116.34,-9.2302,1.545,1.545,0.0,0.0,1.2320372461901767,0.7534999847412109,0.6369385035845914,0.0,0.0,0.9100404761865369,0.010040476186537028,0.0,0.0,0.21777908129666973,1.3485987273467963,0.0,109.744384765625,3,0.0,0.0,0,0.4202478319522936,45.21,-0.0,1.3486,1.3486,0.0,0.0,0.9945978588316036,0.6309999823570251,0.685,0.0,0.0,0.8999999999999999,0.0,0.0,0.0,-0.591210484055476,0.9405978411886287,731.7325775772554,78.03490447998047,4,0.0,0.0,0,0.02912910228869587,37.86,-0.0,0.9406,0.9406,0.0,0.0
44,1,22.4895,18.394753303667425,26.661444568052396,60.0,61.15820689168221,8.910358888629212,3.631790560431832,4.598688325916856,5.012558077800903,0.0,0.0,0.234218169953337,0.0,0.0,0.0,-0.4324498884494864,3.2179208085477855,33.046791311754106,104.1683578491211,1,0.0,0.0,0,0.0,275.9213,-0.0,3.2179,3.2179,0.0,0.0,3.2092326537265112,4.598688325916856,4.331345893421068,0.2327566146850586,14.3155431166997,0.321497967472428,0.08721810929407425,0.0,0.0,-0.33767125629320205,3.7093317009073576,296.4491066674431,77.44091796875,3,0.0,0.0,0,0.0,275.9213,-14.3155,3.7093,3.7093,0.0,0.0,9.247031289447879,3.077876610825715,3.369579932213705,0.0,0.0,0.4190958637028879,0.019095863702887905,0.0,0.0,-0.12262232181602906,8.955327968059889,51.675165339701785,60.0,3,0.0,0.0,0,5.960870865001954,184.6726,-0.0,8.9553,8.9553,0.0,0.0,1.9222894801724966,1.68149995803833,2.926903817999904,2.396933078765869,147.82640806302197,0.47643732927462373,0.07643732927462371,0.0,0.0,-0.3827003689396053,3.0738186989767917,458.9135131727161,104.1683578491211,5,0.0,0.0,0,0.0008260794082817542,100.89,-147.8264,3.0738,3.0738,0.0,0.0,4.816930337029291,1.9550000429153442,1.541107594530361,0.0,0.0,0.7291722046548017,0.0,0.0,0.0,-0.6021818201871882,5.230822785414274,686.4828604945415,86.32591247558594,1,0.0,0.0,0,6.8344358906218945,117.3,-0.0,5.2308,5.2308,0.0,0.0,1.544973678708963,0.6880000233650208,1.7339396872818476,0.0,0.0,0.7046062581241131,0.004606258124113083,0.0,0.0,0.008222403985528173,0.49903401479213616,126.23984719323143,104.1683578491211,3,0.0,0.0,0,0.0,41.28,-0.0,0.499,0.499,0.0,0.0,1.3485987273467963,0.9815000295639038,0.6369385035845914,-1.503063440322876,-92.93641920668733,0.9100404761865369,0.0,0.0,0.0,0.08764715758301536,0.19009681300323256,196.96747066621984,69.30498504638672,4,0.0,0.0,0,0.0,58.89,92.9364,0.1901,0.1901,0.0,0.0,0.9405978411886287,0.8134999871253967,0.5975919390033497,-1.1266262531280518,-66.57584227958341,0.9197755794110067,0.019775579411006827,0.0,0.0,0.2855335183301499,0.029879636182623903,0.0,104.1683578491211,3,0.0,0.0,0,0.0,48.81,66.5758,0.0299,0.0299,0.0,0.0
44,2,21.5224515,17.848955717787817,24.90623242588409,60.0,57.41391372680664,12.583854670841397,3.2179208085477855,4.462238929446954,5.012558077800903,0.0,0.0,0.234218169953337,0.0,0.0,0.0,-0.40235684806157346,2.667601660193837,0.0,91.44122314453125,0,0.0,0.0,0,0.0,267.7343,-0.0,2.6676,2.6676,0.0,0.0,3.7093317009073576,3.188499927520752,3.758197961720846,0.0,0.0,0.3948230497413879,0.0733250822689599,0.0,0.0,-0.1920912584826239,3.1396336667072635,293.46168515524465,104.50349426269531,2,0.0,0.0,0,0.0,191.31,-0.0,3.1396,3.1396,0.0,0.0,8.955327968059889,1.4019999504089355,3.2021125276662588,0.7272553443908691,42.11820327241185,0.44078853268571777,0.021692668982829844,0.0,0.0,-0.14391256763681787,7.882470735193435,160.10860929631102,60.0,1,0.0,0.0,0,4.135355514910179,84.12,-42.1182,7.8825,7.8825,0.0,0.0,3.0738186989767917,2.2039999961853027,2.1584456653258597,0.0,0.0,0.5953742838629279,0.11893695458830417,0.0,0.0,0.2128638521838137,3.119373029836235,123.93073548466117,108.29884338378906,3,0.0,0.0,0,0.1427199635234786,132.24,-0.0,3.1194,3.1194,0.0,0.0,5.230822785414274,2.0144999027252197,1.541107594530361,0.0,0.0,0.7291722046548017,0.0,0.0,0.0,-0.013264484844162969,5.7042150936091325,80.4562269877632,108.29884338378906,2,0.0,0.0,0,9.241971536873624,120.87,-0.0,5.7042,5.7042,0.0,0.0,0.49903401479213616,2.565999984741211,1.6091582603872743,-0.7272553443908691,-41.39094792802098,0.7207696553902494,0.016163397266136248,0.0,0.0,-0.3114579275631277,0.7286203947552039,401.33957242400936,61.066680908203125,2,0.0,0.0,0,0.0,153.96,41.3909,0.7286,0.7286,0.0,0.0,0.19009681300323256,0.4645000100135803,0.475393375330706,0.0,0.0,0.94378959036897,0.03374911418243309,0.0,0.0,-0.04890361972590839,0.17920344768610685,297.1807497480165,108.29884338378906,3,0.0,0.0,0,0.0,27.87,-0.0,0.1792,0.1792,0.0,0.0,0.029879636182623903,0.8125,0.5362061977343013,0.0,0.0,0.93366375616871,0.013888176757703263,0.0,0.0,-0.06776336192788177,0.30617343844832257,286.71528836216936,74.58676147460938,2,0.0,0.0,0,0.0,48.75,-0.0,0.3062,0.3062,0.0,0.0
44,3,20.5969860855,17.20643613355691,23.727291466429534,60.0,60.59307628855102,16.70912163953035,2.667601660193837,2.4024999141693115,5.012558077800903,0.0,0.0,0.234218169953337,0.0,0.0,0.0,-0.2837072292027296,0.057543496562245444,0.0,60.0,0,0.0,0.0,0,0.0,144.15,-0.0,0.0575,0.0575,0.0,0.0,3.1396336667072635,4.301609033389227,3.713463309386386,-2.0517303943634033,-123.29479111201886,0.40035267302129646,0.00552962327990858,0.0,0.0,-0.5137541988767773,1.6760489963467018,510.9595830781067,66.01409912109375,2,0.0,0.0,0,0.0,258.0965,123.2948,1.676,1.676,0.0,0.0,7.882470735193435,4.301609033389227,3.2021125276662588,0.0,0.0,0.44078853268571777,0.0,0.0,0.0,-0.17199303871882468,8.981967240916404,0.0,60.0,0,0.0,0.0,0,7.008215121602428,258.0965,-0.0,8.982,8.982,0.0,0.0,3.119373029836235,3.248500108718872,1.980216948283483,0.0,0.0,0.6344044095010093,0.03903012563808139,0.0,0.0,0.08812364702629477,4.387656190271624,60.65475636460064,83.53875732421875,2,0.0,0.0,0,1.6135750982507548,194.91,-0.0,4.3877,4.3877,0.0,0.0,5.7042150936091325,1.2100000381469727,1.541107594530361,0.0,0.0,0.7291722046548017,0.0,0.0,0.0,0.11225648672957433,5.373107537225744,0.0,109.83653259277344,1,0.0,0.0,0,7.512496767779618,72.6,-0.0,5.3731,5.3731,0.0,0.0,0.7286203947552039,0.9980000257492065,1.4986738899849417,0.8232282400131226,53.60690747023409,0.7344265614968419,0.013656906106592537,0.0,0.0,-0.21713292596516443,1.0511747705325913,318.60139507714405,92.31083679199219,2,0.0,0.0,0,0.0,59.88,-53.6069,1.0512,1.0512,0.0,0.0,0.17920344768610685,0.2750000059604645,0.2262215811347411,1.2285021543502808,71.73961403614817,1.0000000000000002,0.05621040963103019,0.0,0.0,0.23504963824336367,1.4564840268621109,0.0,92.5720443725586,1,0.0,0.0,0,7.801235207383987,16.5,-71.7396,1.4565,1.4565,0.0,0.0,0.30617343844832257,0.41600000858306885,0.2963720554069927,0.0,0.0,0.9879248743423092,0.05426111817359924,0.0,0.0,0.2986211623736381,0.42580139162439873,0.0,109.83653259277344,1,0.0,0.0,0,0.018676519082491256,24.96,-0.0,0.4258,0.4258,0.0,0.0
45,0,23.5,19.2098846152136,27.47548076994334,60.0,67.74136470387815,4.290115384786401,4.426345035069039,4.8024711538034,5.200464702745246,-2.6430087089538574,-166.0515410170683,0.21043203332315485,0.010432033323154843,0.0,0.0,-0.24038915714899545,1.385342777173336,0.0,72.56876373291016,4,0.0,0.0,0,0.0,288.1483,166.0515,1.3853,1.3853,0.0,0.0,8.310506416690071,2.4835000038146973,5.281,2.4860737323760986,158.67790652679196,0.2,0.0,0.0,0.0,-0.9558071546376901,7.999080152880867,480.0885592430437,60.0,3,0.0,0.0,0,0.5018239696888698,149.01,-158.6779,7.9991,7.9991,0.0,0.0,6.631586574942922,4.2870001792907715,3.5169999999999995,0.0,0.0,0.4,0.0,0.0,0.0,-0.20488154503319495,7.401586754233694,0.0,65.4692611694336,2,0.0,0.0,0,2.2546208259770033,257.22,-0.0,7.4016,7.4016,0.0,0.0,4.217769205597239,1.4735000133514404,3.345088608052602,0.0,0.0,0.4216119596104039,0.021611959610403852,0.0,0.0,0.04958906679238523,2.3461806108960777,0.0,60.0,1,0.0,0.0,0,0.0,88.41,-0.0,2.3462,2.3462,0.0,0.0,1.3919136885719063,1.569000005722046,1.2854100703963176,-1.611233115196228,-120.00948501909943,0.770221992829391,0.0702219928293909,0.0,0.0,0.352798829430366,0.0642705087014066,0.0,106.9381103515625,3,0.0,0.0,0,0.0,94.14,120.0095,0.0643,0.0643,0.0,0.0,1.0209126698730882,0.703499972820282,1.7695000000000003,0.0,0.0,0.7000000000000001,0.0,0.04508735730663016,4.508735730663016,0.09549509177365761,0.0,0.0,60.0,0,0.0,0.0,0,0.0,42.21,-0.0,-0.0451,0.0,0.0,0.0,0.9033165597670535,0.453000009059906,0.6116444133478838,1.7681680917739868,131.63736133352586,0.916596286572877,0.01659628657287704,0.0,0.0,-0.16250484639780943,2.512840247253062,271.387913696609,60.0,1,0.0,0.0,0,5.209410958012431,27.18,-131.6374,2.5128,2.5128,0.0,0.0,0.5731306194320183,1.0134999752044678,0.6558131345610522,0.0,0.0,0.9060932913233711,0.006093291323371219,0.0,0.0,0.19827523217252105,0.9308174600754339,0.0,60.0,3,0.0,0.0,0,0.037337793617417375,60.81,-0.0,0.9308,0.9308,0.0,0.0
45,1,22.4895,19.35987155730867,22.640118511213878,60.0,55.91554886565591,9.844157129624321,1.385342777173336,4.839967889327167,5.026656049307648,2.091491222381592,118.28087196236083,0.23294610760263607,0.02251407427948121,0.0,0.0,-0.4597608960149228,3.290145839574447,0.0,110.82461547851562,2,0.0,0.0,0,0.0,290.3981,-118.2809,3.2901,3.2901,0.0,0.0,7.999080152880867,4.839967889327167,5.132390139054918,0.0,0.0,0.2192499819877048,0.01924998198770478,0.0,0.0,-0.3722835807934376,7.706657903153117,0.0,110.82461547851562,1,0.0,0.0,0,0.4572195662764533,290.3981,-0.0,7.7067,7.7067,0.0,0.0,7.401586754233694,2.8259999752044678,3.3599877412305315,0.6181223392486572,34.58346433083443,0.41971559821302473,0.01971559821302471,0.0,0.0,-0.31344626253302266,7.485721327456288,233.23832564800153,68.01468658447266,1,0.0,0.0,0,2.8068319820031165,169.56,-34.5835,7.4857,7.4857,0.0,0.0,2.3461806108960777,3.059499979019165,3.345088608052602,0.0,0.0,0.4216119596104039,0.0,0.0,0.0,-0.7774914930096967,2.06059198186264,677.8449050508938,63.81009292602539,2,0.0,0.0,0,0.0,183.57,-0.0,2.0606,2.0606,0.0,0.0,0.0642705087014066,1.0625,1.226753380817017,0.0,0.0,0.7834927370781015,0.013270744248710553,0.09998287211561041,9.998287211561042,-0.03631690406483156,0.0,153.99846023357395,60.0,3,0.0,0.0,0,0.0,63.75,-0.0,-0.1,0.0,0.0,0.0,0.0,0.7170000076293945,1.7695000000000003,0.0,0.0,0.7000000000000001,0.0,1.097587349677236,109.7587349677236,-0.8292123795725733,0.0,129.93365100694456,60.0,1,0.0,0.0,0,0.0,43.02,-0.0,-1.0525,0.0,0.0,0.0,2.512840247253062,0.8389999866485596,0.6116444133478838,-2.709613561630249,-150.15472273156502,0.916596286572877,0.0,0.0,0.0,0.3631125350105069,0.03058225892348898,0.0,60.0,1,0.0,0.0,0,0.0,50.34,150.1547,0.0306,0.0306,0.0,0.0,0.9308174600754339,0.3720000088214874,0.5146904407987841,0.0,0.0,0.9380215025818028,0.031928211258431705,0.0,0.0,-0.016536607475279283,0.7881270280981373,286.4153996270333,62.7774772644043,2,0.0,0.0,0,0.05294103330083624,22.32,-0.0,0.7881,0.7881,0.0,0.0
45,2,21.5224515,18.69961317862365,21.361826339068116,60.0,64.91453460190337,13.470931272331931,3.290145839574447,3.2279999256134033,4.844868035415767,0.0,0.0,0.2557983219962288,0.02285221439359275,0.0,0.0,-0.21469699608747767,1.6732777297720833,0.0,104.57243347167969,0,0.0,0.0,0,0.0,193.68,-0.0,1.6733,1.6733,0.0,0.0,7.706657903153117,4.674903294655913,4.960699800893401,-1.1513968706130981,-69.34754152068149,0.2414896630967096,0.022239681109004816,0.0,0.0,-0.2547842987475555,6.26946452630253,0.0,92.2719955444336,0,0.0,0.0,0,0.08867670300777715,280.4942,69.3475,6.2695,6.2695,0.0,0.0,7.485721327456288,3.2174999713897705,3.3599877412305315,0.0,0.0,0.41971559821302473,0.0,0.0,0.0,-0.21030525312336515,7.343233557615527,91.45872434510419,76.28533935546875,1,0.0,0.0,0,2.570728644200689,193.05,-0.0,7.3432,7.3432,0.0,0.0,2.06059198186264,4.670499801635742,3.1629158712491567,-1.8486031293869019,-123.89606228502862,0.44520946437768966,0.023597504767285782,0.0,0.0,-0.04268596573587021,1.7195727828623233,55.28323698155393,87.12837982177734,2,0.0,0.0,0,0.0,280.23,123.8961,1.7196,1.7196,0.0,0.0,0.0,0.0,1.1144255397475151,0.0,0.0,0.8089062757816087,0.025413538703507155,1.2144084118631255,121.44084118631255,-0.9409831969877184,0.0,9.89334719661192,60.0,2,0.0,0.0,0,0.0,0.0,-0.0,-1.1144,0.0,0.0,0.0,0.0,2.218210164347987,1.7695000000000003,0.0,0.0,0.7000000000000001,0.0,0.6488771853292494,64.88771853292494,-0.39354482227576293,0.0,68.27951954750787,60.0,1,0.0,0.0,0,0.0,133.0926,-0.0,0.4487,0.0,0.0,0.0,0.03058225892348898,0.0,0.6116444133478838,0.0,0.0,0.916596286572877,0.0,0.5810621544243948,58.10621544243948,-0.8071201001918126,0.0,0.0,60.0,1,0.0,0.0,0,0.0,0.0,-0.0,-0.5811,0.0,0.0,0.0,0.7881270280981373,0.690500020980835,0.4617454822103526,3.0,196.2436038057101,0.95,0.01197849741819712,0.0,0.0,0.018724090045878123,4.016881566868619,0.0,69.25579071044922,1,0.0,0.0,0,37.975770625333524,41.43,-196.2436,4.0169,4.0169,0.0,0.0
45,3,20.5969860855,17.855602846278938,21.022430163421085,60.0,54.67764651736314,16.212314511552993,1.6732777297720833,4.4639007115697344,4.844868035415767,0.33745694160461426,17.575699150099354,0.2557983219962288,0.0,0.0,0.0,-0.3761414835935096,1.6297673475306649,0.0,108.9327392578125,0,0.0,0.0,0,0.0,267.834,-17.5757,1.6298,1.6298,0.0,0.0,6.26946452630253,4.4639007115697344,4.960699800893401,0.3513197898864746,19.903460732310123,0.2414896630967096,0.0,0.0,0.0,-0.4880665096599892,6.1239852268653365,87.54976252891926,60.0,1,0.0,0.0,0,0.06604976895125152,267.834,-19.9035,6.124,6.124,0.0,0.0,7.343233557615527,2.490499973297119,3.3599877412305315,0.8402345180511475,46.888082365903756,0.41971559821302473,0.0,0.0,0.0,-0.12375578787234842,7.313980307733262,0.0,60.0,1,0.0,0.0,0,2.523789250645486,149.43,-46.8881,7.314,7.314,0.0,0.0,1.7195727828623233,3.130500078201294,3.1629158712491567,-1.5290112495422363,-82.838230998771,0.44520946437768966,0.0,0.0,0.0,0.00988461812142484,0.1581457402722246,0.0,60.0,2,0.0,0.0,0,0.0,187.83,82.8382,0.1581,0.1581,0.0,0.0,0.0,0.6315000057220459,1.1144255397475151,0.0,0.0,0.8089062757816087,0.0,1.184432143949965,118.4432143949965,-0.9033882070709136,0.0,267.0453103982049,60.0,3,0.0,0.0,0,0.0,37.89,-0.0,-0.4829,0.0,0.0,0.0,0.0,1.7480000257492065,1.7695000000000003,0.0,0.0,0.7000000000000001,0.0,0.6703771595800432,67.03771595800431,-0.5435092023941726,0.0,189.58644922826616,99.41458129882812,1,0.0,0.0,0,0.0,104.88,-0.0,-0.0215,0.0,0.0,0.0,0.0,0.2488013435076617,0.3302917454648452,0.0,0.0,0.9753337955254946,0.058737508952617645,0.4424102646360202,44.24102646360202,-0.5212440428333003,0.0,103.56671996304226,60.0,1,0.0,0.0,0,0.0,14.9281,-0.0,-0.0815,0.0,0.0,0.0,4.016881566868619,0.6784999966621399,0.4617454822103526,0.0,0.0,0.95,0.0,0.0,0.0,0.08564556580295402,4.233636081320407,119.9025581827052,108.9327392578125,2,0.0,0.0,0,44.03152645944684,40.71,-0.0,4.2336,4.2336,0.0,0.0
46,0,23.5,20.49615177288907,22.116034279628863,60.0,65.92198009345572,3.003848227110927,8.004974781553793,4.903500080108643,5.281,-0.8515398502349854,-57.041456355285845,0.2,0.0,0.0,0.0,-0.4033999292798873,6.775935011427451,0.0,110.39250183105469,4,0.0,0.0,0,0.1125774834149015,294.21,57.0415,6.7759,6.7759,0.0,0.0,4.180685612804217,1.4315757591290144,5.281,-0.06721137464046478,-4.65849815511865,0.2,0.0,0.0,0.0,-0.4151296797650559,0.26404999729276657,167.77482902719404,60.0,7,0.0,0.0,0,0.0,85.8945,4.6585,0.264,0.264,0.0,0.0,2.204448409830151,5.124037943222268,3.233277424931934,0.0,0.0,0.4358629932847778,0.03586299328477777,0.0,0.0,-0.1673534144312191,4.095208928120485,52.31901585350183,60.0,4,0.0,0.0,0,0.05931812775195024,307.4423,-0.0,4.0952,4.0952,0.0,0.0,2.5883074754256237,5.124037943222268,3.296952614865255,3.0,199.120450121487,0.42745219774812704,0.027452197748127016,0.0,0.0,-0.9305900018289347,7.4153928037826375,582.3461089358636,75.9708480834961,3,0.0,0.0,0,2.874966935938187,307.4423,-199.1205,7.4154,7.4154,0.0,0.0,1.5806198139893377,1.7955000400543213,1.7695000000000003,-1.5181448459625244,-94.88405287265778,0.7000000000000001,0.0,0.0,0.0,-0.2065463313145279,0.08847500808113429,367.3132857557599,88.60247039794922,3,0.0,0.0,0,0.0,107.73,94.8841,0.0885,0.0885,0.0,0.0,1.3972253503922651,1.1644999980926514,1.71807605341799,0.0,0.0,0.7066611329769443,0.006661132976944262,0.0,0.0,0.12195989633197296,0.8436492950669265,0.0,110.39250183105469,4,0.0,0.0,0,0.0,69.87,-0.0,0.8436,0.8436,0.0,0.0,1.1004987548018712,0.953000009059906,0.685,-1.3342487812042236,-90.13175605678043,0.8999999999999999,0.0,0.0,0.0,-0.09471499383439339,0.034249982657553524,380.03575088038866,85.28057861328125,1,0.0,0.0,0,0.0,57.18,90.1318,0.0342,0.0342,0.0,0.0,1.0592740808316072,0.0,0.6361250565619426,0.7711448520421982,51.36645817039789,0.910203537252204,0.010203537252204131,0.0,0.0,0.1657364287194547,1.1942938763118627,48.539396236799284,60.0,1,0.0,0.0,0,0.22938772890863202,0.0,-51.3665,1.1943,1.1943,0.0,0.0
46,1,22.4895,19.822798823342204,20.711254902740816,70.08377838134766,67.93801879882812,5.670549403768723,6.775935011427451,2.9256997344457787,4.244615590200095,0.0,0.0,0.2481539473784416,0.048153947378441586,0.0,0.0,-0.18238864508615268,5.457019155673134,0.0,70.08377838134766,1,0.0,0.0,0,0.09254020755733877,205.0441,-0.0,5.457,5.457,0.6599999999999999,42.89999999999999,0.26404999729276657,4.955699705835551,4.160415568907961,1.3041268289089203,89.2518564329248,0.2592645688502424,0.059264568850242394,0.0,0.0,-0.8196271810802264,2.3634609631292767,454.0438544021675,99.96902465820312,3,0.0,0.0,0,0.0,347.3142,-89.2519,2.3635,2.3635,0.6599999999999999,42.89999999999999,4.095208928120485,4.955699705835551,2.726843003123526,-1.2768969535827637,-86.11140075988078,0.4652255045173961,0.029362511232618294,0.0,0.0,-0.6317286140176787,5.047168677249746,583.6999322291563,81.06289672851562,2,0.0,0.0,0,0.910651414512203,347.3142,86.1114,5.0472,5.0472,0.27975583509259305,18.18412928101855,7.4153928037826375,4.955699705835551,2.868538944807049,0.0,0.0,0.4324743572935297,0.005022159545402638,0.0,0.0,-0.3667357824625906,9.502553564811139,110.5449203862884,73.87682342529297,3,0.0,0.0,0,11.665945396117383,347.3142,-0.0,9.5026,9.5026,0.38783462093135196,25.209250360537876,0.08847500808113429,1.718999981880188,1.5396179997751356,-0.027229875326156616,-1.836328844135096,0.7141520124168308,0.014152012416830728,0.0,0.0,0.09747875394264276,0.24062711486003008,0.0,103.125,1,0.0,0.0,0,0.0,120.474,1.8363,0.2406,0.2406,0.11829835902445797,7.689393336589768,0.8436492950669265,0.0,1.450692019067026,0.0,0.0,0.7335337985180355,0.026872665541091134,0.6070427240000995,60.70427240000995,-0.27707897264868475,0.0,0.0,60.0,2,0.0,0.0,0,0.0,0.0,-0.0,-0.607,0.0,0.054338464890483086,3.5320002178814005,0.034249982657553524,0.3109999895095825,0.685,0.0,0.0,0.8999999999999999,0.0,0.339750027832864,33.9750027832864,-0.5709948752202746,0.0,249.70282782586264,78.49436950683594,2,0.0,0.0,0,0.0,21.7961,-0.0,-0.3398,0.0,0.0,0.0,1.1942938763118627,0.0,0.6361250565619426,0.0,0.0,0.910203537252204,0.0,0.0,0.0,0.27326044265531607,0.55816881974992,1.0167150617062364,60.0,2,0.0,0.0,0,0.0,0.0,-0.0,0.5582,0.5582,0.0,0.0
46,2,21.5224515,18.26589190908642,23.168998295473244,93.48187255859375,98.8917656915152,8.927108994682301,5.457019155673134,4.566472977271605,4.198155582435833,-0.42506712675094604,-39.64165899418299,0.254172083099201,0.006018135720759377,0.0,0.0,-0.4402272586361109,5.40026942375796,0.0,119.30734252929688,0,0.0,0.0,0,0.092097152895254,426.8824,39.6417,5.4003,5.4003,0.6599999999999999,42.89999999999999,2.3634609631292767,4.566472977271605,4.064116162368973,1.1959333419799805,121.78129708747883,0.27116808016532146,0.011903511315079052,0.0,0.0,-0.5584611335986727,4.06175112001189,0.0,119.30734252929688,2,0.0,0.0,0,0.0,426.8824,-121.7813,4.0618,4.0618,0.6599999999999999,42.89999999999999,5.047168677249746,0.0,2.6702906324614983,0.5294326543807983,49.70587575491936,0.47703184494788203,0.011806340430485951,0.0,0.0,-0.04640790030150148,2.906310699169046,235.16961928143974,62.570892333984375,2,0.0,0.0,0,0.0031010197194274195,0.0,-49.7059,2.9063,2.9063,0.2407949116719893,15.651669258679304,9.502553564811139,4.566472977271605,2.7532209064122437,0.0,0.0,0.45654910434881246,0.024074747055282786,0.0,0.0,-0.6790958486356071,11.3158056356705,456.43530553821756,114.15507507324219,2,0.0,0.0,0,23.481218039800154,426.8824,-0.0,11.3158,11.3158,0.3083879556489187,20.045217117179714,0.24062711486003008,0.0,1.5396179997751356,0.0,0.0,0.7141520124168308,0.0,1.2989908849151055,129.89908849151055,-0.8617489085539298,0.0,0.0,60.0,1,0.0,0.0,0,0.0,0.0,-0.0,-1.299,0.0,0.11829835902445797,7.689393336589768,0.0,2.941499948501587,1.2880199731292195,-0.5185613632202148,-53.778818150387906,0.7674945596741536,0.033960761156118124,0.0,0.0,0.011088483045685653,0.5278758881520531,120.96007492518012,119.30734252929688,1,0.0,0.0,0,0.0,274.9769,53.7788,1.1349,0.5279,0.0,0.0,0.0,0.7334730325847154,0.685,0.0,0.0,0.8999999999999999,0.0,0.29127699524814865,29.127699524814865,-0.10480038963190091,0.0,0.0,93.48187255859375,2,0.0,0.0,0,0.0,68.5664,-0.0,0.0485,0.0,0.0,0.0,0.55816881974992,0.8914999961853027,0.6361250565619426,-0.7817375063896179,-76.34132970146652,0.910203537252204,0.0,0.0,0.0,0.017127666912354525,0.03180625298366235,291.9757167355313,116.98101043701172,3,0.0,0.0,0,0.0,83.3391,76.3413,0.0318,0.0318,0.0,0.0
46,3,20.5969860855,17.082469520761173,24.24381901974511,65.70115661621094,70.34458167951806,12.441625559421128,5.40026942375796,2.250499963760376,4.198155582435833,0.0,0.0,0.254172083099201,0.0,0.0,0.0,-0.42738420972729063,3.4526138050825033,147.55740192523277,65.70115661621094,1,0.0,0.0,0,0.0,147.8605,-0.0,3.4526,3.4526,0.6599999999999999,42.89999999999999,4.06175112001189,4.270617380190293,3.9325663524244634,0.7103659212589264,50.149610895579144,0.28742887249467997,0.01626079232935851,0.0,0.0,-0.3651146502339858,5.1101680690366456,0.0,87.13468933105469,1,0.0,0.0,0,0.09648326486699293,280.5845,-50.1496,5.1102,5.1102,0.6599999999999999,42.89999999999999,2.906310699169046,2.871999979019165,2.6702906324614983,-2.9745054244995117,-207.89637095256978,0.47703184494788203,0.0,0.0,0.0,-0.102792071178027,0.1335146212272007,274.6500500390202,114.17069244384766,3,0.0,0.0,0,0.0,188.6937,207.8964,0.1335,0.1335,0.2407949116719893,15.651669258679304,11.3158056356705,4.270617380190293,2.7532209064122437,2.7039432525634766,191.7356942484099,0.45654910434881246,0.0,0.0,0.0,-0.7518640077965197,15.537145362012028,329.84097788419746,80.9787368774414,2,0.0,0.0,0,63.95417563555035,280.5845,-191.7357,15.5371,15.5371,0.3083879556489187,20.045217117179714,0.0,1.1449999809265137,1.5396179997751356,0.0,0.0,0.7141520124168308,0.0,1.4865465309333912,148.6546530933391,-0.841855469088399,0.0,85.06481538454086,109.74935913085938,1,0.0,0.0,0,0.0,75.2278,-0.0,-0.3946,0.0,0.11829835902445797,7.689393336589768,0.5278758881520531,1.1575000286102295,1.186259194106049,-0.43980374932289124,-30.574625017596873,0.7905173603581288,0.02302280068397522,0.0,0.0,0.21363140907507142,0.0593129733333424,43.50015402495263,95.47300720214844,1,0.0,0.0,0,0.0,76.0491,30.5746,0.0593,0.0593,0.0,0.0,0.0,0.29600000381469727,0.2919830546528101,0.0,0.0,0.9820494666695594,0.08204946666955948,0.28726004608626154,28.726004608626155,-0.23491979315824246,0.0,6.175594098086224,88.23810577392578,2,0.0,0.0,0,0.0,19.4475,-0.0,0.004,0.0,0.0,0.0,0.03180625298366235,0.21899999678134918,0.3414649255992131,0.0,0.0,0.9759850821461841,0.06578154489398003,0.09065867583420156,9.065867583420156,-0.005803442750668963,0.0,40.72030716492483,121.55284881591797,2,0.0,0.0,0,0.0,14.3886,-0.0,-0.0907,0.0,0.0,0.0
47,0,23.5,20.157649981590186,23.526458410040885,60.0,62.79590259956523,3.3423500184098125,4.253731485879307,4.695000171661377,5.115057456291166,0.0,0.0,0.22051205731876805,0.02051205731876804,0.0,0.0,-0.3521966949805948,3.8336742012495177,0.0,108.10820007324219,3,0.0,0.0,0,0.0,281.7,-0.0,3.8337,3.8337,0.0,0.0,4.823138488710999,5.0394124953975465,5.281,0.0,0.0,0.2,0.0,0.0,0.0,-0.5538825064426618,4.581550984108545,85.54693950006258,60.0,6,0.0,0.0,0,0.0,302.3647,-0.0,4.5816,4.5816,0.0,0.0,2.0388160325469036,0.0,3.4325794836687042,0.0,0.0,0.4104351688913839,0.01043516889138385,1.3937634511218007,139.37634511218008,-0.749321017015848,0.0,161.32314993341382,60.0,3,0.0,0.0,0,0.0,0.0,-0.0,-1.3938,0.0,0.0,0.0,6.2110998785019556,5.0394124953975465,3.5169999999999995,1.4218769073486328,95.28958055593102,0.4,0.0,0.0,0.0,-0.3472258714307385,9.155389281248135,0.0,102.71089935302734,3,0.0,0.0,0,5.722675151720404,302.3647,-95.2896,9.1554,9.1554,0.0,0.0,2.834833516022334,2.115999937057495,1.6776329570499573,-3.0,-187.31246378309243,0.7118998760297983,0.011899876029798251,0.0,0.0,0.2664080017548409,0.27320049602987173,0.0,60.0,4,0.0,0.0,0,0.0,126.96,187.3125,0.2732,0.2732,0.0,0.0,1.6633518094407234,1.9665000438690186,1.641509975872418,1.1198108196258545,64.01650967924525,0.7158207693606405,0.015820769360640474,0.0,0.0,0.03342875609902553,3.108152697063178,0.0,81.38887023925781,2,0.0,0.0,0,0.6193206241393292,117.99,-64.0165,3.1082,3.1082,0.0,0.0,1.0141365939125904,0.4300000071525574,0.5758156313104107,-0.0707859992980957,-3.984921733290321,0.9247023458573731,0.024702345857373187,0.0,0.0,0.2625467580115866,0.7975349704566413,0.0,88.49627685546875,3,0.0,0.0,0,0.02648828055514507,25.8,3.9849,0.7975,0.7975,0.0,0.0,0.6873506050260726,0.8713248310546469,0.685,0.5290982723236084,35.06208128050457,0.8999999999999999,0.0,0.0,0.0,0.16479046767753908,1.402773708404328,0.0,60.0,4,0.0,0.0,0,0.3849488379798322,52.2795,-35.0621,1.4028,1.4028,0.0,0.0
47,1,22.4895,19.236953678745547,23.152276338560217,60.0,75.44776004950958,6.594896339664265,3.8336742012495177,4.809238419686387,4.816205936542388,1.4274661540985107,105.96012040568348,0.258207214966745,0.03769515764797693,0.0,0.0,-0.365241180187622,5.254172838492027,0.0,69.05182647705078,1,0.0,0.0,0,0.006005036609124924,288.5543,-105.9601,5.2542,5.2542,0.0,0.0,4.581550984108545,4.809238419686387,5.281,-3.0,-227.29601669311523,0.2,0.0,0.0,0.0,-0.36436181308062787,1.1097894037949319,130.68412978711038,60.0,7,0.0,0.0,0,0.0,288.5543,227.296,1.1098,1.1098,0.0,0.0,0.0,3.384000062942505,3.3634194370455615,0.0,0.0,0.41939372415344894,0.008958555262065071,1.3731828252248572,137.31828252248573,-0.9009085028507623,0.0,235.10842683328735,60.0,3,0.0,0.0,0,0.0,203.04,-0.0,0.0206,0.0,0.0,0.0,9.155389281248135,2.3929998874664307,3.3366237727206243,0.0,0.0,0.42229619620264225,0.022296196202642227,0.0,0.0,-0.7839754287515309,8.211765395993941,771.5753496967043,67.9576416015625,3,0.0,0.0,0,4.30504044599973,143.58,-0.0,8.2118,8.2118,0.0,0.0,0.27320049602987173,0.5839999914169312,1.49201601686535,0.0,0.0,0.7355552887688039,0.02365541273900562,0.6348155294185471,63.481552941854716,-0.3555794401074564,0.0,15.752592669824,104.98432159423828,3,0.0,0.0,0,0.0,35.04,-0.0,-0.6348,0.0,0.0,0.0,3.108152697063178,1.4555000066757202,1.472125516565638,3.0,230.29601669311523,0.7367582797817506,0.020937510421110028,0.0,0.0,-0.08462354681503984,6.091527187173259,0.0,60.0,1,0.0,0.0,0,12.838582060959567,87.33,-230.296,6.0915,6.0915,0.0,0.0,0.7975349704566413,0.7409999966621399,0.5758156313104107,0.0,0.0,0.9247023458573731,0.0,0.0,0.0,0.1341014519235668,0.9627193358083707,91.83163124320652,104.98432159423828,4,0.0,0.0,0,0.10654965528004685,44.46,-0.0,0.9627,0.9627,0.0,0.0,1.402773708404328,0.5640000104904175,0.5136262620255293,-1.4274661540985107,-104.53265425158497,0.9357773983245241,0.0357773983245242,0.0,0.0,-0.16432560101114294,0.02568130277070535,521.6887416002813,60.0,3,0.0,0.0,0,0.0,33.84,104.5327,0.0257,0.0257,0.0,0.0
47,2,21.5224515,18.62909418863202,21.655655464033238,71.4190902709961,89.67309878787228,9.985230534750869,5.254172838492027,2.020046981782439,4.1021775745034095,-1.2530739919748157,-115.71488031364916,0.2652057074588406,0.006998492492095609,0.0,0.0,-0.10640003756681897,1.9189682537962414,0.0,71.4190902709961,0,0.0,0.0,0,0.0,144.2699,115.7149,1.919,1.919,0.6599999999999999,42.89999999999999,1.1097894037949319,4.657273547158005,4.3520071304810815,0.0,0.0,0.23392496359952908,0.03392496359952907,0.0,0.0,-0.4274365545846541,1.4150558204718555,49.18453868398681,103.18631744384766,5,0.0,0.0,0,0.0,332.6182,-0.0,1.4151,1.4151,0.6599999999999999,42.89999999999999,0.0,2.0304999351501465,2.7417661167628964,0.0,0.0,0.4625277988116044,0.04313407465815544,2.084449006837607,208.44490068376072,-0.891432221526939,0.0,60.145238967099104,75.0439453125,3,0.0,0.0,0,0.0,145.0165,-0.0,-0.7113,0.0,0.28865826392170546,18.762787154910853,8.211765395993941,4.657273547158005,2.7710005531251856,0.0,0.0,0.4533118419713259,0.031015645768683653,0.0,0.0,-0.1532460900722388,10.09803839002676,0.0,107.79405212402344,1,0.0,0.0,0,15.752016978592112,332.6182,-0.0,10.098,10.098,0.3190709214946245,20.739609897150594,0.0,2.9130001068115234,1.358886070104222,2.2524726390838623,203.1124378010885,0.7536228328996539,0.01806754413084999,0.0,0.0,-0.2855143190581934,3.171771146372617,155.28330015957968,81.44985961914062,2,0.0,0.0,0,1.396757843710509,208.0438,-203.1124,3.8066,3.1718,0.0,0.0,6.091527187173259,1.1540000438690186,1.4284278398454149,0.0,0.0,0.7367582797817506,0.0,0.0,0.0,0.1428453810775133,5.817099391196863,0.0,99.31849670410156,1,0.0,0.0,0,11.81721790883122,82.4176,-0.0,5.8171,5.8171,0.043697676720223115,2.8403489868145027,0.9627193358083707,0.690500020980835,0.5442190375641542,-0.9975280165672302,-84.99581486921534,0.9314405744759906,0.006738228618617503,0.0,0.0,0.012127017965268634,0.11147230265782127,317.04890085103165,107.79405212402344,3,0.0,0.0,0,0.0,49.3149,84.9958,0.1115,0.1115,0.0,0.0,0.02568130277070535,0.5065000057220459,0.5050577885229168,-0.0018706305418163538,-0.14926997914014617,0.9377159669902735,0.001938568665749374,0.0,0.0,0.09688335156799383,0.025252889428018066,166.18149972691532,89.74459075927734,3,0.0,0.0,0,0.0,36.1738,0.1493,0.0253,0.0253,0.0,0.0
47,3,20.5969860855,17.487148118951957,22.557658193950175,60.0,61.19787963858471,13.095068501298915,1.9189682537962414,4.371787029737989,4.76217757450341,0.0,0.0,0.2652057074588406,0.0,0.0,0.0,-0.3441822846986822,1.528577709030821,0.0,107.40716552734375,0,0.0,0.0,0,0.0,262.3072,-0.0,1.5286,1.5286,0.0,0.0,1.4150558204718555,4.371787029737989,4.766301607961289,0.6602773666381836,38.727326386335335,0.26431040613207923,0.030385442532550155,0.0,0.0,-0.301372978552847,1.6808186088867396,0.0,76.78305053710938,2,0.0,0.0,0,0.0,262.3072,-38.7273,1.6808,1.6808,0.0,0.0,0.0,2.13100004196167,2.9024684934961344,0.0,0.0,0.47885345659149675,0.016325657779892366,2.815615482689201,281.5615482689201,-1.8670670985998465,0.0,803.1221500350618,102.11534881591797,2,0.0,0.0,0,0.0,127.86,-0.0,-0.7715,0.0,0.0,0.0,10.09803839002676,3.861999988555908,3.09007147461981,-3.0,-182.09363891575413,0.4533118419713259,0.0,0.0,0.0,-0.5106033954331163,7.869966903962858,578.0590742734892,60.0,2,0.0,0.0,0,4.597939006152604,231.72,182.0936,7.87,7.87,0.0,0.0,3.171771146372617,0.5040000081062317,1.3053591058635583,0.0,0.0,0.7647975644739051,0.011174731574251195,0.0,0.0,-0.14088147945250976,2.3704120486152904,369.69240455719773,69.12689971923828,1,0.0,0.0,0,0.39246686067458175,30.24,-0.0,2.3704,2.3704,0.0,0.0,5.817099391196863,0.5525000095367432,1.4172144171851535,2.3397226333618164,146.3663125294188,0.7435542079228996,0.0067959281411490435,0.0,0.0,0.024618333408152872,7.292107616910268,0.0,105.1255874633789,0,0.0,0.0,0,24.79228761974252,33.15,-146.3663,7.2921,7.2921,0.0,0.0,0.11147230265782127,0.414000004529953,0.4553193893041499,0.0,0.0,0.95,0.018559425524009354,0.0,0.0,-0.0019050789123420979,0.07015291788362438,263.9578234898837,60.0,3,0.0,0.0,0,0.0,24.84,-0.0,0.0702,0.0702,0.0,0.0,0.025252889428018066,0.5580000281333923,0.4462172704063273,0.0,0.0,0.95,0.01228403300972647,0.0,0.0,0.2530665404271287,0.1370356471550831,0.0,107.40716552734375,2,0.0,0.0,0,0.0,33.48,-0.0,0.137,0.137,0.0,0.0
48,0,23.5,18.56796321749447,30.150153260439716,60.0,50.38343811035156,4.932036782505532,6.335983247869441,2.4835000038146973,5.281,0.0,0.0,0.2,0.0,0.0,0.0,-0.31496278344480416,3.5384832516841387,0.0,83.19571685791016,1,0.0,0.0,0,0.0,149.01,-0.0,3.5385,3.5385,0.0,0.0,6.905436439232961,4.230472516117679,4.9486655094844085,0.0,0.0,0.2421608248212834,0.04216082482128339,0.0,0.0,-0.6113716056248092,6.1872434458662315,378.94245255697626,60.0,6,0.0,0.0,0,0.07754364345148768,253.8284,-0.0,6.1872,6.1872,0.0,0.0,5.863527705509926,1.559999942779541,3.5169999999999995,0.4493456184864044,22.864249968410604,0.4,0.0,0.0,0.0,-0.060343938405083494,4.355873266775872,0.0,99.9649887084961,3,0.0,0.0,0,0.04885987349024797,93.6,-22.8642,4.3559,4.3559,0.0,0.0,6.0568108530551,4.641990804373617,3.5169999999999995,0.0,0.0,0.4,0.0,0.0,0.0,-0.24977494727092736,7.181801657428718,25.475551221897266,103.125,6,0.0,0.0,0,1.9491157902029204,278.5194,-0.0,7.1818,7.1818,0.0,0.0,0.9768988922031148,1.9765000343322754,1.7695000000000003,0.0,0.0,0.7000000000000001,0.0,0.0,0.0,-0.26719247230383175,1.1838989265353899,322.38139434504603,103.125,6,0.0,0.0,0,0.0,118.59,-0.0,1.1839,1.1839,0.0,0.0,2.831382664578628,2.066999912261963,1.6918967965505767,0.0,0.0,0.7096043568625524,0.009604356862552343,0.0,0.0,-0.3769510531456911,3.2064857802900146,449.08970512930307,63.15467834472656,5,0.0,0.0,0,0.6414254482591356,124.02,-0.0,3.2065,3.2065,0.0,0.0,0.37079466509852554,0.7515000104904175,0.6409038613678708,-0.4493456184864044,-22.4149043499242,0.9092058744534717,0.009205874453471763,0.0,0.0,-0.24230801221148796,0.03204519573466791,483.5659420037787,91.37747192382812,4,0.0,0.0,0,0.0,45.09,22.4149,0.032,0.032,0.0,0.0,0.8093187928920196,0.8569999933242798,0.562635003927167,0.0,0.0,0.9262760968534107,0.026276096853410813,0.0,0.0,-0.00991178835668936,1.1036837822891323,244.08957792019103,97.13702392578125,3,0.0,0.0,0,0.2551061533871358,51.42,-0.0,1.1037,1.1037,0.0,0.0
48,1,22.4895,18.364016326415,26.789515306604166,66.48416900634766,78.25097676615805,9.057520456090531,3.5384832516841387,4.59100408160375,4.576933592622203,-1.1371901035308838,-89.77628792696669,0.20570808385722758,0.005708083857227569,0.0,0.0,-0.3907214927911041,2.415363637134802,0.0,72.23800659179688,0,0.0,0.0,0,0.0,305.2291,89.7763,2.4154,2.4154,0.6599999999999999,42.89999999999999,6.1872434458662315,1.1135083596644115,4.0721933181951515,1.3868907541036606,110.39494573146516,0.2702012641074564,0.028040439286172975,0.0,0.0,-0.20149139758416612,4.615449241439152,0.0,66.48416900634766,4,0.0,0.0,0,0.01323544657855318,74.0307,-110.3949,4.6154,4.6154,0.6599999999999999,42.89999999999999,4.355873266775872,4.59100408160375,2.9073268686849656,-0.2497006505727768,-17.405999641314224,0.4259441473563427,0.02594414735634265,0.0,0.0,-0.4411927715943689,5.789849829121881,288.12599656866576,105.8415756225586,2,0.0,0.0,0,1.4228566556643163,305.2291,17.406,5.7898,5.7898,0.4093843137240692,26.609980392064497,7.181801657428718,4.012499809265137,2.8840489688497586,-3.0,-233.90275352970633,0.4295868567814192,0.029586856781419202,0.0,0.0,-0.20876224936849586,5.310252497844096,325.0605556251415,99.0367660522461,4,0.0,0.0,0,0.936017857660001,266.7677,233.9028,5.3103,5.3103,0.3973633726213166,25.82861922038558,1.1838989265353899,2.7695000171661377,1.51816261921299,3.0,235.07698612062575,0.7189252530877237,0.018925253087723637,0.0,0.0,-0.20527885109177954,5.435236324488537,0.0,105.8415756225586,4,0.0,0.0,0,8.117025723375093,184.1279,-235.077,5.4352,5.4352,0.10254666481051168,6.665533212683259,3.2064857802900146,0.7634999752044678,1.3770313962395087,0.0,0.0,0.7486621784254537,0.039057821562901274,0.0,0.0,0.24028147826761048,2.592954359254974,0.0,105.8415756225586,2,0.0,0.0,0,0.5044514697301831,50.7607,-0.0,2.593,2.593,0.0044148111960028895,0.28696272774018783,0.03204519573466791,0.0,0.6409038613678708,0.0,0.0,0.9092058744534717,0.0,0.6088586656332029,60.88586656332029,-1.0963594222537103,0.0,292.53411532311986,60.0,4,0.0,0.0,0,0.0,0.0,-0.0,-0.6089,0.0,0.0,0.0,1.1036837822891323,0.5230000019073486,0.562635003927167,0.0,0.0,0.9262760968534107,0.0,0.0,0.0,0.24965763797311163,1.064048780269314,0.0,89.50491333007812,3,0.0,0.0,0,0.21092134759968947,34.7712,-0.0,1.064,1.064,0.0,0.0
48,2,21.5224515,17.292894379307338,27.223154669552756,60.0,55.6739792535369,13.287077576783192,2.415363637134802,4.3232235948268345,5.236933592622203,0.0,0.0,0.20570808385722758,0.0,0.0,0.0,-0.43098316378343215,1.501653639339433,0.0,109.94432067871094,0,0.0,0.0,0,0.0,259.3934,-0.0,1.5017,1.5017,0.0,0.0,4.615449241439152,1.9826707363199496,4.524446173918269,0.0,0.0,0.2968166459294932,0.02661538182203682,0.0,0.0,-0.2484341871211984,2.0736738038408324,166.7392750544286,60.0,3,0.0,0.0,0,0.0,118.9602,-0.0,2.0737,2.0737,0.0,0.0,5.789849829121881,2.7079999446868896,3.12038225017845,0.6074689626693726,35.598280468840585,0.4502422825333952,0.024298135177052538,0.0,0.0,-0.380430202475599,5.984936486299693,346.67163905752983,71.49214172363281,2,0.0,0.0,0,1.2597980436229002,162.48,-35.5983,5.9849,5.9849,0.0,0.0,5.310252497844096,4.077000141143799,2.9240642004941266,-2.693799138069153,-148.62761775702302,0.4745952388123148,0.04500838203089558,0.0,0.0,-0.24864661700301446,3.769389300424616,397.97864501937994,107.27104187011719,2,0.0,0.0,0,0.0656975327449679,244.62,148.6276,3.7694,3.7694,0.0,0.0,5.435236324488537,2.7695000171661377,1.6207092840235018,0.0,0.0,0.7189252530877237,0.0,0.0,0.0,0.006875717130269077,6.5840270576311735,0.0,109.94432067871094,4,0.0,0.0,0,13.299720933409494,166.17,-0.0,6.584,6.584,0.0,0.0,2.592954359254974,1.0104999542236328,1.2634411516497752,1.2157256603240967,65.95085391141038,0.772425827921214,0.023763649495760264,0.0,0.0,0.1402506936195899,3.5557388221529282,0.0,88.35641479492188,1,0.0,0.0,0,2.8010122594288958,60.63,-65.9509,3.5557,3.5557,0.0,0.0,0.0,0.0,0.28281157889892633,0.8706045150756836,49.77228251484121,0.9882380730238696,0.0790321985703979,0.0,0.0,0.23638387070972355,0.20764222133448573,54.0862867115568,60.0,3,0.0,0.0,0,0.0,0.0,-49.7723,0.5878,0.2076,0.0,0.0,1.064048780269314,0.421999990940094,0.5308247747740699,0.0,0.0,0.9329170632736814,0.0066409664202706775,0.0,0.0,0.10361952863885593,0.9552239964353381,142.6478802159744,94.38001251220703,3,0.0,0.0,0,0.15169793709646928,25.32,-0.0,0.9552,0.9552,0.0,0.0
48,3,20.5969860855,16.98923760690996,24.632285327458497,60.0,73.65838215967517,16.89482605537323,1.501653639339433,4.195499897003174,5.236933592622203,-0.19837325811386108,-15.373927503824234,0.20570808385722758,0.0,0.0,0.0,-0.4115350887951929,0.26184668560654245,0.0,103.125,0,0.0,0.0,0,0.0,251.73,15.3739,0.2618,0.2618,0.0,0.0,2.0736738038408324,4.24730940172749,4.391484831186887,0.8459779024124146,57.966759848709216,0.3132519169716914,0.01643527104219822,0.0,0.0,-1.1168728923832227,2.7754762767938503,833.2834128167398,94.27642059326172,2,0.0,0.0,0,0.0,254.8386,-57.9668,2.7755,2.7755,0.0,0.0,5.984936486299693,3.1636188777223673,3.12038225017845,0.10334502160549164,7.0972876788111705,0.4502422825333952,0.0,0.0,0.0,-0.33400483310141016,6.131518135449102,244.2211029329585,60.0,3,0.0,0.0,0,1.4271978823756615,189.8171,-7.0973,6.1315,6.1315,0.0,0.0,3.769389300424616,4.24730940172749,2.9240642004941266,-1.1708180904388428,-90.73840200901031,0.4745952388123148,0.0,0.0,0.0,-0.37953382539825187,3.921816411219136,362.54459570015865,61.84061050415039,2,0.0,0.0,0,0.09943662961752325,254.8386,90.7384,3.9218,3.9218,0.0,0.0,6.5840270576311735,0.5295000076293945,1.3628333728661903,0.0,0.0,0.7513851358143899,0.03245988272666622,0.0,0.0,0.21504948374188326,5.750693692394377,0.0,103.125,1,0.0,0.0,0,12.674704692998109,31.77,-0.0,5.7507,5.7507,0.0,0.0,3.5557388221529282,0.0,1.194850362232444,1.4801400750875473,115.10099800293241,0.786745408175354,0.01431958025414004,0.0,0.0,-0.19843097186480052,3.841028535008032,349.40170910118303,60.0,1,0.0,0.0,0,4.360611863363645,0.0,-115.101,3.841,3.841,0.0,0.0,0.20764222133448573,0.20900000631809235,0.22585449162324447,-0.17949500679969788,-12.016111382504107,1.0,0.011761926976130432,0.0,0.0,0.33453407527713513,0.011292729229635728,0.0,103.125,1,0.0,0.0,0,0.0,12.54,12.0161,0.0113,0.0113,0.0,0.0,0.9552239964353381,0.3970000147819519,0.44899750785500414,-0.8807766437530518,-59.60714163600869,0.95,0.017082936726318554,0.0,0.0,0.3220420287831234,0.022449859609233958,0.0,76.8015365600586,2,0.0,0.0,0,0.0,23.82,59.6071,0.0224,0.0224,0.0,0.0
49,0,23.5,17.830327808880327,33.22363412966531,60.0,60.545624068223525,5.669672191119673,9.133308574518004,4.457581952220082,5.281,2.3957881331443787,144.62329006519326,0.2,0.0,0.0,0.0,-1.1617337953902314,10.705678659882466,580.9144664688397,113.59011840820312,4,0.0,0.0,0,2.82377959652756,267.4549,-144.6233,10.7057,10.7057,0.0,0.0,9.26735859371841,4.457581952220082,5.235405420643743,0.0,0.0,0.20563591833822725,0.0056359183382272415,0.0,0.0,-0.5119516794714277,8.489535125294747,104.35005603851988,110.31678771972656,7,0.0,0.0,0,0.7973181951697826,267.4549,-0.0,8.4895,8.4895,0.0,0.0,2.9972238655148185,2.4019999504089355,3.3569799642333567,1.1504631042480469,71.85982982413725,0.4207279839075964,0.020727983907596392,0.0,0.0,-0.07938066511405306,3.1927069559384447,0.0,95.41385650634766,7,0.0,0.0,0,0.0,144.12,-71.8598,3.1927,3.1927,0.0,0.0,5.735596913602765,1.8029999732971191,3.368044858996282,-3.0,-180.01500022401547,0.4184122547594214,0.018412254759421376,0.0,0.0,-0.01709204110620393,1.1705520279036024,216.25702016244256,60.0,4,0.0,0.0,0,0.0,108.18,180.015,1.1706,1.1706,0.0,0.0,2.122995581301516,1.3695000410079956,1.7695000000000003,0.0,0.0,0.7000000000000001,0.0,0.0,0.0,-0.28469548146675533,1.7229956223095115,376.3398441968829,70.37078094482422,5,0.0,0.0,0,0.0,82.17,-0.0,1.723,1.723,0.0,0.0,2.4497617613750315,1.8235000371932983,1.6818447203341902,0.0,0.0,0.7108350160279123,0.010835016027912259,0.0,0.0,0.09340484157577451,2.591417078234139,0.0,115.34354400634766,0,0.0,0.0,0,0.18087739470898734,109.41,-0.0,2.5914,2.5914,0.0,0.0,0.9643398837752298,0.9004999995231628,0.647960090517588,0.0,0.0,0.9083800700186455,0.008380070018645602,0.0,0.0,0.2096656502366936,1.2168797927808046,0.0,84.9664306640625,3,0.0,0.0,0,0.23403189728003573,54.03,-0.0,1.2169,1.2169,0.0,0.0,0.5530489558595325,0.6166639030096519,0.5937729648476257,-0.5462512373924255,-32.92186842792262,0.9190453100526876,0.019045310052687725,0.0,0.0,0.1310772442528779,0.029688656629133114,141.944947436447,60.0,3,0.0,0.0,0,0.0,36.9998,32.9219,0.0297,0.0297,0.0,0.0
49,1,22.4895,17.804831059446514,29.119453918972848,62.16722869873047,64.29266738891602,10.354341131673158,10.705678659882466,4.451207764861628,5.127728043849545,0.0,0.0,0.21894585366507502,0.018945853665075008,0.0,0.0,-0.3606304213797039,10.02915838089455,0.0,107.05801391601562,3,0.0,0.0,0,2.290285454866175,276.7193,-0.0,10.0292,10.0292,0.0,0.0,8.489535125294747,2.1034155049277246,4.79518269451024,0.0,0.0,0.26121142774178846,0.05557550940356121,0.0,0.0,-0.0418135019850944,5.797767935712232,0.0,62.16722869873047,3,0.0,0.0,0,0.04792537667014908,130.7635,-0.0,5.7978,5.7978,0.0,0.0,3.1927069559384447,2.683000087738037,2.851536167095502,0.0,0.0,0.48480132757660105,0.06407334366900463,0.0,0.0,-0.19017357515876931,3.024170876580979,331.8594643032482,87.10818481445312,4,0.0,0.0,0,0.0012857957135295232,166.7947,-0.0,3.0242,3.0242,0.0,0.0,1.1705520279036024,4.451207764861628,3.3210198527540116,0.0,0.0,0.42423218127455364,0.0058199265151322455,0.0,0.0,-0.17563561115219778,2.3007399400112187,0.0,83.3323974609375,3,0.0,0.0,0,0.0,276.7193,-0.0,2.3007,2.3007,0.0,0.0,1.7229956223095115,2.385999917984009,1.5901317205058274,0.0,0.0,0.7221716043874133,0.02217160438741328,0.0,0.0,-0.4201280790881704,2.518863819787693,500.1059204237614,65.79151153564453,5,0.0,0.0,0,0.20727479433685866,148.331,-0.0,2.5189,2.5189,0.0,0.0,2.591417078234139,0.0,1.6818447203341902,-0.4321613311767578,-27.568724058110092,0.7108350160279123,0.0,0.0,0.0,-0.5395793200746741,0.477411026723191,753.6049219668121,60.9813346862793,1,0.0,0.0,0,0.0,0.0,27.5687,0.4774,0.4774,0.0,0.0,1.2168797927808046,0.9100000262260437,0.5970466932547912,0.0,0.0,0.9190091717436549,0.010629101725009416,0.0,0.0,-0.05526469680906972,1.5298331257520572,268.3253283689333,107.05801391601562,3,0.0,0.0,0,0.9107792125352494,56.5722,-0.0,1.5298,1.5298,0.0,0.0,0.029688656629133114,0.8199999928474426,0.5608956467464739,0.4321613311767578,28.00088538928685,0.9259090507836171,0.006863740730929435,0.0,0.0,0.050098811817101824,0.7209543339068596,146.48930523643511,66.07125854492188,2,0.0,0.0,0,0.012199584128593587,50.9771,-28.0009,0.721,0.721,0.0,0.0
49,2,21.5224515,17.490715634551492,26.398899439368783,60.0,76.23645818978778,14.386076997121666,10.02915838089455,4.372678908637873,5.03988856872258,1.1755789518356323,90.69063815073014,0.23032402401830865,0.01137817035323363,0.0,0.0,-0.5312280191651061,10.537527672645476,73.9853944132063,101.24393463134766,3,0.0,0.0,0,3.131692916974041,262.3607,-90.6906,10.5375,10.5375,0.0,0.0,5.797767935712232,4.372678908637873,4.490162926128294,-1.8923516273498535,-143.320022536308,0.30043000362094074,0.039218575879152284,0.0,0.0,-0.038378641650125514,3.7879322908719573,0.0,68.4697494506836,0,0.0,0.0,0,0.0,262.3607,143.32,3.7879,3.7879,0.0,0.0,3.024170876580979,2.4070000648498535,2.592578936224753,0.0,0.0,0.5176134357338568,0.032812108157255715,0.0,0.0,0.05393199474975881,2.83859200520608,79.20755936790682,105.58567810058594,3,0.0,0.0,0,0.003595567688433975,144.42,-0.0,2.8386,2.8386,0.0,0.0,2.3007399400112187,1.3760000467300415,3.1482884490591894,-0.3710371255874634,-28.67815756574373,0.44660671543191405,0.022374534157360404,0.0,0.0,-0.2749065615381687,0.1574144120946075,380.12499665182924,69.70240020751953,3,0.0,0.0,0,0.0,82.56,28.6782,0.1574,0.1574,0.0,0.0,2.518863819787693,0.8209999799728394,1.35802496572098,-0.511345386505127,-38.15035603760771,0.7539075883836374,0.031735983996224015,0.0,0.0,-0.2583779604205136,1.4704934475344253,516.6568138998243,60.0,3,0.0,0.0,0,0.0013402488867205347,49.26,38.1504,1.4705,1.4705,0.0,0.0,0.477411026723191,0.8059999942779541,1.6818447203341902,1.5991551876068115,122.23263212837173,0.7108350160279123,0.0,0.0,0.0,-0.31254334448156257,1.2007214882737662,315.36325221149065,105.58567810058594,2,0.0,0.0,0,0.0,48.36,-122.2326,1.2007,1.2007,0.0,0.0,1.5298331257520572,0.11599999666213989,0.3442046238396089,0.0,0.0,0.9762132598466373,0.05720408810298239,0.0,0.0,0.12027654437554681,1.3016284985745883,192.61554473954322,105.58567810058594,2,0.0,0.0,0,2.2207802515641286,6.96,-0.0,1.3016,1.3016,0.0,0.0,0.7209543339068596,0.20200000703334808,0.4377227057248526,0.0,0.0,0.9537762320102282,0.027867181226611137,0.0,0.0,0.281513734881659,0.48523163521535506,0.0,105.58567810058594,1,0.0,0.0,0,0.0008493946150371091,12.12,-0.0,0.4852,0.4852,0.0,0.0
49,3,20.5969860855,17.6738961374001,21.779541450416254,79.54359436035156,75.03768632594631,20.326524672971136,10.537527672645476,4.418474034350025,4.224951293618351,0.0,0.0,0.24947572675059881,0.019151702732290166,0.0,0.0,-0.42706576339701263,10.731050413377151,0.0,106.86502075195312,2,0.0,0.0,0,6.216402593091811,351.4613,-0.0,10.7311,10.7311,0.6599999999999999,42.89999999999999,3.7879322908719573,4.418474034350025,3.8301629261282937,-1.8429304361343384,-144.798010362068,0.30043000362094074,0.0,0.0,0.0,-0.2559677566493076,2.53331296295935,0.0,106.86502075195312,0,0.0,0.0,0,0.0,351.4613,144.798,2.5333,2.5333,0.6599999999999999,42.89999999999999,2.83859200520608,2.728974030296909,2.369503689360937,-1.7342138290405273,-120.56146824183088,0.541872221701611,0.024258785967754215,0.0,0.0,-0.11121157869110392,1.4638485171015239,323.850923292122,79.54359436035156,3,0.0,0.0,0,0.0,217.0724,120.5615,1.4638,1.4638,0.026821668384683927,1.7434084450044554,0.1574144120946075,4.418474034350025,2.504369645831884,0.0,0.0,0.5098052465702484,0.06319853113833435,0.0,0.0,-0.3889854738347849,2.0715188006127483,382.1813220281242,81.38603210449219,2,0.0,0.0,0,0.0,351.4613,-0.0,2.0715,2.0715,0.13264268631818024,8.621774610681715,1.4704934475344253,1.3914999961853027,0.882910962441691,0.0,0.0,0.8531376213451424,0.09923003296150501,0.0,0.0,0.26533218811249776,1.979082481278037,32.05775132843233,106.86502075195312,2,0.0,0.0,0,0.7582124743045147,110.6849,-0.0,1.9791,1.9791,0.0,0.0,1.2007214882737662,0.0,1.2948234493629134,2.3607449531555176,187.48936105744588,0.769155564413294,0.0583205483853817,0.0,0.0,0.14223715974514056,2.2666429920663704,0.0,60.0,1,0.0,0.0,0,0.3159499136484424,0.0,-187.4894,2.2666,2.2666,0.0,0.0,1.3016284985745883,0.0,0.3442046238396089,1.6611875295639038,116.31811324634828,0.9762132598466373,0.0,0.0,0.0,0.07278235221904204,2.6186114042988833,124.89369497722241,76.35063934326172,3,0.0,0.0,0,19.315915983125038,0.0,-116.3181,2.6186,2.6186,0.0,0.0,0.48523163521535506,0.2980000078678131,0.3223270589783789,-0.44478821754455566,-34.42606321717585,0.9778671812266111,0.024090949216382884,0.0,0.0,0.27057839117146837,0.01611636656023363,78.92824402602594,82.9515151977539,1,0.0,0.0,0,0.0,23.704,34.4261,0.0161,0.0161,0.0,0.0
